DEBUG:root:Starting Flask app...
WARNING:werkzeug:Werkzeug appears to be used in a production deployment. Consider switching to a production web server instead.
 * Serving Flask app 'app'
 * Debug mode: off
INFO:werkzeug:[31m[1mWARNING: This is a development server. Do not use it in a production deployment. Use a production WSGI server instead.[0m
 * Running on all addresses (0.0.0.0)
 * Running on http://127.0.0.1:5000
 * Running on http://192.168.5.55:5000
INFO:werkzeug:[33mPress CTRL+C to quit[0m
INFO:werkzeug:192.168.5.220 - - [14/Apr/2025 09:37:47] "GET /socket.io/?EIO=4&transport=polling&t=POpgNhw HTTP/1.1" 200 -
INFO:werkzeug:192.168.5.220 - - [14/Apr/2025 09:37:47] "POST /socket.io/?EIO=4&transport=polling&t=POpgNiH&sid=28Vyv7RuIXqyg_SzAAAA HTTP/1.1" 200 -
INFO:werkzeug:192.168.5.220 - - [14/Apr/2025 09:37:47] "GET /socket.io/?EIO=4&transport=polling&t=POpgNiI&sid=28Vyv7RuIXqyg_SzAAAA HTTP/1.1" 200 -
DEBUG:root:Starting Flask app...
WARNING:werkzeug:Werkzeug appears to be used in a production deployment. Consider switching to a production web server instead.
 * Serving Flask app 'app'
 * Debug mode: off
Address already in use
Port 5000 is in use by another program. Either identify and stop that program, or start the server with a different port.
ERROR:pyubx2.ubxreader:Unknown protocol header b'\xb5\x02'.
ERROR:pyubx2.ubxreader:Unknown protocol header b'\xd3\xff'.
ERROR:pyubx2.ubxreader:Unknown protocol header b'$\x8a'.
ERROR:pyubx2.ubxreader:Unknown protocol header b'\xd3U'.
ERROR:pyubx2.ubxreader:Unknown protocol header b'$\x00'.
ERROR:pyubx2.ubxreader:Unknown protocol header b"\xb5'".
ERROR:pyubx2.ubxreader:Unknown protocol header b"\xb5'".
ERROR:pyubx2.ubxreader:Unknown protocol header b'\xb5\x02'.
ERROR:pyubx2.ubxreader:Unknown protocol header b'$\x13'.
ERROR:pyubx2.ubxreader:Unknown protocol header b'\xd3B'.
ERROR:pyubx2.ubxreader:Unknown protocol header b'\xd3\xee'.
ERROR:pyubx2.ubxreader:Unknown protocol header b'$\x80'.
ERROR:pyubx2.ubxreader:Unknown protocol header b'\xb5\r'.
ERROR:pyubx2.ubxreader:Unknown protocol header b'\xb5\x80'.
ERROR:pyubx2.ubxreader:Unknown protocol header b'\xd3E'.
ERROR:pyubx2.ubxreader:Unknown protocol header b'\xb5\xaa'.
ERROR:pyubx2.ubxreader:Unknown protocol header b'$\xb8'.
ERROR:pyubx2.ubxreader:Unknown protocol header b'\xd3\x9e'.
ERROR:pyubx2.ubxreader:Unknown protocol header b'$\x04'.
ERROR:pyubx2.ubxreader:Unknown protocol header b'\xd3\xc4'.
ERROR:pyubx2.ubxreader:Unknown protocol header b'$\x05'.
ERROR:pyubx2.ubxreader:Unknown protocol header b'$\x03'.
ERROR:pyubx2.ubxreader:Unknown protocol header b'\xd3\xd2'.
ERROR:pyubx2.ubxreader:Unknown protocol header b'\xb5\x02'.
ERROR:pyubx2.ubxreader:Unknown protocol header b'\xb5\x18'.
ERROR:pyubx2.ubxreader:Unknown protocol header b'\xb5\x13'.
ERROR:pyubx2.ubxreader:Unknown protocol header b'\xb5\x02'.
ERROR:pyubx2.ubxreader:Unknown protocol header b'\xb5\x02'.
ERROR:pyubx2.ubxreader:Message checksum b'3,' invalid - should be b'\xe4\xed'
ERROR:pyubx2.ubxreader:Unknown protocol header b'$Q'.
ERROR:pyubx2.ubxreader:Unknown protocol header b'$\t'.
ERROR:pyubx2.ubxreader:Unknown protocol header b'$\x00'.
ERROR:pyubx2.ubxreader:Unknown protocol header b'\xb5\x01'.
ERROR:pyubx2.ubxreader:Unknown protocol header b'$\x05'.
ERROR:pyubx2.ubxreader:Unknown protocol header b'$\x00'.
ERROR:pyubx2.ubxreader:Unknown protocol header b'$\x00'.
ERROR:pyubx2.ubxreader:Unknown protocol header b'\xb5\x01'.
ERROR:pyubx2.ubxreader:Unknown protocol header b'\xb5\x01'.
ERROR:pyubx2.ubxreader:Unknown protocol header b'$\xfa'.
ERROR:pyubx2.ubxreader:Message checksum b'\xb5b' invalid - should be b'\x8b\xdc'
ERROR:pyubx2.ubxreader:Message checksum b'\x07\xf2' invalid - should be b'8\xcc'
ERROR:pyubx2.ubxreader:Unknown protocol header b'\xb5\x01'.
ERROR:pyubx2.ubxreader:Unknown protocol header b'\xb5\x01'.
ERROR:pyubx2.ubxreader:Unknown protocol header b'\xb5\x01'.
ERROR:pyubx2.ubxreader:Unknown protocol header b'\xb5\x01'.
ERROR:pyubx2.ubxreader:Unknown protocol header b'\xb5\x01'.
ERROR:pyubx2.ubxreader:Message checksum b'\x07\x80' invalid - should be b'\x0e\xc4'
ERROR:pyubx2.ubxreader:Unknown protocol header b'\xb5\x01'.
ERROR:pyubx2.ubxreader:Unknown protocol header b'\xb5\x01'.
ERROR:pyubx2.ubxreader:Message checksum b'\x98\xb5' invalid - should be b'\xdc\xfd'
ERROR:pyubx2.ubxreader:Unknown protocol header b'\xb5\x01'.
ERROR:pyubx2.ubxreader:Unknown protocol header b'\xb5\x01'.
ERROR:pyubx2.ubxreader:Unknown protocol header b'\xb5\x01'.
ERROR:pyubx2.ubxreader:Unknown protocol header b'\xb5\x01'.
ERROR:pyubx2.ubxreader:Message checksum b'\xd2\xb5' invalid - should be b'8\x8f'
ERROR:pyubx2.ubxreader:Unknown protocol header b'\xb5\x02'.
ERROR:pyubx2.ubxreader:Unknown protocol header b'\xd3\xfa'.
ERROR:pyubx2.ubxreader:Unknown protocol header b'\xb5\x02'.
ERROR:pyubx2.ubxreader:Unknown protocol header b'\xb5\xfa'.
ERROR:pyubx2.ubxreader:Unknown protocol header b'\xb5\x02'.
ERROR:pyubx2.ubxreader:Unknown protocol header b'\xb5\xfa'.
ERROR:pyubx2.ubxreader:Unknown protocol header b'\xb5\x02'.
ERROR:pyubx2.ubxreader:Unknown protocol header b'\xb5\xfa'.
ERROR:pyubx2.ubxreader:Unknown protocol header b'\xb5\x02'.
ERROR:pyubx2.ubxreader:Unknown protocol header b'\xb5\xfa'.
ERROR:pyubx2.ubxreader:Unknown protocol header b'\xb5\x02'.
ERROR:pyubx2.ubxreader:Unknown protocol header b'\xb5\xfa'.
ERROR:pyubx2.ubxreader:Unknown protocol header b'\xb5\x02'.
ERROR:pyubx2.ubxreader:Unknown protocol header b'\xb5\xfa'.
ERROR:pyubx2.ubxreader:Unknown protocol header b'\xb5\x02'.
ERROR:pyubx2.ubxreader:Unknown protocol header b'\xb5\xfa'.
ERROR:pyubx2.ubxreader:Unknown protocol header b'\xb5\x02'.
ERROR:pyubx2.ubxreader:Unknown protocol header b'\xb5\xfa'.
ERROR:pyubx2.ubxreader:Unknown protocol header b'\xb5\x02'.
ERROR:pyubx2.ubxreader:Unknown protocol header b'\xb5\xfa'.
ERROR:pyubx2.ubxreader:Unknown protocol header b'\xb5\x02'.
ERROR:pyubx2.ubxreader:Unknown protocol header b'\xb5\xfa'.
ERROR:pyubx2.ubxreader:Unknown protocol header b'\xb5\x02'.
ERROR:pyubx2.ubxreader:Unknown protocol header b'\xb5\xfa'.
ERROR:pyubx2.ubxreader:Unknown protocol header b'\xb5\x02'.
ERROR:pyubx2.ubxreader:Unknown protocol header b'\xb5\xfa'.
ERROR:pyubx2.ubxreader:Unknown protocol header b'\xb5\x02'.
ERROR:pyubx2.ubxreader:Unknown protocol header b'\xb5\xfa'.
ERROR:pyubx2.ubxreader:Unknown protocol header b'\xb5\x02'.
ERROR:pyubx2.ubxreader:Unknown protocol header b'\xb5\xfa'.
ERROR:pyubx2.ubxreader:Unknown protocol header b'\xb5\x02'.
ERROR:pyubx2.ubxreader:Unknown protocol header b'$\xf3'.
ERROR:pyubx2.ubxreader:Unknown protocol header b'\xd3\xff'.
ERROR:pyubx2.ubxreader:Unknown protocol header b'\xb5\xff'.
ERROR:pyubx2.ubxreader:Unknown protocol header b'\xd3\x07'.
ERROR:pyubx2.ubxreader:Unknown protocol header b"\xb5'".
ERROR:pyubx2.ubxreader:Unknown protocol header b"\xb5'".
ERROR:pyubx2.ubxreader:Unknown protocol header b'\xb5\x02'.
ERROR:pyubx2.ubxreader:Unknown protocol header b'$\xc5'.
ERROR:pyubx2.ubxreader:Unknown protocol header b'$\x84'.
ERROR:pyubx2.ubxreader:Unknown protocol header b'$\x03'.
ERROR:pyubx2.ubxreader:Unknown protocol header b'$\x04'.
ERROR:pyubx2.ubxreader:Unknown protocol header b'\xb5\x81'.
ERROR:pyubx2.ubxreader:Unknown protocol header b'$\x03'.
ERROR:pyubx2.ubxreader:Unknown protocol header b'\xb5\x01'.
ERROR:pyubx2.ubxreader:Unknown protocol header b'\xb5\x01'.
ERROR:pyubx2.ubxreader:Unknown protocol header b'\xb5\x01'.
ERROR:pyubx2.ubxreader:Unknown protocol header b'\xb5\x01'.
ERROR:pyubx2.ubxreader:Unknown protocol header b'\xb5\x01'.
ERROR:pyubx2.ubxreader:Unknown protocol header b'$\x00'.
ERROR:pyubx2.ubxreader:Unknown protocol header b'\xb5\x01'.
ERROR:pyubx2.ubxreader:Unknown protocol header b'\xb5\x01'.
ERROR:pyubx2.ubxreader:Unknown protocol header b'$\x00'.
ERROR:pyubx2.ubxreader:Unknown protocol header b'$Q'.
ERROR:pyubx2.ubxreader:Unknown protocol header b'$Q'.
ERROR:pyubx2.ubxreader:Unknown protocol header b'$%'.
ERROR:pyubx2.ubxreader:Unknown protocol header b'$\x00'.
ERROR:pyubx2.ubxreader:Unknown protocol header b'$\x00'.
ERROR:pyubx2.ubxreader:Unknown protocol header b'\xb5\x01'.
ERROR:pyubx2.ubxreader:Unknown protocol header b'$\x05'.
ERROR:pyubx2.ubxreader:Unknown protocol header b'$\x00'.
ERROR:pyubx2.ubxreader:Unknown protocol header b'\xb5\x01'.
ERROR:pyubx2.ubxreader:Unknown protocol header b'$\x00'.
ERROR:pyubx2.ubxreader:Unknown protocol header b'$\x00'.
ERROR:pyubx2.ubxreader:Unknown protocol header b'$\x00'.
ERROR:pyubx2.ubxreader:Unknown protocol header b'\xb5\x01'.
ERROR:pyubx2.ubxreader:Unknown protocol header b'\xb5\x01'.
ERROR:pyubx2.ubxreader:Unknown protocol header b'$\xe5'.
ERROR:pyubx2.ubxreader:Unknown protocol header b'$$'.
ERROR:pyubx2.ubxreader:Message checksum b'3,' invalid - should be b'\t\x0f'
ERROR:pyubx2.ubxreader:Unknown protocol header b'$,'.
ERROR:pyubx2.ubxreader:Unknown protocol header b'$,'.
ERROR:pyubx2.ubxreader:Message checksum b'\x01\x83' invalid - should be b'7\x84'
ERROR:pyubx2.ubxreader:Unknown protocol header b'$\t'.
ERROR:pyubx2.ubxreader:Unknown protocol header b'$\x05'.
ERROR:pyubx2.ubxreader:Message checksum b'S\xb5' invalid - should be b'\xca\xac'
ERROR:pyubx2.ubxreader:Unknown protocol header b'$\x00'.
ERROR:pyubx2.ubxreader:Message checksum b'C\xb5' invalid - should be b'\x9a\xc9'
ERROR:pyubx2.ubxreader:Message checksum b'\xa87' invalid - should be b'0\xb0'
ERROR:pyubx2.ubxreader:Message checksum b'\xca\xb5' invalid - should be b'@\xd2'
ERROR:pyubx2.ubxreader:Unknown protocol header b'$\x00'.
ERROR:pyubx2.ubxreader:Unknown protocol header b'\xb5\x01'.
ERROR:pyubx2.ubxreader:Unknown protocol header b'\xb5\x00'.
ERROR:pyubx2.ubxreader:Message checksum b'l\xb5' invalid - should be b'v\xa3'
ERROR:pyubx2.ubxreader:Unknown protocol header b'\xb5\x01'.
ERROR:pyubx2.ubxreader:Unknown protocol header b'\xb5\x01'.
ERROR:pyubx2.ubxreader:Unknown protocol header b'\xb5\x00'.
ERROR:pyubx2.ubxreader:Message checksum b'\xd4\xb5' invalid - should be b'\x08\xbe'
ERROR:pyubx2.ubxreader:Message checksum b'\x8e\xb5' invalid - should be b'\x9e\xc8'
ERROR:pyubx2.ubxreader:Unknown protocol header b'\xb5\x01'.
ERROR:pyubx2.ubxreader:Unknown protocol header b'\xb5\x01'.
ERROR:pyubx2.ubxreader:Message checksum b'4\xb5' invalid - should be b'\x98f'
ERROR:pyubx2.ubxreader:Unknown protocol header b'\xb5\x9b'.
ERROR:pyubx2.ubxreader:Unknown protocol header b'\xb5\xd7'.
ERROR:pyubx2.ubxreader:Unknown protocol header b'$\xff'.
ERROR:pyubx2.ubxreader:Unknown protocol header b'\xd3\xa1'.
ERROR:pyubx2.ubxreader:Unknown protocol header b'$\xf7'.
ERROR:pyubx2.ubxreader:Unknown protocol header b'$\x17'.
ERROR:pyubx2.ubxreader:Unknown protocol header b'$7'.
ERROR:pyubx2.ubxreader:Unknown protocol header b'\xd3\xa1'.
ERROR:pyubx2.ubxreader:Unknown protocol header b'$y'.
ERROR:pyubx2.ubxreader:Unknown protocol header b'$\xd7'.
ERROR:pyubx2.ubxreader:Unknown protocol header b'$\xd7'.
ERROR:pyubx2.ubxreader:Unknown protocol header b'$y'.
ERROR:pyubx2.ubxreader:Unknown protocol header b'\xd3]'.
ERROR:pyubx2.ubxreader:Unknown protocol header b'\xd3\xa1'.
ERROR:pyubx2.ubxreader:Unknown protocol header b'\xd3\xff'.
ERROR:pyubx2.ubxreader:Unknown protocol header b'\xd3\xb7'.
ERROR:pyubx2.ubxreader:Message checksum b'5\xb5' invalid - should be b'\xe7\xaf'
ERROR:pyubx2.ubxreader:Message checksum b'\x87\xb5' invalid - should be b'\x8fA'
ERROR:pyubx2.ubxreader:Unknown protocol header b'\xb5\x80'.
ERROR:pyubx2.ubxreader:Message checksum b'\xcf\xb5' invalid - should be b'C='
ERROR:pyubx2.ubxreader:Unknown protocol header b'\xb5<'.
ERROR:pyubx2.ubxreader:Message checksum b'\x92\xb5' invalid - should be b'5\xf2'
ERROR:pyubx2.ubxreader:Unknown protocol header b'\xb5<'.
ERROR:pyubx2.ubxreader:Message checksum b'\xbd\xb5' invalid - should be b'C+'
ERROR:pyubx2.ubxreader:Unknown protocol header b'\xb5<'.
ERROR:pyubx2.ubxreader:Unknown protocol header b'\xb50'.
ERROR:pyubx2.ubxreader:Unknown protocol header b'\xb5<'.
ERROR:pyubx2.ubxreader:Message checksum b'\xec\xb5' invalid - should be b'9P'
ERROR:pyubx2.ubxreader:Unknown protocol header b'\xb5<'.
ERROR:pyubx2.ubxreader:Message checksum b'\x00\x00' invalid - should be b'G\xd9'
ERROR:pyubx2.ubxreader:Unknown protocol header b'\xb5\x02'.
ERROR:pyubx2.ubxreader:Message checksum b'\x14b' invalid - should be b'\xf9\xb7'
ERROR:pyubx2.ubxreader:Unknown protocol header b'$#'.
ERROR:pyubx2.ubxreader:Unknown protocol header b'\xd3\xff'.
ERROR:pyubx2.ubxreader:Unknown protocol header b'\xb5\x00'.
ERROR:pyubx2.ubxreader:Unknown protocol header b'\xb5j'.
ERROR:pyubx2.ubxreader:Message checksum b'Q\x19' invalid - should be b'\xe8~'
ERROR:pyubx2.ubxreader:Message checksum b'\xf9\xff' invalid - should be b'J\xd3'
ERROR:pyubx2.ubxreader:Message checksum b'\xd5$' invalid - should be b'\xac\xaa'
ERROR:pyubx2.ubxreader:Unknown protocol header b'$Q'.
ERROR:pyubx2.ubxreader:Unknown protocol header b'$+'.
ERROR:pyubx2.ubxreader:Unknown protocol header b'$\x00'.
ERROR:pyubx2.ubxreader:Unknown protocol header b'\xb5\x01'.
ERROR:pyubx2.ubxreader:Unknown protocol header b'$\x9c'.
ERROR:pyubx2.ubxreader:Message checksum b'\xb5b' invalid - should be b'\xdb\xdd'
ERROR:pyubx2.ubxreader:Unknown protocol header b'\xb5\x01'.
ERROR:pyubx2.ubxreader:Unknown protocol header b'\xb5\x01'.
ERROR:pyubx2.ubxreader:Unknown protocol header b'$\x14'.
ERROR:pyubx2.ubxreader:Unknown protocol header b'\xb5\x01'.
ERROR:pyubx2.ubxreader:Unknown protocol header b'\xb5\x02'.
ERROR:pyubx2.ubxreader:Unknown protocol header b'\xb5\x13'.
ERROR:pyubx2.ubxreader:Unknown protocol header b'\xb5\xb5'.
ERROR:pyubx2.ubxreader:Unknown protocol header b'\xb5\xb5'.
ERROR:pyubx2.ubxreader:Unknown protocol header b'\xb5\x00'.
ERROR:pyubx2.ubxreader:Message checksum b'\x00\x00' invalid - should be b'\xef\x84'
ERROR:pyubx2.ubxreader:Unknown protocol header b'\xb5\n'.
ERROR:pyubx2.ubxreader:Unknown protocol header b'$\x00'.
ERROR:pyubx2.ubxreader:Unknown protocol header b'\xb5\n'.
ERROR:pyubx2.ubxreader:Unknown protocol header b'\xb5\n'.
ERROR:pyubx2.ubxreader:Unknown protocol header b'\xb5\n'.
ERROR:pyubx2.ubxreader:Unknown protocol header b'$\x02'.
ERROR:pyubx2.ubxreader:Unknown protocol header b'\xb5\x02'.
ERROR:pyubx2.ubxreader:Unknown protocol header b'$\x01'.
ERROR:pyubx2.ubxreader:Unknown protocol header b'$\xff'.
ERROR:pyubx2.ubxreader:Unknown protocol header b"\xb5'".
ERROR:pyubx2.ubxreader:Unknown protocol header b"\xb5'".
ERROR:pyubx2.ubxreader:Unknown protocol header b'\xb5\x02'.
ERROR:pyubx2.ubxreader:Unknown protocol header b'\xb5\x17'.
ERROR:pyubx2.ubxreader:Unknown protocol header b'$\x00'.
ERROR:pyubx2.ubxreader:Unknown protocol header b'\xb5A'.
ERROR:pyubx2.ubxreader:Unknown protocol header b'\xb5\xb8'.
ERROR:pyubx2.ubxreader:Unknown protocol header b'\xd3\x06'.
ERROR:pyubx2.ubxreader:Unknown protocol header b'$\xe0'.
ERROR:pyubx2.ubxreader:Unknown protocol header b'\xb5\x02'.
ERROR:pyubx2.ubxreader:Unknown protocol header b'\xb5\x02'.
ERROR:pyubx2.ubxreader:Unknown protocol header b'\xb5\x02'.
ERROR:pyubx2.ubxreader:Unknown protocol header b'\xb5\x02'.
ERROR:pyubx2.ubxreader:Unknown protocol header b'\xb5\x02'.
ERROR:pyubx2.ubxreader:Unknown protocol header b'\xb5\x02'.
ERROR:pyubx2.ubxreader:Unknown protocol header b'\xb5\x02'.
ERROR:pyubx2.ubxreader:Unknown protocol header b'\xb5\x02'.
ERROR:pyubx2.ubxreader:Unknown protocol header b'\xb5\x02'.
ERROR:pyubx2.ubxreader:Unknown protocol header b'\xb5\x02'.
ERROR:pyubx2.ubxreader:Unknown protocol header b'\xb5\x02'.
ERROR:pyubx2.ubxreader:Unknown protocol header b'\xb5\x02'.
ERROR:pyubx2.ubxreader:Unknown protocol header b'\xb5\x02'.
ERROR:pyubx2.ubxreader:Unknown protocol header b'\xb5\x02'.
ERROR:pyubx2.ubxreader:Unknown protocol header b'\xb5\x02'.
ERROR:pyubx2.ubxreader:Unknown protocol header b'\xb5\x02'.
ERROR:pyubx2.ubxreader:Unknown protocol header b'\xb5\x02'.
ERROR:pyubx2.ubxreader:Unknown protocol header b'\xb5\x02'.
ERROR:pyubx2.ubxreader:Unknown protocol header b'\xb5\x02'.
ERROR:pyubx2.ubxreader:Unknown protocol header b'\xb5\x02'.
ERROR:pyubx2.ubxreader:Unknown protocol header b'\xb5\x02'.
ERROR:pyubx2.ubxreader:Unknown protocol header b'\xb5\x01'.
ERROR:pyubx2.ubxreader:Unknown protocol header b'\xb5\x01'.
ERROR:pyubx2.ubxreader:Unknown protocol header b'\xb5\x01'.
ERROR:pyubx2.ubxreader:Unknown protocol header b'\xb5\x01'.
ERROR:pyubx2.ubxreader:Unknown protocol header b'\xb5\x01'.
ERROR:pyubx2.ubxreader:Unknown protocol header b'$\x00'.
ERROR:pyubx2.ubxreader:Unknown protocol header b'\xb5\x01'.
ERROR:pyubx2.ubxreader:Unknown protocol header b'\xb5\x01'.
ERROR:pyubx2.ubxreader:Unknown protocol header b'$\x00'.
ERROR:pyubx2.ubxreader:Unknown protocol header b'$+'.
ERROR:pyubx2.ubxreader:Unknown protocol header b'$\x00'.
ERROR:pyubx2.ubxreader:Unknown protocol header b'\xb5\x01'.
ERROR:pyubx2.ubxreader:Unknown protocol header b'$\x05'.
ERROR:pyubx2.ubxreader:Unknown protocol header b'$\x00'.
ERROR:pyubx2.ubxreader:Unknown protocol header b'\xb5\x01'.
ERROR:pyubx2.ubxreader:Unknown protocol header b'$\x00'.
ERROR:pyubx2.ubxreader:Unknown protocol header b'\xb5\x01'.
ERROR:pyubx2.ubxreader:Unknown protocol header b'\xb5\x01'.
ERROR:pyubx2.ubxreader:Unknown protocol header b'\xb5\x01'.
ERROR:pyubx2.ubxreader:Unknown protocol header b'\xb5\x01'.
ERROR:pyubx2.ubxreader:Unknown protocol header b'\xb5\x01'.
ERROR:pyubx2.ubxreader:Unknown protocol header b'$\x14'.
ERROR:pyubx2.ubxreader:Unknown protocol header b'\xb5\x01'.
ERROR:pyubx2.ubxreader:Unknown protocol header b'\xb5\x01'.
ERROR:pyubx2.ubxreader:Unknown protocol header b'\xb5\x01'.
ERROR:pyubx2.ubxreader:Unknown protocol header b'\xb5\x01'.
ERROR:pyubx2.ubxreader:Unknown protocol header b'\xb5\x01'.
ERROR:pyubx2.ubxreader:Unknown protocol header b'\xb5\x01'.
ERROR:pyubx2.ubxreader:Unknown protocol header b'\xb5\x01'.
ERROR:pyubx2.ubxreader:Unknown protocol header b'\xb5\x01'.
ERROR:pyubx2.ubxreader:Unknown protocol header b'\xb5\x01'.
ERROR:pyubx2.ubxreader:Unknown protocol header b'\xd3\x90'.
ERROR:pyubx2.ubxreader:Unknown protocol header b'\xb5\x01'.
ERROR:pyubx2.ubxreader:Unknown protocol header b'\xb5\x01'.
ERROR:pyubx2.ubxreader:Unknown protocol header b'\xb5\x01'.
ERROR:pyubx2.ubxreader:Unknown protocol header b'\xb5\x01'.
ERROR:pyubx2.ubxreader:Unknown protocol header b'\xb5\x01'.
ERROR:pyubx2.ubxreader:Unknown protocol header b"\xb5'".
ERROR:pyubx2.ubxreader:Unknown protocol header b'\xb5\xd1'.
ERROR:pyubx2.ubxreader:Unknown protocol header b'\xb5$'.
ERROR:pyubx2.ubxreader:Unknown protocol header b'$\xd7'.
ERROR:pyubx2.ubxreader:Unknown protocol header b'\xd3\x11'.
ERROR:pyubx2.ubxreader:Unknown protocol header b'$u'.
ERROR:pyubx2.ubxreader:Unknown protocol header b'$\x17'.
ERROR:pyubx2.ubxreader:Unknown protocol header b'$7'.
ERROR:pyubx2.ubxreader:Unknown protocol header b'$.'.
ERROR:pyubx2.ubxreader:Unknown protocol header b'\xd3q'.
ERROR:pyubx2.ubxreader:Unknown protocol header b'$.'.
ERROR:pyubx2.ubxreader:Unknown protocol header b'$.'.
ERROR:pyubx2.ubxreader:Unknown protocol header b'$\x17'.
ERROR:pyubx2.ubxreader:Unknown protocol header b'$\xd7'.
ERROR:pyubx2.ubxreader:Unknown protocol header b'$\xd7'.
ERROR:pyubx2.ubxreader:Unknown protocol header b'$\xf7'.
ERROR:pyubx2.ubxreader:Unknown protocol header b'$.'.
Error in atexit._run_exitfuncs:
Traceback (most recent call last):
  File "/usr/lib/python3.8/multiprocessing/popen_fork.py", line 27, in poll
    pid, sts = os.waitpid(self.pid, flag)
KeyboardInterrupt
Error in get ublox data thread: device reports readiness to read but returned no data (device disconnected or multiple access on port?)
Error in get ublox data thread: device reports readiness to read but returned no data (device disconnected or multiple access on port?)
Process Process-1:
Traceback (most recent call last):
  File "/usr/lib/python3.8/multiprocessing/process.py", line 315, in _bootstrap
    self.run()
  File "/usr/lib/python3.8/multiprocessing/process.py", line 108, in run
    self._target(*self._args, **self._kwargs)
  File "app.py", line 86, in read_serial
    raw_data_2, parsed_data_2 = ubr2.read()
  File "/home/firefly/.local/lib/python3.8/site-packages/pyubx2/ubxreader.py", line 150, in read
    byte1 = self._read_bytes(1)  # read the first byte
  File "/home/firefly/.local/lib/python3.8/site-packages/pyubx2/ubxreader.py", line 301, in _read_bytes
    data = self._stream.read(size)
  File "/home/firefly/.local/lib/python3.8/site-packages/serial/serialposix.py", line 565, in read
    ready, _, _ = select.select([self.fd, self.pipe_abort_read_r], [], [], timeout.time_left())
KeyboardInterrupt
INFO:werkzeug:192.168.5.70 - - [14/Apr/2025 09:37:52] "GET /socket.io/?EIO=4&transport=polling&t=POpgO_P HTTP/1.1" 200 -
INFO:werkzeug:192.168.5.70 - - [14/Apr/2025 09:37:52] "POST /socket.io/?EIO=4&transport=polling&t=POpgO_h&sid=Yar6lGWd5v2-uAT7AAAC HTTP/1.1" 200 -
INFO:werkzeug:192.168.5.70 - - [14/Apr/2025 09:37:52] "GET /socket.io/?EIO=4&transport=polling&t=POpgO_h.0&sid=Yar6lGWd5v2-uAT7AAAC HTTP/1.1" 200 -
INFO:werkzeug:192.168.5.70 - - [14/Apr/2025 09:37:52] "GET /socket.io/?EIO=4&transport=polling&t=POpgP07&sid=Yar6lGWd5v2-uAT7AAAC HTTP/1.1" 200 -
ERROR:pyubx2.ubxreader:Unknown protocol header b'\xb5\x01'.
ERROR:pyubx2.ubxreader:Message checksum b'\x00\x00' invalid - should be b"'\x11"
ERROR:pyubx2.ubxreader:Unknown protocol header b'\xb5\n'.
ERROR:pyubx2.ubxreader:Unknown protocol header b'$\x02'.
ERROR:pyubx2.ubxreader:Unknown protocol header b'\xb5\x02'.
ERROR:pyubx2.ubxreader:Unknown protocol header b'\xb5\x03'.
ERROR:pyubx2.ubxreader:Unknown protocol header b'\xd3\x87'.
ERROR:pyubx2.ubxreader:Unknown protocol header b'\xb5\x05'.
ERROR:pyubx2.ubxreader:Unknown protocol header b"\xb5'".
ERROR:pyubx2.ubxreader:Unknown protocol header b'\xd3\xb5'.
ERROR:pyubx2.ubxreader:Unknown protocol header b'\xd3\xfc'.
ERROR:pyubx2.ubxreader:Unknown protocol header b'$\xc3'.
ERROR:pyubx2.ubxreader:Unknown protocol header b'\xd3\x9b'.
ERROR:pyubx2.ubxreader:Unknown protocol header b'$\xb3'.
ERROR:pyubx2.ubxreader:Unknown protocol header b'$\x03'.
ERROR:pyubx2.ubxreader:Unknown protocol header b'\xb5\x84'.
ERROR:pyubx2.ubxreader:Unknown protocol header b'$\xb5'.
ERROR:pyubx2.ubxreader:Unknown protocol header b'\xd3\xff'.
ERROR:pyubx2.ubxreader:Unknown protocol header b'$\x00'.
ERROR:pyubx2.ubxreader:Unknown protocol header b'$\x00'.
ERROR:pyubx2.ubxreader:Message checksum b'b\x01' invalid - should be b'\x13\xab'
ERROR:pyubx2.ubxreader:Unknown protocol header b'$\x05'.
ERROR:pyubx2.ubxreader:Unknown protocol header b'$\xd2'.
ERROR:pyubx2.ubxreader:Unknown protocol header b'$\x07'.
ERROR:pyubx2.ubxreader:Message checksum b'\xff/' invalid - should be b'f\xdc'
ERROR:pyubx2.ubxreader:Unknown protocol header b'$+'.
ERROR:pyubx2.ubxreader:Unknown protocol header b'$\x00'.
ERROR:pyubx2.ubxreader:Unknown protocol header b'\xb5\x01'.
ERROR:pyubx2.ubxreader:Unknown protocol header b'\xb5\x01'.
ERROR:pyubx2.ubxreader:Unknown protocol header b'\xb5\x01'.
ERROR:pyubx2.ubxreader:Unknown protocol header b'\xb5\x01'.
ERROR:pyubx2.ubxreader:Unknown protocol header b'\xb5\x01'.
ERROR:pyubx2.ubxreader:Unknown protocol header b"\xb5'".
ERROR:pyubx2.ubxreader:Unknown protocol header b'$\xd7'.
ERROR:pyubx2.ubxreader:Unknown protocol header b'\xd3q'.
ERROR:pyubx2.ubxreader:Unknown protocol header b'$\x83'.
ERROR:pyubx2.ubxreader:Unknown protocol header b'$\x17'.
ERROR:pyubx2.ubxreader:Unknown protocol header b'\xd3u'.
ERROR:pyubx2.ubxreader:Unknown protocol header b'\xb5\x02'.
ERROR:pyubx2.ubxreader:Unknown protocol header b'\xb5\x13'.
ERROR:pyubx2.ubxreader:Unknown protocol header b'\xb5\x13'.
ERROR:pyubx2.ubxreader:Unknown protocol header b'\xb5\x13'.
ERROR:pyubx2.ubxreader:Unknown protocol header b'\xb5\x02'.
ERROR:pyubx2.ubxreader:Unknown protocol header b'\xb5\x06'.
ERROR:pyubx2.ubxreader:Unknown protocol header b'\xb5\x02'.
ERROR:pyubx2.ubxreader:Unknown protocol header b"\xb5'".
ERROR:pyubx2.ubxreader:Unknown protocol header b'\xb5\x02'.
ERROR:pyubx2.ubxreader:Unknown protocol header b'$\x03'.
ERROR:pyubx2.ubxreader:Unknown protocol header b'\xd3\xa4'.
ERROR:pyubx2.ubxreader:Unknown protocol header b'$\xc5'.
ERROR:pyubx2.ubxreader:Unknown protocol header b'\xb53'.
ERROR:pyubx2.ubxreader:Unknown protocol header b'\xb5\x0c'.
ERROR:pyubx2.ubxreader:Unknown protocol header b'\xb5z'.
ERROR:pyubx2.ubxreader:Unknown protocol header b'\xd3\xc4'.
ERROR:pyubx2.ubxreader:Unknown protocol header b'\xd3\x98'.
ERROR:pyubx2.ubxreader:Unknown protocol header b'$\xc3'.
ERROR:pyubx2.ubxreader:Unknown protocol header b'\xb5\x01'.
ERROR:pyubx2.ubxreader:Unknown protocol header b'\xb5\x01'.
ERROR:pyubx2.ubxreader:Unknown protocol header b'\xb5\x01'.
ERROR:pyubx2.ubxreader:Unknown protocol header b'\xb5\x01'.
ERROR:pyubx2.ubxreader:Unknown protocol header b'$\xfe'.
ERROR:pyubx2.ubxreader:Unknown protocol header b'\xb5\x01'.
ERROR:pyubx2.ubxreader:Unknown protocol header b'$+'.
ERROR:pyubx2.ubxreader:Unknown protocol header b'$\x00'.
ERROR:pyubx2.ubxreader:Unknown protocol header b'$\x05'.
ERROR:pyubx2.ubxreader:Unknown protocol header b'$\xd2'.
ERROR:pyubx2.ubxreader:Unknown protocol header b'\xb5\x01'.
ERROR:pyubx2.ubxreader:Unknown protocol header b'$\x00'.
ERROR:pyubx2.ubxreader:Unknown protocol header b'$\x00'.
ERROR:pyubx2.ubxreader:Unknown protocol header b'\xb5\x01'.
ERROR:pyubx2.ubxreader:Unknown protocol header b'\xb5\x01'.
ERROR:pyubx2.ubxreader:Unknown protocol header b'\xb5\x01'.
ERROR:pyubx2.ubxreader:Unknown protocol header b'\xb5\x01'.
ERROR:pyubx2.ubxreader:Unknown protocol header b'\xb5\x01'.
ERROR:pyubx2.ubxreader:Unknown protocol header b'\xb5\x01'.
ERROR:pyubx2.ubxreader:Unknown protocol header b'\xb5\x01'.
ERROR:pyubx2.ubxreader:Unknown protocol header b'\xb5\x01'.
ERROR:pyubx2.ubxreader:Unknown protocol header b'\xb5\x01'.
ERROR:pyubx2.ubxreader:Unknown protocol header b'\xb5\x01'.
ERROR:pyubx2.ubxreader:Unknown protocol header b'\xb5\x01'.
ERROR:pyubx2.ubxreader:Unknown protocol header b'\xb5\x01'.
ERROR:pyubx2.ubxreader:Message checksum b'V\xb5' invalid - should be b'\\;'
ERROR:pyubx2.ubxreader:Message checksum b'\xe7\xb5' invalid - should be b'\xc1\xeb'
ERROR:pyubx2.ubxreader:Message checksum b'\x96\xb5' invalid - should be b'\x15\xe0'
ERROR:pyubx2.ubxreader:Unknown protocol header b'\xb5\xa4'.
ERROR:pyubx2.ubxreader:Unknown protocol header b'$\xd7'.
ERROR:pyubx2.ubxreader:Unknown protocol header b'\xd3\xa1'.
ERROR:pyubx2.ubxreader:Unknown protocol header b'$\xf7'.
ERROR:pyubx2.ubxreader:Unknown protocol header b'$7'.
ERROR:pyubx2.ubxreader:Unknown protocol header b'\xd3q'.
ERROR:pyubx2.ubxreader:Unknown protocol header b'$\xff'.
ERROR:pyubx2.ubxreader:Unknown protocol header b'\xd3\x1d'.
ERROR:pyubx2.ubxreader:Unknown protocol header b'\xd3U'.
ERROR:pyubx2.ubxreader:Unknown protocol header b'$\x99'.
ERROR:pyubx2.ubxreader:Unknown protocol header b'\xd3u'.
ERROR:pyubx2.ubxreader:Unknown protocol header b'\xd3\xa1'.
ERROR:pyubx2.ubxreader:Unknown protocol header b'\xd3\xa1'.
ERROR:pyubx2.ubxreader:Unknown protocol header b'$w'.
ERROR:pyubx2.ubxreader:Message checksum b'\x95\xb5' invalid - should be b'\x92\x9a'
ERROR:pyubx2.ubxreader:Message checksum b'\x00\x00' invalid - should be b'^g'
ERROR:pyubx2.ubxreader:Unknown protocol header b'\xb5\n'.
ERROR:pyubx2.ubxreader:Unknown protocol header b'\xb5\n'.
ERROR:pyubx2.ubxreader:Unknown protocol header b'\xb5\n'.
ERROR:pyubx2.ubxreader:Unknown protocol header b'$\x04'.
ERROR:pyubx2.ubxreader:Unknown protocol header b'\xb5\n'.
ERROR:pyubx2.ubxreader:Unknown protocol header b'\xb5\n'.
ERROR:pyubx2.ubxreader:Unknown protocol header b'\xb5\n'.
ERROR:pyubx2.ubxreader:Unknown protocol header b'$\x01'.
ERROR:pyubx2.ubxreader:Unknown protocol header b'\xd3\x15'.
ERROR:pyubx2.ubxreader:Unknown protocol header b'$\x03'.
ERROR:pyubx2.ubxreader:Unknown protocol header b'$\xff'.
ERROR:pyubx2.ubxreader:Unknown protocol header b'$\xea'.
ERROR:pyubx2.ubxreader:Unknown protocol header b"\xb5'".
ERROR:pyubx2.ubxreader:Unknown protocol header b'\xb5\x02'.
ERROR:pyubx2.ubxreader:Unknown protocol header b'$\xa7'.
ERROR:pyubx2.ubxreader:Unknown protocol header b'$\x03'.
ERROR:pyubx2.ubxreader:Unknown protocol header b'\xd3Y'.
ERROR:pyubx2.ubxreader:Unknown protocol header b'$\xec'.
ERROR:pyubx2.ubxreader:Unknown protocol header b'$\x98'.
ERROR:pyubx2.ubxreader:Unknown protocol header b'$\x03'.
ERROR:pyubx2.ubxreader:Unknown protocol header b'\xb5\x02'.
ERROR:pyubx2.ubxreader:Unknown protocol header b'\xb5\x02'.
ERROR:pyubx2.ubxreader:Unknown protocol header b'\xb5\x02'.
ERROR:pyubx2.ubxreader:Unknown protocol header b'\xb5\x02'.
ERROR:pyubx2.ubxreader:Unknown protocol header b'$\x00'.
ERROR:pyubx2.ubxreader:Unknown protocol header b'\xb5\x02'.
ERROR:pyubx2.ubxreader:Unknown protocol header b'\xb5\x02'.
ERROR:pyubx2.ubxreader:Unknown protocol header b'\xb5\x02'.
ERROR:pyubx2.ubxreader:Unknown protocol header b'\xb5\x01'.
ERROR:pyubx2.ubxreader:Unknown protocol header b'\xb5\x01'.
ERROR:pyubx2.ubxreader:Unknown protocol header b'$\x00'.
ERROR:pyubx2.ubxreader:Unknown protocol header b'\xb5\x01'.
ERROR:pyubx2.ubxreader:Unknown protocol header b'\xb5\x01'.
ERROR:pyubx2.ubxreader:Unknown protocol header b'$\x05'.
ERROR:pyubx2.ubxreader:Unknown protocol header b'$\xd2'.
ERROR:pyubx2.ubxreader:Unknown protocol header b'\xb5\x01'.
ERROR:pyubx2.ubxreader:Unknown protocol header b'$\x00'.
ERROR:pyubx2.ubxreader:Unknown protocol header b'$+'.
ERROR:pyubx2.ubxreader:Unknown protocol header b'$\x00'.
ERROR:pyubx2.ubxreader:Unknown protocol header b'\xb5\x01'.
ERROR:pyubx2.ubxreader:Unknown protocol header b'$\x14'.
ERROR:pyubx2.ubxreader:Unknown protocol header b'$\xf9'.
ERROR:pyubx2.ubxreader:Unknown protocol header b'\xb5\x01'.
ERROR:pyubx2.ubxreader:Unknown protocol header b'\xb5\x01'.
ERROR:pyubx2.ubxreader:Unknown protocol header b'\xb5\x01'.
ERROR:pyubx2.ubxreader:Unknown protocol header b'$;'.
ERROR:pyubx2.ubxreader:Unknown protocol header b'\xb5\x01'.
ERROR:pyubx2.ubxreader:Unknown protocol header b'\xb5\x01'.
ERROR:pyubx2.ubxreader:Unknown protocol header b'\xb5\x01'.
ERROR:pyubx2.ubxreader:Unknown protocol header b"\xb5'".
ERROR:pyubx2.ubxreader:Unknown protocol header b'\xd3Y'.
ERROR:pyubx2.ubxreader:Unknown protocol header b'$\xff'.
ERROR:pyubx2.ubxreader:Unknown protocol header b'$\xf1'.
ERROR:pyubx2.ubxreader:Unknown protocol header b'$u'.
ERROR:pyubx2.ubxreader:Unknown protocol header b'\xd3\xf9'.
ERROR:pyubx2.ubxreader:Message checksum b'\xcb\xc3' invalid - should be b'R:'
ERROR:pyubx2.ubxreader:Unknown protocol header b'$\x17'.
ERROR:pyubx2.ubxreader:Unknown protocol header b'\xd3\x9b'.
ERROR:pyubx2.ubxreader:Unknown protocol header b'$\x86'.
ERROR:pyubx2.ubxreader:Unknown protocol header b'\xd3\xeb'.
ERROR:pyubx2.ubxreader:Unknown protocol header b'$+'.
ERROR:pyubx2.ubxreader:Unknown protocol header b'\xb5\x01'.
ERROR:pyubx2.ubxreader:Unknown protocol header b'$\x00'.
ERROR:pyubx2.ubxreader:Unknown protocol header b'$\x00'.
ERROR:pyubx2.ubxreader:Unknown protocol header b'$\x00'.
ERROR:pyubx2.ubxreader:Unknown protocol header b'\xb5\x01'.
ERROR:pyubx2.ubxreader:Unknown protocol header b'\xb5\x01'.
ERROR:pyubx2.ubxreader:Unknown protocol header b'\xb5\x01'.
ERROR:pyubx2.ubxreader:Unknown protocol header b'\xb5\x01'.
ERROR:pyubx2.ubxreader:Unknown protocol header b'\xb5\x01'.
ERROR:pyubx2.ubxreader:Unknown protocol header b'\xb5\x01'.
ERROR:pyubx2.ubxreader:Unknown protocol header b'\xb5\x01'.
ERROR:pyubx2.ubxreader:Unknown protocol header b'\xb5\x01'.
ERROR:pyubx2.ubxreader:Unknown protocol header b'\xb5\x01'.
ERROR:pyubx2.ubxreader:Unknown protocol header b'\xb5\x01'.
ERROR:pyubx2.ubxreader:Unknown protocol header b'\xb5\x01'.
ERROR:pyubx2.ubxreader:Unknown protocol header b'\xb5\x01'.
ERROR:pyubx2.ubxreader:Unknown protocol header b'\xb5\x01'.
ERROR:pyubx2.ubxreader:Unknown protocol header b'$\x12'.
ERROR:pyubx2.ubxreader:Unknown protocol header b'\xb5\x01'.
ERROR:pyubx2.ubxreader:Unknown protocol header b'\xb5\x01'.
ERROR:pyubx2.ubxreader:Unknown protocol header b'\xb5\x01'.
ERROR:pyubx2.ubxreader:Unknown protocol header b'\xb5$'.
ERROR:pyubx2.ubxreader:Unknown protocol header b'$\xf7'.
ERROR:pyubx2.ubxreader:Unknown protocol header b'\xd3q'.
ERROR:pyubx2.ubxreader:Unknown protocol header b'$\x00'.
ERROR:pyubx2.ubxreader:Message checksum b'\x15\x02' invalid - should be b'~\xc6'
ERROR:pyubx2.ubxreader:Unknown protocol header b'$\x04'.
ERROR:pyubx2.ubxreader:Unknown protocol header b'\xb5\n'.
ERROR:pyubx2.ubxreader:Unknown protocol header b'$\x02'.
ERROR:pyubx2.ubxreader:Unknown protocol header b'\xb5\x02'.
ERROR:pyubx2.ubxreader:Unknown protocol header b"\xb5'".
ERROR:pyubx2.ubxreader:Unknown protocol header b'\xb5\x02'.
ERROR:pyubx2.ubxreader:Unknown protocol header b'\xd3\x9b'.
ERROR:pyubx2.ubxreader:Unknown protocol header b'\xb5\xf6'.
ERROR:pyubx2.ubxreader:Unknown protocol header b'\xd3\xf8'.
ERROR:pyubx2.ubxreader:Unknown protocol header b'\xd3,'.
ERROR:pyubx2.ubxreader:Unknown protocol header b'$\x84'.
ERROR:pyubx2.ubxreader:Unknown protocol header b'$\x00'.
ERROR:pyubx2.ubxreader:Unknown protocol header b'\xb5.'.
ERROR:pyubx2.ubxreader:Unknown protocol header b'\xd3\xae'.
ERROR:pyubx2.ubxreader:Unknown protocol header b'\xd3\xd6'.
ERROR:pyubx2.ubxreader:Unknown protocol header b'$\xc3'.
ERROR:pyubx2.ubxreader:Unknown protocol header b'\xb5\x02'.
ERROR:pyubx2.ubxreader:Unknown protocol header b'\xb5\x02'.
ERROR:pyubx2.ubxreader:Unknown protocol header b'\xb5\x02'.
ERROR:pyubx2.ubxreader:Unknown protocol header b'\xb5\x02'.
ERROR:pyubx2.ubxreader:Unknown protocol header b'\xb5\x02'.
ERROR:pyubx2.ubxreader:Unknown protocol header b'\xb5\x02'.
ERROR:pyubx2.ubxreader:Unknown protocol header b'\xb5\x02'.
ERROR:pyubx2.ubxreader:Unknown protocol header b'\xb5\x01'.
ERROR:pyubx2.ubxreader:Unknown protocol header b'$\x00'.
ERROR:pyubx2.ubxreader:Unknown protocol header b'$\xd2'.
ERROR:pyubx2.ubxreader:Unknown protocol header b'$\x00'.
ERROR:pyubx2.ubxreader:Unknown protocol header b'\xb5\x01'.
ERROR:pyubx2.ubxreader:Unknown protocol header b'\xb5\x01'.
ERROR:pyubx2.ubxreader:Unknown protocol header b'\xb5\x01'.
ERROR:pyubx2.ubxreader:Unknown protocol header b'\xb5\xb5'.
ERROR:pyubx2.ubxreader:Unknown protocol header b'\xb5k'.
ERROR:pyubx2.ubxreader:Unknown protocol header b'\xb5\xb5'.
ERROR:pyubx2.ubxreader:Unknown protocol header b'\xb5\xb5'.
ERROR:pyubx2.ubxreader:Unknown protocol header b'\xb5\x92'.
ERROR:pyubx2.ubxreader:Unknown protocol header b'\xb5\x00'.
ERROR:pyubx2.ubxreader:Unknown protocol header b'$$'.
ERROR:pyubx2.ubxreader:Unknown protocol header b'$$'.
ERROR:pyubx2.ubxreader:Unknown protocol header b'$$'.
ERROR:pyubx2.ubxreader:Unknown protocol header b'\xb5\n'.
ERROR:pyubx2.ubxreader:Unknown protocol header b'\xb5\n'.
ERROR:pyubx2.ubxreader:Unknown protocol header b'\xb5\n'.
ERROR:pyubx2.ubxreader:Message checksum b'<;' invalid - should be b'W\xe2'
ERROR:pyubx2.ubxreader:Message checksum b'\x003' invalid - should be b'Ln'
ERROR:pyubx2.ubxreader:Unknown protocol header b'\xd3\x1d'.
ERROR:pyubx2.ubxreader:Unknown protocol header b'$>'.
ERROR:pyubx2.ubxreader:Unknown protocol header b"\xb5'".
ERROR:pyubx2.ubxreader:Unknown protocol header b'\xb5\x02'.
ERROR:pyubx2.ubxreader:Unknown protocol header b'$\x03'.
ERROR:pyubx2.ubxreader:Unknown protocol header b'$\x99'.
ERROR:pyubx2.ubxreader:Unknown protocol header b'\xb5\x86'.
ERROR:pyubx2.ubxreader:Unknown protocol header b'\xd3\x9b'.
ERROR:pyubx2.ubxreader:Unknown protocol header b'\xb5\x13'.
ERROR:pyubx2.ubxreader:Unknown protocol header b'\xb5N'.
ERROR:pyubx2.ubxreader:Unknown protocol header b'\xb5r'.
ERROR:pyubx2.ubxreader:Unknown protocol header b'\xb5R'.
ERROR:pyubx2.ubxreader:Unknown protocol header b'$\x03'.
ERROR:pyubx2.ubxreader:Unknown protocol header b'\xb5\x02'.
ERROR:pyubx2.ubxreader:Unknown protocol header b'\xb5\x02'.
ERROR:pyubx2.ubxreader:Unknown protocol header b'\xb5\x02'.
ERROR:pyubx2.ubxreader:Unknown protocol header b'$\x11'.
ERROR:pyubx2.ubxreader:Unknown protocol header b'\xb5\x02'.
ERROR:pyubx2.ubxreader:Unknown protocol header b'$\x11'.
ERROR:pyubx2.ubxreader:Unknown protocol header b'\xb5\x02'.
ERROR:pyubx2.ubxreader:Unknown protocol header b'$\x01'.
ERROR:pyubx2.ubxreader:Unknown protocol header b'\xb5\x02'.
ERROR:pyubx2.ubxreader:Unknown protocol header b'\xb5\x02'.
ERROR:pyubx2.ubxreader:Unknown protocol header b'\xb5\x02'.
ERROR:pyubx2.ubxreader:Unknown protocol header b'$\x00'.
ERROR:pyubx2.ubxreader:Unknown protocol header b'\xb5\x01'.
ERROR:pyubx2.ubxreader:Unknown protocol header b'$\x00'.
ERROR:pyubx2.ubxreader:Unknown protocol header b'$\x00'.
ERROR:pyubx2.ubxreader:Unknown protocol header b'$\x05'.
ERROR:pyubx2.ubxreader:Unknown protocol header b'\xb5\x01'.
ERROR:pyubx2.ubxreader:Unknown protocol header b'$\x00'.
ERROR:pyubx2.ubxreader:Unknown protocol header b'$\x00'.
ERROR:pyubx2.ubxreader:Unknown protocol header b'\xb5\x01'.
ERROR:pyubx2.ubxreader:Message checksum b'\x07\xb5' invalid - should be b'$\xfa'
ERROR:pyubx2.ubxreader:Unknown protocol header b'\xb5\x01'.
ERROR:pyubx2.ubxreader:Unknown protocol header b'\xb5\x01'.
ERROR:pyubx2.ubxreader:Unknown protocol header b'\xb5\x01'.
ERROR:pyubx2.ubxreader:Unknown protocol header b'\xd3\xb5'.
ERROR:pyubx2.ubxreader:Unknown protocol header b'\xb5;'.
ERROR:pyubx2.ubxreader:Unknown protocol header b'\xb5\x01'.
ERROR:pyubx2.ubxreader:Unknown protocol header b'$.'.
ERROR:pyubx2.ubxreader:Unknown protocol header b'\xd3q'.
ERROR:pyubx2.ubxreader:Unknown protocol header b'$\x17'.
ERROR:pyubx2.ubxreader:Unknown protocol header b'$\x97'.
ERROR:pyubx2.ubxreader:Unknown protocol header b'$.'.
ERROR:pyubx2.ubxreader:Unknown protocol header b'$w'.
ERROR:pyubx2.ubxreader:Unknown protocol header b'$\xf7'.
ERROR:pyubx2.ubxreader:Unknown protocol header b'\xd3\xa4'.
ERROR:pyubx2.ubxreader:Unknown protocol header b'$z'.
ERROR:pyubx2.ubxreader:Unknown protocol header b'$\x17'.
ERROR:pyubx2.ubxreader:Unknown protocol header b'\xb5\n'.
ERROR:pyubx2.ubxreader:Unknown protocol header b'\xb5\x02'.
ERROR:pyubx2.ubxreader:Unknown protocol header b'\xb5\x02'.
ERROR:pyubx2.ubxreader:Unknown protocol header b'$\x10'.
ERROR:pyubx2.ubxreader:Unknown protocol header b'$\xc5'.
ERROR:pyubx2.ubxreader:Unknown protocol header b'\xb5\x02'.
ERROR:pyubx2.ubxreader:Unknown protocol header b'\xb5\x02'.
ERROR:pyubx2.ubxreader:Unknown protocol header b'\xb5\x02'.
ERROR:pyubx2.ubxreader:Unknown protocol header b'\xb5\x02'.
ERROR:pyubx2.ubxreader:Unknown protocol header b'\xb5\n'.
ERROR:pyubx2.ubxreader:Unknown protocol header b'\xb5\n'.
ERROR:pyubx2.ubxreader:Unknown protocol header b'$\x00'.
ERROR:pyubx2.ubxreader:Unknown protocol header b'\xb5\n'.
ERROR:pyubx2.ubxreader:Unknown protocol header b'$\x02'.
ERROR:pyubx2.ubxreader:Unknown protocol header b'\xb5\x02'.
ERROR:pyubx2.ubxreader:Unknown protocol header b'$\x00'.
ERROR:pyubx2.ubxreader:Unknown protocol header b'\xd3\xff'.
ERROR:pyubx2.ubxreader:Unknown protocol header b'\xd3\x08'.
ERROR:pyubx2.ubxreader:Unknown protocol header b'\xb5\xff'.
ERROR:pyubx2.ubxreader:Unknown protocol header b"\xb5'".
ERROR:pyubx2.ubxreader:Unknown protocol header b"\xb5'".
ERROR:pyubx2.ubxreader:Unknown protocol header b'\xb5\x02'.
ERROR:pyubx2.ubxreader:Unknown protocol header b'$\x03'.
ERROR:pyubx2.ubxreader:Unknown protocol header b'$&'.
ERROR:pyubx2.ubxreader:Unknown protocol header b'\xb5-'.
ERROR:pyubx2.ubxreader:Unknown protocol header b'$&'.
ERROR:pyubx2.ubxreader:Unknown protocol header b'\xb5\xe4'.
ERROR:pyubx2.ubxreader:Unknown protocol header b'\xd3\x1c'.
ERROR:pyubx2.ubxreader:Unknown protocol header b'\xb5<'.
ERROR:pyubx2.ubxreader:Unknown protocol header b'\xb5\x01'.
ERROR:pyubx2.ubxreader:Unknown protocol header b'\xb5\x01'.
ERROR:pyubx2.ubxreader:Unknown protocol header b'\xb5\x01'.
ERROR:pyubx2.ubxreader:Unknown protocol header b'$\x00'.
ERROR:pyubx2.ubxreader:Unknown protocol header b'\xb5\x01'.
ERROR:pyubx2.ubxreader:Unknown protocol header b'$\x00'.
ERROR:pyubx2.ubxreader:Unknown protocol header b'\xb5\x01'.
ERROR:pyubx2.ubxreader:Message checksum b'z\xb5' invalid - should be b'\x08\xd1'
ERROR:pyubx2.ubxreader:Unknown protocol header b'\xb5\x01'.
ERROR:pyubx2.ubxreader:Unknown protocol header b'\xb5\x02'.
ERROR:pyubx2.ubxreader:Unknown protocol header b'\xb5\x02'.
ERROR:pyubx2.ubxreader:Unknown protocol header b'\xb5\x02'.
ERROR:pyubx2.ubxreader:Unknown protocol header b'\xb5\x02'.
ERROR:pyubx2.ubxreader:Unknown protocol header b'\xb5\x01'.
ERROR:pyubx2.ubxreader:Unknown protocol header b'$\x00'.
ERROR:pyubx2.ubxreader:Unknown protocol header b'\xb5\x01'.
ERROR:pyubx2.ubxreader:Unknown protocol header b'$Q'.
ERROR:pyubx2.ubxreader:Unknown protocol header b'\xb5\x01'.
ERROR:pyubx2.ubxreader:Unknown protocol header b'$+'.
ERROR:pyubx2.ubxreader:Unknown protocol header b'$\x00'.
ERROR:pyubx2.ubxreader:Unknown protocol header b'$+'.
ERROR:pyubx2.ubxreader:Unknown protocol header b'\xb5\x01'.
ERROR:pyubx2.ubxreader:Unknown protocol header b'\xb5\x01'.
ERROR:pyubx2.ubxreader:Unknown protocol header b'\xb5\x01'.
ERROR:pyubx2.ubxreader:Unknown protocol header b'$\x14'.
ERROR:pyubx2.ubxreader:Unknown protocol header b'\xb5\x01'.
ERROR:pyubx2.ubxreader:Unknown protocol header b'\xb5\x01'.
ERROR:pyubx2.ubxreader:Unknown protocol header b'\xb5\x01'.
ERROR:pyubx2.ubxreader:Unknown protocol header b'\xb5B'.
ERROR:pyubx2.ubxreader:Message checksum b'\x81\xe3' invalid - should be b'\xbcV'
ERROR:pyubx2.ubxreader:Unknown protocol header b'$u'.
ERROR:pyubx2.ubxreader:Unknown protocol header b'\xd3\xa1'.
ERROR:pyubx2.ubxreader:Unknown protocol header b'$u'.
ERROR:pyubx2.ubxreader:Unknown protocol header b'$\x17'.
ERROR:pyubx2.ubxreader:Unknown protocol header b'$\x12'.
ERROR:pyubx2.ubxreader:Unknown protocol header b'\xb5\xb5'.
ERROR:pyubx2.ubxreader:Unknown protocol header b'\xb5\xb5'.
ERROR:pyubx2.ubxreader:Unknown protocol header b'\xb5\xb5'.
ERROR:pyubx2.ubxreader:Unknown protocol header b'\xb5\n'.
ERROR:pyubx2.ubxreader:Unknown protocol header b'\xb5\n'.
ERROR:pyubx2.ubxreader:Unknown protocol header b'$\x05'.
ERROR:pyubx2.ubxreader:Unknown protocol header b'\xb5\n'.
ERROR:pyubx2.ubxreader:Unknown protocol header b'\xb5\n'.
ERROR:pyubx2.ubxreader:Unknown protocol header b'\xb5\n'.
ERROR:pyubx2.ubxreader:Unknown protocol header b'$\x02'.
ERROR:pyubx2.ubxreader:Unknown protocol header b'$\x01'.
ERROR:pyubx2.ubxreader:Unknown protocol header b'\xb5\xa3'.
ERROR:pyubx2.ubxreader:Unknown protocol header b'$\x03'.
ERROR:pyubx2.ubxreader:Unknown protocol header b'\xd3\xf4'.
ERROR:pyubx2.ubxreader:Unknown protocol header b'\xb5\xc4'.
ERROR:pyubx2.ubxreader:Unknown protocol header b'\xb5\xdb'.
ERROR:pyubx2.ubxreader:Unknown protocol header b'$\x15'.
ERROR:pyubx2.ubxreader:Unknown protocol header b'$\xe9'.
ERROR:pyubx2.ubxreader:Unknown protocol header b'\xb5\x01'.
ERROR:pyubx2.ubxreader:Unknown protocol header b'\xb5\x01'.
ERROR:pyubx2.ubxreader:Unknown protocol header b'\xb5\x01'.
ERROR:pyubx2.ubxreader:Unknown protocol header b'\xb5\x01'.
ERROR:pyubx2.ubxreader:Unknown protocol header b'\xb5\x01'.
ERROR:pyubx2.ubxreader:Unknown protocol header b'$\x00'.
ERROR:pyubx2.ubxreader:Unknown protocol header b'\xb5\x01'.
ERROR:pyubx2.ubxreader:Unknown protocol header b'$\x05'.
ERROR:pyubx2.ubxreader:Unknown protocol header b'$\xd2'.
ERROR:pyubx2.ubxreader:Unknown protocol header b'$\x00'.
ERROR:pyubx2.ubxreader:Unknown protocol header b'\xb5\x01'.
ERROR:pyubx2.ubxreader:Unknown protocol header b'$\x14'.
ERROR:pyubx2.ubxreader:Unknown protocol header b'\xb5\x01'.
ERROR:pyubx2.ubxreader:Unknown protocol header b'\xb5\x01'.
ERROR:pyubx2.ubxreader:Unknown protocol header b'\xb5\x01'.
ERROR:pyubx2.ubxreader:Unknown protocol header b'\xb5\x01'.
ERROR:pyubx2.ubxreader:Unknown protocol header b'\xb5\x01'.
ERROR:pyubx2.ubxreader:Unknown protocol header b'\xb5\x01'.
ERROR:pyubx2.ubxreader:Unknown protocol header b'\xb5\x01'.
ERROR:pyubx2.ubxreader:Unknown protocol header b'$\xd7'.
ERROR:pyubx2.ubxreader:Unknown protocol header b'$u'.
ERROR:pyubx2.ubxreader:Unknown protocol header b'$\x17'.
ERROR:pyubx2.ubxreader:Unknown protocol header b'\xd3D'.
ERROR:pyubx2.ubxreader:Unknown protocol header b'\xd3\xa4'.
ERROR:pyubx2.ubxreader:Unknown protocol header b'$\x04'.
ERROR:pyubx2.ubxreader:Unknown protocol header b'\xb5\x02'.
ERROR:pyubx2.ubxreader:Unknown protocol header b'\xb5\x02'.
ERROR:pyubx2.ubxreader:Unknown protocol header b'\xb5\x02'.
ERROR:pyubx2.ubxreader:Unknown protocol header b'\xb5\x02'.
ERROR:pyubx2.ubxreader:Unknown protocol header b'$\x00'.
ERROR:pyubx2.ubxreader:Unknown protocol header b'\xb5\x02'.
ERROR:pyubx2.ubxreader:Unknown protocol header b'\xb5\x02'.
ERROR:pyubx2.ubxreader:Unknown protocol header b'$\x00'.
ERROR:pyubx2.ubxreader:Message checksum b'7\xb5' invalid - should be b'\xe1\xab'
ERROR:pyubx2.ubxreader:Unknown protocol header b'\xb5\x00'.
ERROR:pyubx2.ubxreader:Unknown protocol header b'\xb5\x08'.
ERROR:pyubx2.ubxreader:Unknown protocol header b'\xb5x'.
ERROR:pyubx2.ubxreader:Unknown protocol header b'\xb5\xa8'.
ERROR:pyubx2.ubxreader:Unknown protocol header b'$\x00'.
ERROR:pyubx2.ubxreader:Unknown protocol header b'$\x02'.
ERROR:pyubx2.ubxreader:Unknown protocol header b'\xd3\x04'.
ERROR:pyubx2.ubxreader:Unknown protocol header b'\xb5\xa1'.
ERROR:pyubx2.ubxreader:Unknown protocol header b'\xb50'.
ERROR:pyubx2.ubxreader:Unknown protocol header b'\xb5\x13'.
ERROR:pyubx2.ubxreader:Unknown protocol header b'\xb5\x13'.
ERROR:pyubx2.ubxreader:Unknown protocol header b'\xb5\x13'.
ERROR:pyubx2.ubxreader:Unknown protocol header b'\xb5\xb5'.
ERROR:pyubx2.ubxreader:Unknown protocol header b'\xb5T'.
ERROR:pyubx2.ubxreader:Message checksum b'*7' invalid - should be b'\xac\x04'
ERROR:pyubx2.ubxreader:Unknown protocol header b'$Q'.
ERROR:pyubx2.ubxreader:Unknown protocol header b'$Q'.
ERROR:pyubx2.ubxreader:Unknown protocol header b'\xb5\x01'.
ERROR:pyubx2.ubxreader:Serial stream terminated unexpectedly. 61446 bytes requested, 18800 bytes returned.
ERROR:pyubx2.ubxreader:Unknown protocol header b'\xb5\x02'.
ERROR:pyubx2.ubxreader:Unknown protocol header b'\xb5\x02'.
ERROR:pyubx2.ubxreader:Unknown protocol header b'\xb5\x02'.
ERROR:pyubx2.ubxreader:Unknown protocol header b'\xb5\n'.
ERROR:pyubx2.ubxreader:Unknown protocol header b'\xb5\n'.
ERROR:pyubx2.ubxreader:Unknown protocol header b'\xb5\n'.
ERROR:pyubx2.ubxreader:Message checksum b'\x00\x00' invalid - should be b'\xde\xd0'
ERROR:pyubx2.ubxreader:Unknown protocol header b'$\x00'.
ERROR:pyubx2.ubxreader:Unknown protocol header b'\xb5\n'.
ERROR:pyubx2.ubxreader:Unknown protocol header b'$\x02'.
ERROR:pyubx2.ubxreader:Unknown protocol header b'$\x01'.
ERROR:pyubx2.ubxreader:Unknown protocol header b'\xd3\xff'.
ERROR:pyubx2.ubxreader:Unknown protocol header b'\xb5\x02'.
ERROR:pyubx2.ubxreader:Unknown protocol header b'\xb5\x81'.
ERROR:pyubx2.ubxreader:Unknown protocol header b'$\x0c'.
ERROR:pyubx2.ubxreader:Unknown protocol header b'\xd3\x05'.
ERROR:pyubx2.ubxreader:Unknown protocol header b'$\x00'.
ERROR:pyubx2.ubxreader:Unknown protocol header b'\xd3\x87'.
ERROR:pyubx2.ubxreader:Unknown protocol header b'$h'.
ERROR:pyubx2.ubxreader:Unknown protocol header b'\xb5\x02'.
ERROR:pyubx2.ubxreader:Message checksum b'y\xb5' invalid - should be b'\xe2\x9e'
ERROR:pyubx2.ubxreader:Unknown protocol header b'\xb5\x02'.
ERROR:pyubx2.ubxreader:Unknown protocol header b'\xb5\x02'.
ERROR:pyubx2.ubxreader:Unknown protocol header b'\xb5\x02'.
ERROR:pyubx2.ubxreader:Unknown protocol header b'\xb5\x02'.
ERROR:pyubx2.ubxreader:Unknown protocol header b'\xb5\x02'.
ERROR:pyubx2.ubxreader:Unknown protocol header b'\xb5\x02'.
ERROR:pyubx2.ubxreader:Unknown protocol header b'\xb5\x02'.
ERROR:pyubx2.ubxreader:Unknown protocol header b'\xb5\x02'.
ERROR:pyubx2.ubxreader:Unknown protocol header b'\xb5\x02'.
ERROR:pyubx2.ubxreader:Unknown protocol header b'\xb5\x02'.
ERROR:pyubx2.ubxreader:Unknown protocol header b'\xb5/'.
ERROR:pyubx2.ubxreader:Unknown protocol header b'\xb5\x02'.
ERROR:pyubx2.ubxreader:Unknown protocol header b'\xb5\x01'.
ERROR:pyubx2.ubxreader:Unknown protocol header b'\xb5\x01'.
ERROR:pyubx2.ubxreader:Unknown protocol header b'\xb5\x01'.
ERROR:pyubx2.ubxreader:Unknown protocol header b'\xb5\x01'.
ERROR:pyubx2.ubxreader:Unknown protocol header b'\xb5\x01'.
ERROR:pyubx2.ubxreader:Unknown protocol header b'\xb5\x01'.
ERROR:pyubx2.ubxreader:Unknown protocol header b'$Q'.
ERROR:pyubx2.ubxreader:Unknown protocol header b'$\x05'.
ERROR:pyubx2.ubxreader:Unknown protocol header b'\xb5\x01'.
ERROR:pyubx2.ubxreader:Unknown protocol header b'\xb5\x01'.
ERROR:pyubx2.ubxreader:Unknown protocol header b'\xb5\x01'.
ERROR:pyubx2.ubxreader:Unknown protocol header b'\xb5\x01'.
ERROR:pyubx2.ubxreader:Unknown protocol header b'\xb5\xb5'.
ERROR:pyubx2.ubxreader:Unknown protocol header b'\xb5\x01'.
ERROR:pyubx2.ubxreader:Serial stream terminated unexpectedly. 49154 bytes requested, 18094 bytes returned.
ERROR:pyubx2.ubxreader:Unknown protocol header b'\xb5E'.
ERROR:pyubx2.ubxreader:Unknown protocol header b'\xb5\x00'.
ERROR:pyubx2.ubxreader:Unknown protocol header b'\xb5\n'.
ERROR:pyubx2.ubxreader:Unknown protocol header b'\xb5\n'.
ERROR:pyubx2.ubxreader:Unknown protocol header b'\xb5\x00'.
ERROR:pyubx2.ubxreader:Unknown protocol header b'\xb5\n'.
ERROR:pyubx2.ubxreader:Unknown protocol header b'\xb5\x00'.
ERROR:pyubx2.ubxreader:Unknown protocol header b'\xb5\n'.
ERROR:pyubx2.ubxreader:Unknown protocol header b'\xb5\n'.
ERROR:pyubx2.ubxreader:Unknown protocol header b'\xb5\n'.
ERROR:pyubx2.ubxreader:Unknown protocol header b'\xb5\n'.
ERROR:pyubx2.ubxreader:Unknown protocol header b'$\xff'.
ERROR:pyubx2.ubxreader:Unknown protocol header b"\xb5'".
ERROR:pyubx2.ubxreader:Unknown protocol header b'\xd3O'.
ERROR:pyubx2.ubxreader:Unknown protocol header b'\xb5\xd8'.
ERROR:pyubx2.ubxreader:Unknown protocol header b'$\xe9'.
ERROR:pyubx2.ubxreader:Unknown protocol header b'\xd3\xf4'.
ERROR:pyubx2.ubxreader:Unknown protocol header b'\xb5t'.
ERROR:pyubx2.ubxreader:Unknown protocol header b'\xb5\x82'.
ERROR:pyubx2.ubxreader:Unknown protocol header b'$+'.
ERROR:pyubx2.ubxreader:Unknown protocol header b'\xb5A'.
ERROR:pyubx2.ubxreader:Unknown protocol header b'\xb5\xf6'.
ERROR:pyubx2.ubxreader:Unknown protocol header b'\xb5\x02'.
ERROR:pyubx2.ubxreader:Unknown protocol header b'\xb5\x02'.
ERROR:pyubx2.ubxreader:Unknown protocol header b'$\xe7'.
ERROR:pyubx2.ubxreader:Unknown protocol header b'\xb5\x02'.
ERROR:pyubx2.ubxreader:Unknown protocol header b'\xb5\x02'.
ERROR:pyubx2.ubxreader:Unknown protocol header b'\xb5\x02'.
ERROR:pyubx2.ubxreader:Unknown protocol header b'\xb5\x02'.
ERROR:pyubx2.ubxreader:Unknown protocol header b'\xb5\x02'.
ERROR:pyubx2.ubxreader:Unknown protocol header b'\xb5\x02'.
ERROR:pyubx2.ubxreader:Unknown protocol header b'\xb5\x02'.
ERROR:pyubx2.ubxreader:Unknown protocol header b'\xb5\x02'.
ERROR:pyubx2.ubxreader:Unknown protocol header b'\xb5\x02'.
ERROR:pyubx2.ubxreader:Unknown protocol header b'\xb5\x02'.
ERROR:pyubx2.ubxreader:Unknown protocol header b'\xb5\x01'.
ERROR:pyubx2.ubxreader:Unknown protocol header b'\xb5\x01'.
ERROR:pyubx2.ubxreader:Unknown protocol header b'\xb5\x01'.
ERROR:pyubx2.ubxreader:Unknown protocol header b'\xb5\x01'.
ERROR:pyubx2.ubxreader:Unknown protocol header b'\xb5\x01'.
ERROR:pyubx2.ubxreader:Unknown protocol header b'\xb5\x01'.
ERROR:pyubx2.ubxreader:Unknown protocol header b'\xb5\x01'.
ERROR:pyubx2.ubxreader:Unknown protocol header b'\xb5\x01'.
ERROR:pyubx2.ubxreader:Unknown protocol header b'$\x05'.
ERROR:pyubx2.ubxreader:Serial stream terminated unexpectedly. 36866 bytes requested, 17414 bytes returned.
121084.993 and 121085.0
121085.993 and 121086.0
121086.993 and 121087.0
Error in get ublox data thread: device reports readiness to read but returned no data (device disconnected or multiple access on port?)
Error in get ublox data thread: device reports readiness to read but returned no data (device disconnected or multiple access on port?)
Error in get ublox data thread: device reports readiness to read but returned no data (device disconnected or multiple access on port?)
Error in get ublox data thread: device reports readiness to read but returned no data (device disconnected or multiple access on port?)
Error in get ublox data thread: device reports readiness to read but returned no data (device disconnected or multiple access on port?)
Error in get ublox data thread: device reports readiness to read but returned no data (device disconnected or multiple access on port?)
Error in get ublox data thread: device reports readiness to read but returned no data (device disconnected or multiple access on port?)
121091.993 and 121092.0
121092.993 and 121093.0
121093.993 and 121094.0
121094.993 and 121095.0
121095.993 and 121096.0
121096.993 and 121097.0
121097.993 and 121098.0
Error in get ublox data thread: device reports readiness to read but returned no data (device disconnected or multiple access on port?)
Error in get ublox data thread: device reports readiness to read but returned no data (device disconnected or multiple access on port?)
Error in get ublox data thread: device reports readiness to read but returned no data (device disconnected or multiple access on port?)
Error in get ublox data thread: device reports readiness to read but returned no data (device disconnected or multiple access on port?)
Error in get ublox data thread: device reports readiness to read but returned no data (device disconnected or multiple access on port?)
Error in get ublox data thread: device reports readiness to read but returned no data (device disconnected or multiple access on port?)
Error in get ublox data thread: device reports readiness to read but returned no data (device disconnected or multiple access on port?)
Error in get ublox data thread: device reports readiness to read but returned no data (device disconnected or multiple access on port?)
Error in get ublox data thread: device reports readiness to read but returned no data (device disconnected or multiple access on port?)
Error in get ublox data thread: device reports readiness to read but returned no data (device disconnected or multiple access on port?)
Error in get ublox data thread: device reports readiness to read but returned no data (device disconnected or multiple access on port?)
Error in get ublox data thread: device reports readiness to read but returned no data (device disconnected or multiple access on port?)
Error in get ublox data thread: device reports readiness to read but returned no data (device disconnected or multiple access on port?)
Error in get ublox data thread: device reports readiness to read but returned no data (device disconnected or multiple access on port?)
Error in get ublox data thread: device reports readiness to read but returned no data (device disconnected or multiple access on port?)
Error in get ublox data thread: device reports readiness to read but returned no data (device disconnected or multiple access on port?)
Error in get ublox data thread: device reports readiness to read but returned no data (device disconnected or multiple access on port?)
Error in get ublox data thread: device reports readiness to read but returned no data (device disconnected or multiple access on port?)
Error in get ublox data thread: device reports readiness to read but returned no data (device disconnected or multiple access on port?)
Error in get ublox data thread: device reports readiness to read but returned no data (device disconnected or multiple access on port?)
Error in get ublox data thread: device reports readiness to read but returned no data (device disconnected or multiple access on port?)
Error in get ublox data thread: device reports readiness to read but returned no data (device disconnected or multiple access on port?)
Error in get ublox data thread: device reports readiness to read but returned no data (device disconnected or multiple access on port?)
Error in get ublox data thread: device reports readiness to read but returned no data (device disconnected or multiple access on port?)
Error in get ublox data thread: device reports readiness to read but returned no data (device disconnected or multiple access on port?)
Error in get ublox data thread: device reports readiness to read but returned no data (device disconnected or multiple access on port?)
Error in get ublox data thread: device reports readiness to read but returned no data (device disconnected or multiple access on port?)
Error in get ublox data thread: device reports readiness to read but returned no data (device disconnected or multiple access on port?)
Error in get ublox data thread: device reports readiness to read but returned no data (device disconnected or multiple access on port?)
Error in get ublox data thread: device reports readiness to read but returned no data (device disconnected or multiple access on port?)
Error in get ublox data thread: device reports readiness to read but returned no data (device disconnected or multiple access on port?)
Error in get ublox data thread: device reports readiness to read but returned no data (device disconnected or multiple access on port?)
Error in get ublox data thread: device reports readiness to read but returned no data (device disconnected or multiple access on port?)
Error in get ublox data thread: device reports readiness to read but returned no data (device disconnected or multiple access on port?)
Error in get ublox data thread: device reports readiness to read but returned no data (device disconnected or multiple access on port?)
Error in get ublox data thread: device reports readiness to read but returned no data (device disconnected or multiple access on port?)
Error in get ublox data thread: device reports readiness to read but returned no data (device disconnected or multiple access on port?)
Error in get ublox data thread: device reports readiness to read but returned no data (device disconnected or multiple access on port?)
Error in get ublox data thread: device reports readiness to read but returned no data (device disconnected or multiple access on port?)
Error in get ublox data thread: device reports readiness to read but returned no data (device disconnected or multiple access on port?)
Error in get ublox data thread: device reports readiness to read but returned no data (device disconnected or multiple access on port?)
Error in get ublox data thread: device reports readiness to read but returned no data (device disconnected or multiple access on port?)
Error in get ublox data thread: device reports readiness to read but returned no data (device disconnected or multiple access on port?)
Error in get ublox data thread: device reports readiness to read but returned no data (device disconnected or multiple access on port?)
Error in get ublox data thread: device reports readiness to read but returned no data (device disconnected or multiple access on port?)
Error in get ublox data thread: device reports readiness to read but returned no data (device disconnected or multiple access on port?)
Error in get ublox data thread: device reports readiness to read but returned no data (device disconnected or multiple access on port?)
Error in get ublox data thread: device reports readiness to read but returned no data (device disconnected or multiple access on port?)
Error in get ublox data thread: device reports readiness to read but returned no data (device disconnected or multiple access on port?)
Error in get ublox data thread: device reports readiness to read but returned no data (device disconnected or multiple access on port?)
Error in get ublox data thread: device reports readiness to read but returned no data (device disconnected or multiple access on port?)
Error in get ublox data thread: ERROR:pyubx2.ubxreader:Unknown protocol header b'\xb5q'.
ERROR:pyubx2.ubxreader:Unknown protocol header b'$\x03'.
ERROR:pyubx2.ubxreader:Unknown protocol header b'\xb5\x02'.
ERROR:pyubx2.ubxreader:Unknown protocol header b'\xb5\x02'.
ERROR:pyubx2.ubxreader:Unknown protocol header b'\xb5\x02'.
ERROR:pyubx2.ubxreader:Unknown protocol header b'\xb5\x02'.
ERROR:pyubx2.ubxreader:Unknown protocol header b'\xb5\x02'.
ERROR:pyubx2.ubxreader:Unknown protocol header b'$\xb4'.
ERROR:pyubx2.ubxreader:Unknown protocol header b'\xb5\x02'.
ERROR:pyubx2.ubxreader:Unknown protocol header b'$\xb4'.
ERROR:pyubx2.ubxreader:Unknown protocol header b'$\xb4'.
ERROR:pyubx2.ubxreader:Unknown protocol header b'$\xb4'.
ERROR:pyubx2.ubxreader:Unknown protocol header b'\xb5\x02'.
ERROR:pyubx2.ubxreader:Unknown protocol header b'$\xb4'.
ERROR:pyubx2.ubxreader:Unknown protocol header b'\xb5\x02'.
ERROR:pyubx2.ubxreader:Unknown protocol header b'\xb5\x02'.
ERROR:pyubx2.ubxreader:Unknown protocol header b'\xb5\x02'.
ERROR:pyubx2.ubxreader:Unknown protocol header b'\xb5\x02'.
ERROR:pyubx2.ubxreader:Unknown protocol header b'$\xb4'.
ERROR:pyubx2.ubxreader:Unknown protocol header b'\xb5\x01'.
ERROR:pyubx2.ubxreader:Unknown protocol header b'\xb5\x01'.
ERROR:pyubx2.ubxreader:Unknown protocol header b'$\x00'.
ERROR:pyubx2.ubxreader:Unknown protocol header b'$\x00'.
ERROR:pyubx2.ubxreader:Unknown protocol header b'\xb5\x01'.
ERROR:pyubx2.ubxreader:Unknown protocol header b'\xb5\x01'.
ERROR:pyubx2.ubxreader:Unknown protocol header b'\xb5\x01'.
ERROR:pyubx2.ubxreader:Unknown protocol header b'\xb5('.
ERROR:pyubx2.ubxreader:Unknown protocol header b'\xb5\x01'.
ERROR:pyubx2.ubxreader:Unknown protocol header b'\xb5\x01'.
ERROR:pyubx2.ubxreader:Unknown protocol header b'$\x14'.
ERROR:pyubx2.ubxreader:Unknown protocol header b'\xb5\x01'.
ERROR:pyubx2.ubxreader:Unknown protocol header b'\xb5\x01'.
ERROR:pyubx2.ubxreader:Unknown protocol header b'\xb5\x01'.
ERROR:pyubx2.ubxreader:Unknown protocol header b'\xb5\x02'.
ERROR:pyubx2.ubxreader:Unknown protocol header b'\xb5$'.
ERROR:pyubx2.ubxreader:Unknown protocol header b'\xd3q'.
ERROR:pyubx2.ubxreader:Unknown protocol header b'$\xf7'.
ERROR:pyubx2.ubxreader:Unknown protocol header b'$7'.
ERROR:pyubx2.ubxreader:Unknown protocol header b'\xd3\xa1'.
ERROR:pyubx2.ubxreader:Unknown protocol header b'$\x17'.
ERROR:pyubx2.ubxreader:Unknown protocol header b'\xd3\xa4'.
ERROR:pyubx2.ubxreader:Unknown protocol header b'\xd3q'.
ERROR:pyubx2.ubxreader:Unknown protocol header b'\xd3D'.
ERROR:pyubx2.ubxreader:Unknown protocol header b'$\x7f'.
ERROR:pyubx2.ubxreader:Unknown protocol header b'\xd3\xfa'.
ERROR:pyubx2.ubxreader:Unknown protocol header b'\xb5\n'.
ERROR:pyubx2.ubxreader:Unknown protocol header b'\xb5\n'.
ERROR:pyubx2.ubxreader:Unknown protocol header b'\xb5\n'.
ERROR:pyubx2.ubxreader:Unknown protocol header b'\xb5\n'.
ERROR:pyubx2.ubxreader:Unknown protocol header b'\xb5\n'.
ERROR:pyubx2.ubxreader:Unknown protocol header b'\xb5\n'.
ERROR:pyubx2.ubxreader:Unknown protocol header b'$\x02'.
ERROR:pyubx2.ubxreader:Unknown protocol header b'\xb5\x01'.
ERROR:pyubx2.ubxreader:Unknown protocol header b'\xb5\x01'.
ERROR:pyubx2.ubxreader:Unknown protocol header b'\xb5\x01'.
ERROR:pyubx2.ubxreader:Unknown protocol header b'$\x14'.
ERROR:pyubx2.ubxreader:Unknown protocol header b'\xb5\x01'.
ERROR:pyubx2.ubxreader:Unknown protocol header b'\xb5\x01'.
ERROR:pyubx2.ubxreader:Unknown protocol header b'\xb5\x01'.
ERROR:pyubx2.ubxreader:Unknown protocol header b'\xb5\x01'.
ERROR:pyubx2.ubxreader:Unknown protocol header b'\xb5\x01'.
ERROR:pyubx2.ubxreader:Unknown protocol header b'\xb5\x01'.
ERROR:pyubx2.ubxreader:Message checksum b'b\x01' invalid - should be b'/F'
ERROR:pyubx2.ubxreader:Unknown protocol header b'$,'.
ERROR:pyubx2.ubxreader:Unknown protocol header b'$.'.
ERROR:pyubx2.ubxreader:Unknown protocol header b'$('.
ERROR:pyubx2.ubxreader:Unknown protocol header b'\xb5\x03'.
ERROR:pyubx2.ubxreader:Unknown protocol header b'\xb5\x04'.
ERROR:pyubx2.ubxreader:Serial stream terminated unexpectedly. 18434 bytes requested, 18412 bytes returned.
ERROR:pyubx2.ubxreader:Unknown protocol header b'\xb5\n'.
ERROR:pyubx2.ubxreader:Unknown protocol header b'\xb5\n'.
ERROR:pyubx2.ubxreader:Unknown protocol header b'$\x00'.
ERROR:pyubx2.ubxreader:Unknown protocol header b'\xb5\n'.
ERROR:pyubx2.ubxreader:Unknown protocol header b'\xb5\n'.
ERROR:pyubx2.ubxreader:Message checksum b',2' invalid - should be b'\x8f\x07'
ERROR:pyubx2.ubxreader:Unknown protocol header b'$\x00'.
ERROR:pyubx2.ubxreader:Unknown protocol header b'$5'.
ERROR:pyubx2.ubxreader:Unknown protocol header b'$\x12'.
ERROR:pyubx2.ubxreader:Unknown protocol header b'$\x05'.
ERROR:pyubx2.ubxreader:Unknown protocol header b'$\x00'.
ERROR:pyubx2.ubxreader:Unknown protocol header b'\xb5\x01'.
ERROR:pyubx2.ubxreader:Unknown protocol header b'$\x8c'.
ERROR:pyubx2.ubxreader:Unknown protocol header b'$\x00'.
ERROR:pyubx2.ubxreader:Unknown protocol header b"\xb5'".
ERROR:pyubx2.ubxreader:Unknown protocol header b'\xb5$'.
ERROR:pyubx2.ubxreader:Unknown protocol header b'$.'.
ERROR:pyubx2.ubxreader:Unknown protocol header b'$\xf7'.
ERROR:pyubx2.ubxreader:Unknown protocol header b'$7'.
ERROR:pyubx2.ubxreader:Unknown protocol header b'$\x02'.
ERROR:pyubx2.ubxreader:Unknown protocol header b'$\xd7'.
ERROR:pyubx2.ubxreader:Unknown protocol header b'$\xd7'.
ERROR:pyubx2.ubxreader:Unknown protocol header b'\xb5\xff'.
ERROR:pyubx2.ubxreader:Unknown protocol header b'\xd3\xa4'.
ERROR:pyubx2.ubxreader:Unknown protocol header b'\xb5u'.
ERROR:pyubx2.ubxreader:Unknown protocol header b'\xb5\r'.
ERROR:pyubx2.ubxreader:Unknown protocol header b'\xb5\x02'.
ERROR:pyubx2.ubxreader:Unknown protocol header b'\xb5\x02'.
ERROR:pyubx2.ubxreader:Unknown protocol header b'\xb5\x02'.
ERROR:pyubx2.ubxreader:Unknown protocol header b'\xb5\x02'.
ERROR:pyubx2.ubxreader:Unknown protocol header b'$\x00'.
ERROR:pyubx2.ubxreader:Unknown protocol header b'$\x00'.
ERROR:pyubx2.ubxreader:Unknown protocol header b'\xb5\n'.
ERROR:pyubx2.ubxreader:Unknown protocol header b'\xb5\n'.
ERROR:pyubx2.ubxreader:Unknown protocol header b'\xb5\n'.
ERROR:pyubx2.ubxreader:Unknown protocol header b'\xb5\n'.
ERROR:pyubx2.ubxreader:Unknown protocol header b'$\x01'.
ERROR:pyubx2.ubxreader:Unknown protocol header b'$\xff'.
ERROR:pyubx2.ubxreader:Unknown protocol header b'\xd3\x87'.
ERROR:pyubx2.ubxreader:Unknown protocol header b"\xb5'".
ERROR:pyubx2.ubxreader:Unknown protocol header b'\xb5\x02'.
ERROR:pyubx2.ubxreader:Unknown protocol header b'$\xdc'.
ERROR:pyubx2.ubxreader:Unknown protocol header b'$w'.
ERROR:pyubx2.ubxreader:Unknown protocol header b'\xd3\xc3'.
ERROR:pyubx2.ubxreader:Unknown protocol header b'$\xcf'.
ERROR:pyubx2.ubxreader:Message checksum b'\x1b\x05' invalid - should be b'\x1b$'
ERROR:pyubx2.ubxreader:Message checksum b'06' invalid - should be b'J\xb6'
ERROR:pyubx2.ubxreader:Unknown protocol header b'$\x00'.
ERROR:pyubx2.ubxreader:Unknown protocol header b'\xb5\xb5'.
ERROR:pyubx2.ubxreader:Message checksum b'\x08\x07' invalid - should be b'K\x9a'
ERROR:pyubx2.ubxreader:Unknown protocol header b'\xb5A'.
ERROR:pyubx2.ubxreader:Unknown protocol header b'\xd3v'.
ERROR:pyubx2.ubxreader:Unknown protocol header b'\xb5\x01'.
ERROR:pyubx2.ubxreader:Unknown protocol header b'\xb5\x01'.
ERROR:pyubx2.ubxreader:Unknown protocol header b'$\x00'.
ERROR:pyubx2.ubxreader:Unknown protocol header b'$\x00'.
ERROR:pyubx2.ubxreader:Message checksum b'1$' invalid - should be b"\xb7'"
ERROR:pyubx2.ubxreader:Unknown protocol header b'\xb5\x02'.
ERROR:pyubx2.ubxreader:Unknown protocol header b'$\x01'.
ERROR:pyubx2.ubxreader:Unknown protocol header b'\xb5\xde'.
ERROR:pyubx2.ubxreader:Unknown protocol header b'$\x01'.
ERROR:pyubx2.ubxreader:Unknown protocol header b"\xb5'".
ERROR:pyubx2.ubxreader:Unknown protocol header b'\xb5\x93'.
ERROR:pyubx2.ubxreader:Unknown protocol header b'$s'.
ERROR:pyubx2.ubxreader:Unknown protocol header b'\xd3\x05'.
ERROR:pyubx2.ubxreader:Unknown protocol header b'$\x00'.
ERROR:pyubx2.ubxreader:Unknown protocol header b'\xb5-'.
ERROR:pyubx2.ubxreader:Unknown protocol header b'$\x16'.
ERROR:pyubx2.ubxreader:Unknown protocol header b'$\x9c'.
ERROR:pyubx2.ubxreader:Unknown protocol header b'\xb5\x02'.
ERROR:pyubx2.ubxreader:Unknown protocol header b'\xb5\x02'.
ERROR:pyubx2.ubxreader:Unknown protocol header b'\xb5\x02'.
ERROR:pyubx2.ubxreader:Unknown protocol header b'\xb5\x02'.
ERROR:pyubx2.ubxreader:Unknown protocol header b'\xb5\x01'.
ERROR:pyubx2.ubxreader:Unknown protocol header b'$\x00'.
ERROR:pyubx2.ubxreader:Unknown protocol header b'\xb5\x01'.
ERROR:pyubx2.ubxreader:Unknown protocol header b'$\x00'.
ERROR:pyubx2.ubxreader:Unknown protocol header b'\xb5\x01'.
ERROR:pyubx2.ubxreader:Unknown protocol header b'$\x1f'.
ERROR:pyubx2.ubxreader:Unknown protocol header b'$\x00'.
ERROR:pyubx2.ubxreader:Unknown protocol header b'\xb5\x01'.
ERROR:pyubx2.ubxreader:Unknown protocol header b'$\x00'.
ERROR:pyubx2.ubxreader:Unknown protocol header b'\xb5\x01'.
ERROR:pyubx2.ubxreader:Unknown protocol header b'$\x14'.
ERROR:pyubx2.ubxreader:Message checksum b'\x00\x00' invalid - should be b'\xd7\x9d'
ERROR:pyubx2.ubxreader:Unknown protocol header b'\xb5\n'.
ERROR:pyubx2.ubxreader:Message checksum b'\xce\xb5' invalid - should be b'9\xda'
ERROR:pyubx2.ubxreader:Message checksum b'\x96\xb5' invalid - should be b'\xd8@'
ERROR:pyubx2.ubxreader:Message checksum b'\x8f\xb5' invalid - should be b'\xa4K'
ERROR:pyubx2.ubxreader:Unknown protocol header b'\xb5\n'.
ERROR:pyubx2.ubxreader:Unknown protocol header b'\xb5\n'.
ERROR:pyubx2.ubxreader:Message checksum b'$b' invalid - should be b'\xb2u'
ERROR:pyubx2.ubxreader:Unknown protocol header b'\xb5\x10'.
ERROR:pyubx2.ubxreader:Unknown protocol header b'\xb5\x00'.
ERROR:pyubx2.ubxreader:Unknown protocol header b'$\x02'.
ERROR:pyubx2.ubxreader:Unknown protocol header b"\xb5'".
ERROR:pyubx2.ubxreader:Unknown protocol header b'\xb5\x02'.
ERROR:pyubx2.ubxreader:Unknown protocol header b'$\xbe'.
ERROR:pyubx2.ubxreader:Unknown protocol header b'$\x03'.
ERROR:pyubx2.ubxreader:Unknown protocol header b'$u'.
ERROR:pyubx2.ubxreader:Unknown protocol header b'$t'.
ERROR:pyubx2.ubxreader:Unknown protocol header b'\xd3j'.
ERROR:pyubx2.ubxreader:Unknown protocol header b'$\x00'.
ERROR:pyubx2.ubxreader:Unknown protocol header b'\xd3k'.
ERROR:pyubx2.ubxreader:Unknown protocol header b'\xb5\r'.
ERROR:pyubx2.ubxreader:Unknown protocol header b'$\x00'.
ERROR:pyubx2.ubxreader:Unknown protocol header b'\xb5\x00'.
ERROR:pyubx2.ubxreader:Unknown protocol header b'$\x00'.
ERROR:pyubx2.ubxreader:Unknown protocol header b'$Q'.
ERROR:pyubx2.ubxreader:Unknown protocol header b'\xb5\x01'.
ERROR:pyubx2.ubxreader:Unknown protocol header b'$\x00'.
ERROR:pyubx2.ubxreader:Unknown protocol header b'\xb5\x01'.
ERROR:pyubx2.ubxreader:Unknown protocol header b'$\x1f'.
ERROR:pyubx2.ubxreader:Unknown protocol header b'$\x00'.
ERROR:pyubx2.ubxreader:Unknown protocol header b'\xb5\x01'.
ERROR:pyubx2.ubxreader:Unknown protocol header b'$+'.
ERROR:pyubx2.ubxreader:Unknown protocol header b'$\x00'.
ERROR:pyubx2.ubxreader:Unknown protocol header b'$\x00'.
ERROR:pyubx2.ubxreader:Unknown protocol header b'\xb5\x01'.
ERROR:pyubx2.ubxreader:Unknown protocol header b'\xb5\x01'.
ERROR:pyubx2.ubxreader:Unknown protocol header b'\xb5\x01'.
ERROR:pyubx2.ubxreader:Unknown protocol header b'\xb5\x01'.
ERROR:pyubx2.ubxreader:Unknown protocol header b'$\x14'.
ERROR:pyubx2.ubxreader:Unknown protocol header b'\xb5\x01'.
ERROR:pyubx2.ubxreader:Unknown protocol header b'\xb5\x01'.
ERROR:pyubx2.ubxreader:Unknown protocol header b'\xb5\x01'.
ERROR:pyubx2.ubxreader:Unknown protocol header b'\xb5\x01'.
ERROR:pyubx2.ubxreader:Unknown protocol header b'\xb5\x01'.
ERROR:pyubx2.ubxreader:Unknown protocol header b'\xb5\x01'.
ERROR:pyubx2.ubxreader:Unknown protocol header b'\xb5\x01'.
ERROR:pyubx2.ubxreader:Unknown protocol header b'\xb5\x01'.
ERROR:pyubx2.ubxreader:Unknown protocol header b'\xb5\x01'.
ERROR:pyubx2.ubxreader:Unknown protocol header b'$\xa3'.
ERROR:pyubx2.ubxreader:Unknown protocol header b'$\xd7'.
ERROR:pyubx2.ubxreader:Unknown protocol header b'\xd3q'.
ERROR:pyubx2.ubxreader:Unknown protocol header b'$\xf7'.
ERROR:pyubx2.ubxreader:Unknown protocol header b'$\x17'.
ERROR:pyubx2.ubxreader:Unknown protocol header b'$7'.
ERROR:pyubx2.ubxreader:Unknown protocol header b'\xd3D'.
ERROR:pyubx2.ubxreader:Unknown protocol header b'$9'.
ERROR:pyubx2.ubxreader:Unknown protocol header b'\xd3q'.
ERROR:pyubx2.ubxreader:Unknown protocol header b'\xb5\r'.
ERROR:pyubx2.ubxreader:Unknown protocol header b'\xb5\x02'.
ERROR:pyubx2.ubxreader:Unknown protocol header b'\xb5\x02'.
ERROR:pyubx2.ubxreader:Unknown protocol header b'\xb5\x02'.
ERROR:pyubx2.ubxreader:Unknown protocol header b'\xb5\xb5'.
ERROR:pyubx2.ubxreader:Unknown protocol header b'\xb5\x02'.
ERROR:pyubx2.ubxreader:Unknown protocol header b'\xb5\n'.
ERROR:pyubx2.ubxreader:Unknown protocol header b'\xb5\n'.
ERROR:pyubx2.ubxreader:Unknown protocol header b'\xb5\n'.
ERROR:pyubx2.ubxreader:Unknown protocol header b'\xb5\n'.
ERROR:pyubx2.ubxreader:Unknown protocol header b'\xb5\n'.
ERROR:pyubx2.ubxreader:Unknown protocol header b'\xb5\n'.
ERROR:pyubx2.ubxreader:Unknown protocol header b'$\x02'.
ERROR:pyubx2.ubxreader:Message checksum b'\xd2\xb5' invalid - should be b'*\xcc'
ERROR:pyubx2.ubxreader:Unknown protocol header b'$\x00'.
ERROR:pyubx2.ubxreader:Unknown protocol header b'\xb5\x01'.
ERROR:pyubx2.ubxreader:Unknown protocol header b'$\x00'.
ERROR:pyubx2.ubxreader:Unknown protocol header b'\xb5\n'.
ERROR:pyubx2.ubxreader:Unknown protocol header b'\xb5\n'.
ERROR:pyubx2.ubxreader:Unknown protocol header b'\xb5\n'.
ERROR:pyubx2.ubxreader:Unknown protocol header b'$\x02'.
ERROR:pyubx2.ubxreader:Unknown protocol header b'\xb5\x02'.
ERROR:pyubx2.ubxreader:Unknown protocol header b'\xb5\x02'.
ERROR:pyubx2.ubxreader:Message checksum b'\x01\x00' invalid - should be b'xd'
ERROR:pyubx2.ubxreader:Message checksum b'b\x01' invalid - should be b'\xf87'
ERROR:pyubx2.ubxreader:Unknown protocol header b'\xb5\x01'.
ERROR:pyubx2.ubxreader:Serial stream terminated unexpectedly. 47106 bytes requested, 13974 bytes returned.
ERROR:pyubx2.ubxreader:Unknown protocol header b'\xb5\x02'.
ERROR:pyubx2.ubxreader:Message checksum b'@:' invalid - should be b'vI'
ERROR:pyubx2.ubxreader:Unknown protocol header b'$\x00'.
ERROR:pyubx2.ubxreader:Unknown protocol header b'\xd3_'.
ERROR:pyubx2.ubxreader:Unknown protocol header b'$\x00'.
ERROR:pyubx2.ubxreader:Unknown protocol header b'$\xd2'.
ERROR:pyubx2.ubxreader:Unknown protocol header b'\xd3/'.
ERROR:pyubx2.ubxreader:Unknown protocol header b'$\x01'.
ERROR:pyubx2.ubxreader:Unknown protocol header b'$\x00'.
ERROR:pyubx2.ubxreader:Unknown protocol header b'\xb5\x01'.
ERROR:pyubx2.ubxreader:Unknown protocol header b'\xb5\x01'.
ERROR:pyubx2.ubxreader:Unknown protocol header b"$'".
ERROR:pyubx2.ubxreader:Unknown protocol header b'\xb5\x02'.
ERROR:pyubx2.ubxreader:Unknown protocol header b'\xb5\x02'.
ERROR:pyubx2.ubxreader:Unknown protocol header b'\xb5\x01'.
ERROR:pyubx2.ubxreader:Unknown protocol header b'$\x00'.
ERROR:pyubx2.ubxreader:Unknown protocol header b'$\x00'.
ERROR:pyubx2.ubxreader:Unknown protocol header b'\xb5!'.
ERROR:pyubx2.ubxreader:Unknown protocol header b'$Q'.
ERROR:pyubx2.ubxreader:Unknown protocol header b'$+'.
ERROR:pyubx2.ubxreader:Unknown protocol header b'\xd3_'.
ERROR:pyubx2.ubxreader:Unknown protocol header b'$\x05'.
ERROR:pyubx2.ubxreader:Unknown protocol header b'$\x00'.
ERROR:pyubx2.ubxreader:Unknown protocol header b'$*'.
ERROR:pyubx2.ubxreader:Unknown protocol header b'$y'.
ERROR:pyubx2.ubxreader:Unknown protocol header b'\xb5\x02'.
ERROR:pyubx2.ubxreader:Unknown protocol header b'\xb5\x02'.
ERROR:pyubx2.ubxreader:Unknown protocol header b'$y'.
ERROR:pyubx2.ubxreader:Unknown protocol header b'\xb5\x02'.
ERROR:pyubx2.ubxreader:Unknown protocol header b'\xb5\x02'.
ERROR:pyubx2.ubxreader:Unknown protocol header b'\xb5\n'.
ERROR:pyubx2.ubxreader:Message checksum b'Mb' invalid - should be b'\xbb\xdb'
ERROR:pyubx2.ubxreader:Unknown protocol header b'\xb5\n'.
ERROR:pyubx2.ubxreader:Unknown protocol header b'\xb5\n'.
ERROR:pyubx2.ubxreader:Unknown protocol header b'$\x00'.
ERROR:pyubx2.ubxreader:Unknown protocol header b'$\x02'.
ERROR:pyubx2.ubxreader:Unknown protocol header b'$\xeb'.
ERROR:pyubx2.ubxreader:Unknown protocol header b'$\x07'.
ERROR:pyubx2.ubxreader:Unknown protocol header b'\xb5\x02'.
ERROR:pyubx2.ubxreader:Unknown protocol header b'$\x03'.
ERROR:pyubx2.ubxreader:Unknown protocol header b'\xd3\x05'.
ERROR:pyubx2.ubxreader:Unknown protocol header b'\xb5A'.
ERROR:pyubx2.ubxreader:Unknown protocol header b'$\x04'.
ERROR:pyubx2.ubxreader:Unknown protocol header b'\xb5\x01'.
ERROR:pyubx2.ubxreader:Unknown protocol header b'\xb5\x01'.
ERROR:pyubx2.ubxreader:Unknown protocol header b'\xb5\x01'.
ERROR:pyubx2.ubxreader:Unknown protocol header b'\xb5\x01'.
ERROR:pyubx2.ubxreader:Unknown protocol header b'$\x00'.
ERROR:pyubx2.ubxreader:Unknown protocol header b'\xb5\x01'.
ERROR:pyubx2.ubxreader:Unknown protocol header b'$\x00'.
ERROR:pyubx2.ubxreader:Unknown protocol header b'$+'.
ERROR:pyubx2.ubxreader:Unknown protocol header b'$\x00'.
ERROR:pyubx2.ubxreader:Unknown protocol header b'$\x00'.
ERROR:pyubx2.ubxreader:Unknown protocol header b'$\xd2'.
ERROR:pyubx2.ubxreader:Unknown protocol header b'$\x00'.
ERROR:pyubx2.ubxreader:Unknown protocol header b'$+'.
ERROR:pyubx2.ubxreader:Unknown protocol header b'\xb5\x01'.
ERROR:pyubx2.ubxreader:Unknown protocol header b'\xb5\x01'.
ERROR:pyubx2.ubxreader:Unknown protocol header b'$\x14'.
ERROR:pyubx2.ubxreader:Unknown protocol header b'\xb5\x01'.
ERROR:pyubx2.ubxreader:Unknown protocol header b'\xb5\x01'.
ERROR:pyubx2.ubxreader:Unknown protocol header b'\xb5\x01'.
ERROR:pyubx2.ubxreader:Unknown protocol header b'\xb5\x01'.
ERROR:pyubx2.ubxreader:Unknown protocol header b'\xb5\x01'.
ERROR:pyubx2.ubxreader:Unknown protocol header b'\xb5\x01'.
ERROR:pyubx2.ubxreader:Unknown protocol header b'\xb5\x01'.
ERROR:pyubx2.ubxreader:Unknown protocol header b'\xb5\x01'.
ERROR:pyubx2.ubxreader:Unknown protocol header b'\xb5$'.
ERROR:pyubx2.ubxreader:Unknown protocol header b'$\xd7'.
ERROR:pyubx2.ubxreader:Unknown protocol header b'\xd3q'.
ERROR:pyubx2.ubxreader:Unknown protocol header b'\xd3D'.
ERROR:pyubx2.ubxreader:Unknown protocol header b'$\x17'.
ERROR:pyubx2.ubxreader:Unknown protocol header b'\xd3\xa0'.
ERROR:pyubx2.ubxreader:Unknown protocol header b'$\x17'.
ERROR:pyubx2.ubxreader:Unknown protocol header b'$\x17'.
ERROR:pyubx2.ubxreader:Unknown protocol header b'$\xd7'.
ERROR:pyubx2.ubxreader:Unknown protocol header b'\xd3q'.
ERROR:pyubx2.ubxreader:Unknown protocol header b'\xb5\r'.
ERROR:pyubx2.ubxreader:Unknown protocol header b'$\x00'.
ERROR:pyubx2.ubxreader:Unknown protocol header b'\xb5\x02'.
ERROR:pyubx2.ubxreader:Unknown protocol header b'\xb5\x02'.
ERROR:pyubx2.ubxreader:Unknown protocol header b'\xb5\x02'.
ERROR:pyubx2.ubxreader:Unknown protocol header b'\xb5\x02'.
ERROR:pyubx2.ubxreader:Unknown protocol header b'\xb5\x02'.
ERROR:pyubx2.ubxreader:Unknown protocol header b'\xb5\x02'.
ERROR:pyubx2.ubxreader:Unknown protocol header b'\xb5\x02'.
ERROR:pyubx2.ubxreader:Unknown protocol header b'\xb5\n'.
ERROR:pyubx2.ubxreader:Unknown protocol header b'\xb5\n'.
ERROR:pyubx2.ubxreader:Unknown protocol header b'\xb5\n'.
ERROR:pyubx2.ubxreader:Unknown protocol header b'\xb5\n'.
ERROR:pyubx2.ubxreader:Unknown protocol header b'\xd3\xb5'.
ERROR:pyubx2.ubxreader:Unknown protocol header b'\xb5\xf5'.
ERROR:pyubx2.ubxreader:Unknown protocol header b'\xb5@'.
ERROR:pyubx2.ubxreader:Unknown protocol header b'$\x17'.
ERROR:pyubx2.ubxreader:Unknown protocol header b'\xb5A'.
ERROR:pyubx2.ubxreader:Unknown protocol header b'\xb5\x13'.
ERROR:pyubx2.ubxreader:Unknown protocol header b'\xb5\x02'.
ERROR:pyubx2.ubxreader:Unknown protocol header b'\xb5\x02'.
ERROR:pyubx2.ubxreader:Unknown protocol header b'\xb5\x02'.
ERROR:pyubx2.ubxreader:Unknown protocol header b'\xb5\x02'.
ERROR:pyubx2.ubxreader:Unknown protocol header b'\xb5\x02'.
ERROR:pyubx2.ubxreader:Unknown protocol header b'\xb5\x02'.
ERROR:pyubx2.ubxreader:Unknown protocol header b'\xb5\x02'.
ERROR:pyubx2.ubxreader:Unknown protocol header b'\xb5\x01'.
ERROR:pyubx2.ubxreader:Unknown protocol header b'\xb5\x01'.
ERROR:pyubx2.ubxreader:Unknown protocol header b'\xb5\x01'.
ERROR:pyubx2.ubxreader:Unknown protocol header b'$\x00'.
ERROR:pyubx2.ubxreader:Unknown protocol header b'$Q'.
ERROR:pyubx2.ubxreader:Unknown protocol header b'$Q'.
ERROR:pyubx2.ubxreader:Unknown protocol header b'$+'.
ERROR:pyubx2.ubxreader:Unknown protocol header b'\xb5\x01'.
ERROR:pyubx2.ubxreader:Unknown protocol header b'$\x05'.
ERROR:pyubx2.ubxreader:Unknown protocol header b'$\x00'.
ERROR:pyubx2.ubxreader:Unknown protocol header b'$\x1f'.
ERROR:pyubx2.ubxreader:Unknown protocol header b'$\x00'.
ERROR:pyubx2.ubxreader:Unknown protocol header b'$*'.
ERROR:pyubx2.ubxreader:Unknown protocol header b'\xb5\x01'.
ERROR:pyubx2.ubxreader:Unknown protocol header b'\xb5\x01'.
ERROR:pyubx2.ubxreader:Unknown protocol header b'\xb5\x01'.
ERROR:pyubx2.ubxreader:Unknown protocol header b'\xb5\x01'.
ERROR:pyubx2.ubxreader:Unknown protocol header b'\xb5\x01'.
ERROR:pyubx2.ubxreader:Unknown protocol header b'\xb5\x01'.
ERROR:pyubx2.ubxreader:Unknown protocol header b'\xb5\x01'.
ERROR:pyubx2.ubxreader:Unknown protocol header b'\xb5\x01'.
ERROR:pyubx2.ubxreader:Unknown protocol header b'\xb5\x01'.
ERROR:pyubx2.ubxreader:Unknown protocol header b'\xb5\x01'.
ERROR:pyubx2.ubxreader:Unknown protocol header b"\xb5'".
ERROR:pyubx2.ubxreader:Unknown protocol header b'$\xa3'.
ERROR:pyubx2.ubxreader:Unknown protocol header b'\xb5\xa4'.
ERROR:pyubx2.ubxreader:Unknown protocol header b'$u'.
ERROR:pyubx2.ubxreader:Unknown protocol header b'\xd3\xa4'.
ERROR:pyubx2.ubxreader:Unknown protocol header b'\xd3D'.
ERROR:pyubx2.ubxreader:Unknown protocol header b'\xb5\n'.
ERROR:pyubx2.ubxreader:Unknown protocol header b'\xb5\n'.
ERROR:pyubx2.ubxreader:Unknown protocol header b'$\x00'.
ERROR:pyubx2.ubxreader:Unknown protocol header b'\xb5\n'.
ERROR:pyubx2.ubxreader:Unknown protocol header b'\xb5\n'.
ERROR:pyubx2.ubxreader:Unknown protocol header b'$\x02'.
ERROR:pyubx2.ubxreader:Unknown protocol header b'\xb5\x02'.
ERROR:pyubx2.ubxreader:Unknown protocol header b'$\xf4'.
ERROR:pyubx2.ubxreader:Unknown protocol header b'$\xc2'.
ERROR:pyubx2.ubxreader:Unknown protocol header b'\xb5A'.
ERROR:pyubx2.ubxreader:Unknown protocol header b'\xd3\xc3'.
ERROR:pyubx2.ubxreader:Serial stream terminated unexpectedly. 22530 bytes requested, 15275 bytes returned.
ERROR:pyubx2.ubxreader:Unknown protocol header b'\xb5\x01'.
ERROR:pyubx2.ubxreader:Unknown protocol header b'\xb5\x01'.
ERROR:pyubx2.ubxreader:Unknown protocol header b'$\x00'.
ERROR:pyubx2.ubxreader:Unknown protocol header b'\xb5\x01'.
ERROR:pyubx2.ubxreader:Unknown protocol header b'\xb5\x01'.
ERROR:pyubx2.ubxreader:Unknown protocol header b'$\x1f'.
ERROR:pyubx2.ubxreader:Unknown protocol header b'$+'.
ERROR:pyubx2.ubxreader:Unknown protocol header b'\xb5\x01'.
ERROR:pyubx2.ubxreader:Unknown protocol header b'$\x14'.
ERROR:pyubx2.ubxreader:Unknown protocol header b'\xb5\x01'.
ERROR:pyubx2.ubxreader:Unknown protocol header b'\xb5\x01'.
ERROR:pyubx2.ubxreader:Unknown protocol header b'\xb5\x01'.
ERROR:pyubx2.ubxreader:Unknown protocol header b'\xb5\x01'.
ERROR:pyubx2.ubxreader:Unknown protocol header b'\xb5\x01'.
ERROR:pyubx2.ubxreader:Unknown protocol header b'\xb5\xb5'.
ERROR:pyubx2.ubxreader:Unknown protocol header b'\xb5\xcb'.
ERROR:pyubx2.ubxreader:Unknown protocol header b'\xb5\x01'.
ERROR:pyubx2.ubxreader:Unknown protocol header b'\xb5\x01'.
ERROR:pyubx2.ubxreader:Unknown protocol header b'\xb5\x01'.
ERROR:pyubx2.ubxreader:Unknown protocol header b'\xb5\x01'.
ERROR:pyubx2.ubxreader:Unknown protocol header b'\xb5\x01'.
ERROR:pyubx2.ubxreader:Unknown protocol header b'\xb5\x02'.
ERROR:pyubx2.ubxreader:Message checksum b'\xdb\xdc' invalid - should be b'\xa0s'
ERROR:pyubx2.ubxreader:Unknown protocol header b'$\xd7'.
ERROR:pyubx2.ubxreader:Unknown protocol header b'$u'.
ERROR:pyubx2.ubxreader:Unknown protocol header b'$7'.
ERROR:pyubx2.ubxreader:Unknown protocol header b'\xd3q'.
ERROR:pyubx2.ubxreader:Unknown protocol header b'$\x17'.
ERROR:pyubx2.ubxreader:Unknown protocol header b'\xd3Z'.
ERROR:pyubx2.ubxreader:Unknown protocol header b'\xd3q'.
ERROR:pyubx2.ubxreader:Unknown protocol header b'\xb5\x02'.
ERROR:pyubx2.ubxreader:Unknown protocol header b'\xb5\x04'.
ERROR:pyubx2.ubxreader:Unknown protocol header b'\xb5\xf9'.
ERROR:pyubx2.ubxreader:Unknown protocol header b"\xb5'".
ERROR:pyubx2.ubxreader:Unknown protocol header b"\xb5'".
ERROR:pyubx2.ubxreader:Unknown protocol header b'$\x07'.
ERROR:pyubx2.ubxreader:Unknown protocol header b'\xd3A'.
ERROR:pyubx2.ubxreader:Unknown protocol header b'\xd3\x9c'.
ERROR:pyubx2.ubxreader:Unknown protocol header b'$\x06'.
ERROR:pyubx2.ubxreader:Unknown protocol header b'\xb5g'.
ERROR:pyubx2.ubxreader:Unknown protocol header b'$\x03'.
ERROR:pyubx2.ubxreader:Unknown protocol header b'$\x00'.
ERROR:pyubx2.ubxreader:Unknown protocol header b'\xb5\x01'.
ERROR:pyubx2.ubxreader:Unknown protocol header b'\xb5\xb5'.
ERROR:pyubx2.ubxreader:Unknown protocol header b'\xb5\xb5'.
ERROR:pyubx2.ubxreader:Unknown protocol header b'\xb5\x8e'.
ERROR:pyubx2.ubxreader:Message checksum b'5,' invalid - should be b'\xc9\xb7'
ERROR:pyubx2.ubxreader:Unknown protocol header b'$Q'.
ERROR:pyubx2.ubxreader:Unknown protocol header b'$\x00'.
ERROR:pyubx2.ubxreader:Unknown protocol header b'$\x00'.
ERROR:pyubx2.ubxreader:Unknown protocol header b'$\x00'.
ERROR:pyubx2.ubxreader:Unknown protocol header b'$\x00'.
ERROR:pyubx2.ubxreader:Unknown protocol header b'\xb5\x01'.
ERROR:pyubx2.ubxreader:Unknown protocol header b'$+'.
ERROR:pyubx2.ubxreader:Unknown protocol header b'$\x00'.
ERROR:pyubx2.ubxreader:Unknown protocol header b'$\x05'.
ERROR:pyubx2.ubxreader:Unknown protocol header b'$\x00'.
ERROR:pyubx2.ubxreader:Unknown protocol header b'\xb5\x01'.
ERROR:pyubx2.ubxreader:Unknown protocol header b'$\x00'.
ERROR:pyubx2.ubxreader:Unknown protocol header b'$\xb5'.
ERROR:pyubx2.ubxreader:Unknown protocol header b'\xb5\x01'.
ERROR:pyubx2.ubxreader:Unknown protocol header b'\xb5\x01'.
ERROR:pyubx2.ubxreader:Unknown protocol header b'\xb5\x01'.
ERROR:pyubx2.ubxreader:Unknown protocol header b'\xb5\x01'.
ERROR:pyubx2.ubxreader:Unknown protocol header b'\xb5\x01'.
ERROR:pyubx2.ubxreader:Unknown protocol header b'\xb5\x01'.
ERROR:pyubx2.ubxreader:Unknown protocol header b'\xd3\xb9'.
ERROR:pyubx2.ubxreader:Unknown protocol header b'\xb5\x01'.
ERROR:pyubx2.ubxreader:Unknown protocol header b'$\xa3'.
ERROR:pyubx2.ubxreader:Unknown protocol header b'\xb5\xa4'.
ERROR:pyubx2.ubxreader:Unknown protocol header b'\xb5\x8e'.
ERROR:pyubx2.ubxreader:Unknown protocol header b'$\xd7'.
ERROR:pyubx2.ubxreader:Unknown protocol header b'\xd3q'.
ERROR:pyubx2.ubxreader:Unknown protocol header b'$\xf7'.
ERROR:pyubx2.ubxreader:Unknown protocol header b'\xd3D'.
ERROR:pyubx2.ubxreader:Unknown protocol header b'$\x17'.
ERROR:pyubx2.ubxreader:Unknown protocol header b'\xd3q'.
ERROR:pyubx2.ubxreader:Unknown protocol header b'$\x17'.
ERROR:pyubx2.ubxreader:Unknown protocol header b'\xd3\xa4'.
ERROR:pyubx2.ubxreader:Unknown protocol header b'\xd3\x11'.
ERROR:pyubx2.ubxreader:Unknown protocol header b'\xb5\r'.
ERROR:pyubx2.ubxreader:Unknown protocol header b'\xb5\x02'.
ERROR:pyubx2.ubxreader:Message checksum b'\x01\x00' invalid - should be b'\x9c9'
ERROR:pyubx2.ubxreader:Unknown protocol header b'\xb5\n'.
ERROR:pyubx2.ubxreader:Unknown protocol header b'\xb5\n'.
ERROR:pyubx2.ubxreader:Unknown protocol header b'\xb5\n'.
ERROR:pyubx2.ubxreader:Unknown protocol header b'\xb5\n'.
ERROR:pyubx2.ubxreader:Message checksum b'\xc4\xb5' invalid - should be b'\xfc\x9d'
ERROR:pyubx2.ubxreader:Unknown protocol header b'\xb5\n'.
ERROR:pyubx2.ubxreader:Unknown protocol header b'\xb5\x02'.
ERROR:pyubx2.ubxreader:Unknown protocol header b'$\x01'.
ERROR:pyubx2.ubxreader:Unknown protocol header b'\xb5\x00'.
ERROR:pyubx2.ubxreader:Unknown protocol header b'$o'.
ERROR:pyubx2.ubxreader:Unknown protocol header b'$\x03'.
ERROR:pyubx2.ubxreader:Unknown protocol header b'$\x9e'.
ERROR:pyubx2.ubxreader:Unknown protocol header b'\xb5\xc2'.
ERROR:pyubx2.ubxreader:Unknown protocol header b'$\x00'.
ERROR:pyubx2.ubxreader:Unknown protocol header b'$4'.
ERROR:pyubx2.ubxreader:Unknown protocol header b'\xb5A'.
ERROR:pyubx2.ubxreader:Unknown protocol header b'\xb5\x02'.
ERROR:pyubx2.ubxreader:Unknown protocol header b'\xb5\x02'.
ERROR:pyubx2.ubxreader:Unknown protocol header b'\xb5\x02'.
ERROR:pyubx2.ubxreader:Unknown protocol header b'\xb5\x02'.
ERROR:pyubx2.ubxreader:Unknown protocol header b'\xb5\x02'.
ERROR:pyubx2.ubxreader:Unknown protocol header b'\xb5\x03'.
ERROR:pyubx2.ubxreader:Unknown protocol header b'\xb5\x02'.
ERROR:pyubx2.ubxreader:Unknown protocol header b'\xb5\x02'.
ERROR:pyubx2.ubxreader:Unknown protocol header b'\xb5\x02'.
ERROR:pyubx2.ubxreader:Unknown protocol header b'\xb5\x02'.
ERROR:pyubx2.ubxreader:Unknown protocol header b"\xb5'".
ERROR:pyubx2.ubxreader:Unknown protocol header b'$\xd7'.
ERROR:pyubx2.ubxreader:Unknown protocol header b'\xd3q'.
ERROR:pyubx2.ubxreader:Unknown protocol header b'$\xf7'.
ERROR:pyubx2.ubxreader:Unknown protocol header b'$\x17'.
ERROR:pyubx2.ubxreader:Unknown protocol header b'$\x97'.
ERROR:pyubx2.ubxreader:Unknown protocol header b'\xd3D'.
ERROR:pyubx2.ubxreader:Unknown protocol header b'$\xf7'.
ERROR:pyubx2.ubxreader:Unknown protocol header b'\xd3q'.
ERROR:pyubx2.ubxreader:Unknown protocol header b'\xb5\x1d'.
ERROR:pyubx2.ubxreader:Unknown protocol header b'\xd3\xa4'.
ERROR:pyubx2.ubxreader:Message checksum b'\x19\x04' invalid - should be b'C\xdc'
ERROR:pyubx2.ubxreader:Unknown protocol header b'\xb5\n'.
ERROR:pyubx2.ubxreader:Unknown protocol header b'$\x02'.
ERROR:pyubx2.ubxreader:Unknown protocol header b'\xb5\x02'.
ERROR:pyubx2.ubxreader:Unknown protocol header b'\xb5\x02'.
ERROR:pyubx2.ubxreader:Unknown protocol header b'\xb5\x02'.
ERROR:pyubx2.ubxreader:Unknown protocol header b'\xb5\x02'.
ERROR:pyubx2.ubxreader:Unknown protocol header b'\xb5\x02'.
ERROR:pyubx2.ubxreader:Unknown protocol header b'\xb5\x02'.
ERROR:pyubx2.ubxreader:Unknown protocol header b'\xb5\x02'.
ERROR:pyubx2.ubxreader:Unknown protocol header b'\xb5\x02'.
ERROR:pyubx2.ubxreader:Unknown protocol header b'\xb5\x02'.
ERROR:pyubx2.ubxreader:Unknown protocol header b'\xb5\x02'.
ERROR:pyubx2.ubxreader:Unknown protocol header b'\xb5\x02'.
ERROR:pyubx2.ubxreader:Unknown protocol header b'$:'.
ERROR:pyubx2.ubxreader:Unknown protocol header b'\xb5\x02'.
ERROR:pyubx2.ubxreader:Unknown protocol header b'\xb5\x02'.
ERROR:pyubx2.ubxreader:Unknown protocol header b'\xb5\x02'.
ERROR:pyubx2.ubxreader:Unknown protocol header b'$:'.
ERROR:pyubx2.ubxreader:Unknown protocol header b'$:'.
ERROR:pyubx2.ubxreader:Unknown protocol header b'\xb5\x02'.
ERROR:pyubx2.ubxreader:Unknown protocol header b'\xb5\xff'.
ERROR:pyubx2.ubxreader:Unknown protocol header b'$\xdb'.
ERROR:pyubx2.ubxreader:Unknown protocol header b'\xb5A'.
ERROR:pyubx2.ubxreader:Unknown protocol header b'\xd3\x80'.
ERROR:pyubx2.ubxreader:Unknown protocol header b'${'.
ERROR:pyubx2.ubxreader:Unknown protocol header b'\xb5A'.
ERROR:pyubx2.ubxreader:Unknown protocol header b'\xd3\xa0'.
ERROR:pyubx2.ubxreader:Unknown protocol header b'\xd3A'.
ERROR:pyubx2.ubxreader:Unknown protocol header b'$\x03'.
ERROR:pyubx2.ubxreader:Unknown protocol header b'$\x03'.
ERROR:pyubx2.ubxreader:Unknown protocol header b'\xb5\x01'.
ERROR:pyubx2.ubxreader:Unknown protocol header b'\xb5\x01'.
ERROR:pyubx2.ubxreader:Unknown protocol header b'\xb5\x01'.
ERROR:pyubx2.ubxreader:Unknown protocol header b'\xb5\x01'.
ERROR:pyubx2.ubxreader:Unknown protocol header b'\xb5\x01'.
ERROR:pyubx2.ubxreader:Unknown protocol header b'$Q'.
ERROR:pyubx2.ubxreader:Unknown protocol header b'$\x00'.
ERROR:pyubx2.ubxreader:Unknown protocol header b'$\x00'.
ERROR:pyubx2.ubxreader:Unknown protocol header b'\xb5\x01'.
ERROR:pyubx2.ubxreader:Unknown protocol header b'$\x05'.
ERROR:pyubx2.ubxreader:Unknown protocol header b'$\x00'.
ERROR:pyubx2.ubxreader:Unknown protocol header b'$\x01'.
ERROR:pyubx2.ubxreader:Unknown protocol header b'\xb5\x01'.
ERROR:pyubx2.ubxreader:Message checksum b'\xa8\xb5' invalid - should be b'\x0e\xf9'
ERROR:pyubx2.ubxreader:Unknown protocol header b'\xb5\x02'.
ERROR:pyubx2.ubxreader:Unknown protocol header b'\xb5\x01'.
ERROR:pyubx2.ubxreader:Unknown protocol header b'\xb5\x01'.
ERROR:pyubx2.ubxreader:Unknown protocol header b'\xb5\x01'.
ERROR:pyubx2.ubxreader:Unknown protocol header b'\xb5\x01'.
ERROR:pyubx2.ubxreader:Unknown protocol header b'$\x00'.
ERROR:pyubx2.ubxreader:Unknown protocol header b'$Q'.
ERROR:pyubx2.ubxreader:Unknown protocol header b'\xb5\x01'.
ERROR:pyubx2.ubxreader:Unknown protocol header b'$+'.
ERROR:pyubx2.ubxreader:Unknown protocol header b'\xb5\x01'.
ERROR:pyubx2.ubxreader:Unknown protocol header b'$:'.
ERROR:pyubx2.ubxreader:Unknown protocol header b'\xb5\x02'.
ERROR:pyubx2.ubxreader:Unknown protocol header b'\xb5\x02'.
ERROR:pyubx2.ubxreader:Unknown protocol header b'$:'.
ERROR:pyubx2.ubxreader:Unknown protocol header b'\xb5\x02'.
ERROR:pyubx2.ubxreader:Unknown protocol header b'$:'.
ERROR:pyubx2.ubxreader:Unknown protocol header b'$:'.
ERROR:pyubx2.ubxreader:Unknown protocol header b'$:'.
ERROR:pyubx2.ubxreader:Unknown protocol header b'$:'.
ERROR:pyubx2.ubxreader:Unknown protocol header b'\xb5\x02'.
ERROR:pyubx2.ubxreader:Unknown protocol header b'\xb5\x02'.
ERROR:pyubx2.ubxreader:Unknown protocol header b'\xb5\x02'.
ERROR:pyubx2.ubxreader:Unknown protocol header b'\xb5\x02'.
ERROR:pyubx2.ubxreader:Unknown protocol header b'\xb5\x02'.
ERROR:pyubx2.ubxreader:Unknown protocol header b'\xb5A'.
ERROR:pyubx2.ubxreader:Unknown protocol header b'\xb5\n'.
ERROR:pyubx2.ubxreader:Unknown protocol header b'\xb5\n'.
ERROR:pyubx2.ubxreader:Unknown protocol header b'\xb5\n'.
ERROR:pyubx2.ubxreader:Unknown protocol header b'\xb5\n'.
ERROR:pyubx2.ubxreader:Unknown protocol header b'\xb5\n'.
ERROR:pyubx2.ubxreader:Unknown protocol header b'\xb5\n'.
ERROR:pyubx2.ubxreader:Unknown protocol header b'\xb5\n'.
ERROR:pyubx2.ubxreader:Unknown protocol header b'\xb5\x00'.
ERROR:pyubx2.ubxreader:Unknown protocol header b'\xb5\x00'.
ERROR:pyubx2.ubxreader:Unknown protocol header b'\xb5\x00'.
ERROR:pyubx2.ubxreader:Unknown protocol header b'$\x02'.
ERROR:pyubx2.ubxreader:Unknown protocol header b'\xd3\xc7'.
ERROR:pyubx2.ubxreader:Unknown protocol header b'$\x03'.
ERROR:pyubx2.ubxreader:Unknown protocol header b'\xd3\xe4'.
ERROR:pyubx2.ubxreader:Unknown protocol header b'\xb5r'.
ERROR:pyubx2.ubxreader:Unknown protocol header b'$\x00'.
ERROR:pyubx2.ubxreader:Unknown protocol header b'$m'.
ERROR:pyubx2.ubxreader:Unknown protocol header b'\xb5A'.
ERROR:pyubx2.ubxreader:Unknown protocol header b'\xb5\x01'.
ERROR:pyubx2.ubxreader:Unknown protocol header b'$\x00'.
ERROR:pyubx2.ubxreader:Unknown protocol header b'$\x00'.
ERROR:pyubx2.ubxreader:Unknown protocol header b'$\x00'.
ERROR:pyubx2.ubxreader:Unknown protocol header b'\xb5\x01'.
ERROR:pyubx2.ubxreader:Unknown protocol header b'\xb5\x1f'.
ERROR:pyubx2.ubxreader:Unknown protocol header b'$"'.
ERROR:pyubx2.ubxreader:Unknown protocol header b'$\x00'.
ERROR:pyubx2.ubxreader:Unknown protocol header b'$\x1f'.
ERROR:pyubx2.ubxreader:Unknown protocol header b'$\x00'.
ERROR:pyubx2.ubxreader:Unknown protocol header b'\xb5('.
ERROR:pyubx2.ubxreader:Unknown protocol header b'$+'.
ERROR:pyubx2.ubxreader:Unknown protocol header b'$+'.
ERROR:pyubx2.ubxreader:Unknown protocol header b'$*'.
ERROR:pyubx2.ubxreader:Unknown protocol header b'\xb5\x01'.
ERROR:pyubx2.ubxreader:Unknown protocol header b'$\x14'.
ERROR:pyubx2.ubxreader:Unknown protocol header b'\xb5\x01'.
ERROR:pyubx2.ubxreader:Unknown protocol header b'\xb5\x01'.
ERROR:pyubx2.ubxreader:Unknown protocol header b'\xb5\x01'.
ERROR:pyubx2.ubxreader:Unknown protocol header b'\xb5\x01'.
ERROR:pyubx2.ubxreader:Unknown protocol header b'\xb5\x01'.
ERROR:pyubx2.ubxreader:Unknown protocol header b'\xb5\x01'.
ERROR:pyubx2.ubxreader:Unknown protocol header b'\xb5\x01'.
ERROR:pyubx2.ubxreader:Unknown protocol header b'\xb5\x01'.
ERROR:pyubx2.ubxreader:Message checksum b'\r\x01' invalid - should be b'\x83\x86'
ERROR:pyubx2.ubxreader:Unknown protocol header b'\xb5\x02'.
ERROR:pyubx2.ubxreader:Unknown protocol header b'\xb5\x02'.
ERROR:pyubx2.ubxreader:Unknown protocol header b'\xb5\xb5'.
ERROR:pyubx2.ubxreader:Message checksum b'U\xb5' invalid - should be b'\x11\xf9'
INFO:werkzeug:192.168.5.70 - - [14/Apr/2025 09:38:33] "GET /socket.io/?EIO=4&transport=websocket&sid=Yar6lGWd5v2-uAT7AAAC HTTP/1.1" 200 -
ERROR:pyubx2.ubxreader:Unknown protocol header b'\xb5x'.
ERROR:pyubx2.ubxreader:Unknown protocol header b'\xb5\xd4'.
ERROR:pyubx2.ubxreader:Unknown protocol header b'\xb5\xb5'.
ERROR:pyubx2.ubxreader:Unknown protocol header b'\xb5$'.
ERROR:pyubx2.ubxreader:Unknown protocol header b'$$'.
ERROR:pyubx2.ubxreader:Unknown protocol header b'$Q'.
ERROR:pyubx2.ubxreader:Unknown protocol header b'$\x00'.
ERROR:pyubx2.ubxreader:Unknown protocol header b'$\x05'.
ERROR:pyubx2.ubxreader:Unknown protocol header b'$\x1f'.
ERROR:pyubx2.ubxreader:Unknown protocol header b'$\x1f'.
ERROR:pyubx2.ubxreader:Unknown protocol header b'$\x00'.
ERROR:pyubx2.ubxreader:Unknown protocol header b'$+'.
ERROR:pyubx2.ubxreader:Unknown protocol header b'\xb5\x01'.
ERROR:pyubx2.ubxreader:Unknown protocol header b'\xb5\x01'.
ERROR:pyubx2.ubxreader:Unknown protocol header b'$\xb5'.
ERROR:pyubx2.ubxreader:Unknown protocol header b'$\xb5'.
ERROR:pyubx2.ubxreader:Unknown protocol header b'\xb5\x01'.
ERROR:pyubx2.ubxreader:Unknown protocol header b'\xb5\x01'.
ERROR:pyubx2.ubxreader:Unknown protocol header b'\xb5\x01'.
ERROR:pyubx2.ubxreader:Unknown protocol header b'\xb5\x01'.
ERROR:pyubx2.ubxreader:Unknown protocol header b'\xb5\x01'.
ERROR:pyubx2.ubxreader:Unknown protocol header b'\xb5\x01'.
ERROR:pyubx2.ubxreader:Unknown protocol header b'\xb5\x01'.
ERROR:pyubx2.ubxreader:Unknown protocol header b'\xb5\x01'.
ERROR:pyubx2.ubxreader:Unknown protocol header b'$\xd7'.
ERROR:pyubx2.ubxreader:Unknown protocol header b'\xd3q'.
ERROR:pyubx2.ubxreader:Unknown protocol header b'$\xf7'.
ERROR:pyubx2.ubxreader:Unknown protocol header b'$\x17'.
ERROR:pyubx2.ubxreader:Unknown protocol header b'$\xd7'.
ERROR:pyubx2.ubxreader:Unknown protocol header b'$_'.
ERROR:pyubx2.ubxreader:Unknown protocol header b'\xd3q'.
ERROR:pyubx2.ubxreader:Message checksum b'b\x01' invalid - should be b'\xf1j'
ERROR:pyubx2.ubxreader:Unknown protocol header b'$$'.
ERROR:pyubx2.ubxreader:Unknown protocol header b'\xb5\xe4'.
ERROR:pyubx2.ubxreader:Unknown protocol header b'$$'.
ERROR:pyubx2.ubxreader:Unknown protocol header b'\xb5\xb5'.
ERROR:pyubx2.ubxreader:Unknown protocol header b'\xb5\xb5'.
ERROR:pyubx2.ubxreader:Unknown protocol header b'\xb5\xb5'.
ERROR:pyubx2.ubxreader:Message checksum b'\x87\xc7' invalid - should be b'TA'
ERROR:pyubx2.ubxreader:Unknown protocol header b'\xb5\n'.
ERROR:pyubx2.ubxreader:Unknown protocol header b'\xb5\n'.
ERROR:pyubx2.ubxreader:Unknown protocol header b'\xb5\n'.
ERROR:pyubx2.ubxreader:Unknown protocol header b'\xb5\n'.
ERROR:pyubx2.ubxreader:Unknown protocol header b'\xb5\x02'.
ERROR:pyubx2.ubxreader:Unknown protocol header b'\xb5\xfc'.
ERROR:pyubx2.ubxreader:Unknown protocol header b'\xb5\x02'.
ERROR:pyubx2.ubxreader:Unknown protocol header b'\xd3\xff'.
ERROR:pyubx2.ubxreader:Unknown protocol header b'$('.
ERROR:pyubx2.ubxreader:Unknown protocol header b"\xb5'".
ERROR:pyubx2.ubxreader:Unknown protocol header b"\xb5'".
ERROR:pyubx2.ubxreader:Unknown protocol header b'$\x03'.
ERROR:pyubx2.ubxreader:Unknown protocol header b'\xb5A'.
ERROR:pyubx2.ubxreader:Unknown protocol header b'\xb5\x01'.
ERROR:pyubx2.ubxreader:Unknown protocol header b'\xb5\x01'.
ERROR:pyubx2.ubxreader:Unknown protocol header b'\xb5\x01'.
ERROR:pyubx2.ubxreader:Unknown protocol header b'$\x00'.
ERROR:pyubx2.ubxreader:Unknown protocol header b'$\x00'.
ERROR:pyubx2.ubxreader:Unknown protocol header b'$\x00'.
ERROR:pyubx2.ubxreader:Unknown protocol header b'\xb5\x01'.
ERROR:pyubx2.ubxreader:Unknown protocol header b'$\x01'.
ERROR:pyubx2.ubxreader:Unknown protocol header b'$\xb5'.
ERROR:pyubx2.ubxreader:Unknown protocol header b'\xb5\xb5'.
ERROR:pyubx2.ubxreader:Unknown protocol header b'\xb5\x01'.
ERROR:pyubx2.ubxreader:Unknown protocol header b'\xb5\xb5'.
ERROR:pyubx2.ubxreader:Unknown protocol header b'\xb5\xb5'.
ERROR:pyubx2.ubxreader:Unknown protocol header b'$$'.
ERROR:pyubx2.ubxreader:Unknown protocol header b'$\xb5'.
ERROR:pyubx2.ubxreader:Unknown protocol header b'\xb5\x06'.
ERROR:pyubx2.ubxreader:Unknown protocol header b'\xb5\n'.
ERROR:pyubx2.ubxreader:Unknown protocol header b'\xb5\n'.
ERROR:pyubx2.ubxreader:Unknown protocol header b'\xb5\n'.
ERROR:pyubx2.ubxreader:Unknown protocol header b'\xb5\n'.
ERROR:pyubx2.ubxreader:Unknown protocol header b'\xb5\n'.
ERROR:pyubx2.ubxreader:Unknown protocol header b'$\x02'.
ERROR:pyubx2.ubxreader:Unknown protocol header b'\xb5\x02'.
ERROR:pyubx2.ubxreader:Unknown protocol header b'\xb5\x02'.
ERROR:pyubx2.ubxreader:Unknown protocol header b'$6'.
ERROR:pyubx2.ubxreader:Unknown protocol header b'$\xe9'.
ERROR:pyubx2.ubxreader:Unknown protocol header b'\xb5\x02'.
ERROR:pyubx2.ubxreader:Unknown protocol header b'$\x0f'.
ERROR:pyubx2.ubxreader:Unknown protocol header b'\xb5\x02'.
ERROR:pyubx2.ubxreader:Unknown protocol header b'$4'.
ERROR:pyubx2.ubxreader:Unknown protocol header b'$Q'.
ERROR:pyubx2.ubxreader:Unknown protocol header b'$4'.
ERROR:pyubx2.ubxreader:Unknown protocol header b"$'".
ERROR:pyubx2.ubxreader:Unknown protocol header b'$|'.
ERROR:pyubx2.ubxreader:Unknown protocol header b"$'".
ERROR:pyubx2.ubxreader:Unknown protocol header b'$y'.
ERROR:pyubx2.ubxreader:Unknown protocol header b'$y'.
ERROR:pyubx2.ubxreader:Unknown protocol header b'\xd3\xff'.
ERROR:pyubx2.ubxreader:Unknown protocol header b'$\x00'.
ERROR:pyubx2.ubxreader:Unknown protocol header b"\xb5'".
ERROR:pyubx2.ubxreader:Unknown protocol header b'\xb54'.
ERROR:pyubx2.ubxreader:Unknown protocol header b'\xd3u'.
ERROR:pyubx2.ubxreader:Unknown protocol header b'$\x00'.
ERROR:pyubx2.ubxreader:Unknown protocol header b'$$'.
ERROR:pyubx2.ubxreader:Unknown protocol header b'$$'.
ERROR:pyubx2.ubxreader:Unknown protocol header b'$$'.
ERROR:pyubx2.ubxreader:Unknown protocol header b'\xb5\x00'.
ERROR:pyubx2.ubxreader:Unknown protocol header b'\xb5\x03'.
ERROR:pyubx2.ubxreader:Unknown protocol header b'\xb5\xb5'.
ERROR:pyubx2.ubxreader:Unknown protocol header b'\xb5\xb5'.
ERROR:pyubx2.ubxreader:Serial stream terminated unexpectedly. 23002 bytes requested, 10949 bytes returned.
ERROR:pyubx2.ubxreader:Unknown protocol header b'$\x00'.
ERROR:pyubx2.ubxreader:Unknown protocol header b'$\x00'.
ERROR:pyubx2.ubxreader:Unknown protocol header b'$\x00'.
ERROR:pyubx2.ubxreader:Unknown protocol header b'$\x01'.
ERROR:pyubx2.ubxreader:Unknown protocol header b'\xb5\x01'.
ERROR:pyubx2.ubxreader:Unknown protocol header b'$\x0e'.
ERROR:pyubx2.ubxreader:Unknown protocol header b'\xb5\x02'.
ERROR:pyubx2.ubxreader:Unknown protocol header b'\xb5\n'.
ERROR:pyubx2.ubxreader:Unknown protocol header b'\xb5\n'.
ERROR:pyubx2.ubxreader:Unknown protocol header b'\xb5\n'.
ERROR:pyubx2.ubxreader:Unknown protocol header b'\xb5\n'.
ERROR:pyubx2.ubxreader:Unknown protocol header b'$\x02'.
ERROR:pyubx2.ubxreader:Unknown protocol header b'$\x00'.
ERROR:pyubx2.ubxreader:Unknown protocol header b'$\x00'.
ERROR:pyubx2.ubxreader:Unknown protocol header b'$Q'.
ERROR:pyubx2.ubxreader:Unknown protocol header b'$%'.
ERROR:pyubx2.ubxreader:Unknown protocol header b'$\x00'.
ERROR:pyubx2.ubxreader:Unknown protocol header b'$\x05'.
ERROR:pyubx2.ubxreader:Unknown protocol header b'$\x00'.
ERROR:pyubx2.ubxreader:Unknown protocol header b'\xb5\x01'.
ERROR:pyubx2.ubxreader:Unknown protocol header b'\xd3/'.
ERROR:pyubx2.ubxreader:Unknown protocol header b'$\x01'.
ERROR:pyubx2.ubxreader:Unknown protocol header b'$\x00'.
ERROR:pyubx2.ubxreader:Unknown protocol header b'\xb5\x01'.
ERROR:pyubx2.ubxreader:Unknown protocol header b'\xb5\x01'.
ERROR:pyubx2.ubxreader:Message checksum b'4\xb5' invalid - should be b'\xd6\x8b'
ERROR:pyubx2.ubxreader:Unknown protocol header b'\xb5\x01'.
ERROR:pyubx2.ubxreader:Unknown protocol header b'\xb5\x01'.
ERROR:pyubx2.ubxreader:Unknown protocol header b'\xb5\x01'.
ERROR:pyubx2.ubxreader:Unknown protocol header b'\xb5\x01'.
ERROR:pyubx2.ubxreader:Unknown protocol header b'\xb5\x01'.
ERROR:pyubx2.ubxreader:Unknown protocol header b'\xb5\x01'.
ERROR:pyubx2.ubxreader:Unknown protocol header b'\xb5\x01'.
ERROR:pyubx2.ubxreader:Unknown protocol header b"\xb5'".
ERROR:pyubx2.ubxreader:Unknown protocol header b'\xb5\t'.
ERROR:pyubx2.ubxreader:Unknown protocol header b'$\xd7'.
ERROR:pyubx2.ubxreader:Unknown protocol header b'\xd3q'.
ERROR:pyubx2.ubxreader:Unknown protocol header b'$\xf7'.
ERROR:pyubx2.ubxreader:Unknown protocol header b'$\x17'.
ERROR:pyubx2.ubxreader:Unknown protocol header b'$\x97'.
ERROR:pyubx2.ubxreader:Unknown protocol header b'$w'.
ERROR:pyubx2.ubxreader:Unknown protocol header b'$\xf7'.
ERROR:pyubx2.ubxreader:Unknown protocol header b'$\xd7'.
ERROR:pyubx2.ubxreader:Unknown protocol header b'$\x17'.
ERROR:pyubx2.ubxreader:Unknown protocol header b'$\x00'.
ERROR:pyubx2.ubxreader:Unknown protocol header b'\xb5\x02'.
ERROR:pyubx2.ubxreader:Unknown protocol header b'\xb5\x02'.
ERROR:pyubx2.ubxreader:Unknown protocol header b'\xb5\x02'.
ERROR:pyubx2.ubxreader:Unknown protocol header b'\xb5\x02'.
ERROR:pyubx2.ubxreader:Unknown protocol header b'\xb5\x02'.
ERROR:pyubx2.ubxreader:Unknown protocol header b'\xb5\n'.
ERROR:pyubx2.ubxreader:Unknown protocol header b'\xb5\x02'.
ERROR:pyubx2.ubxreader:Unknown protocol header b'$)'.
ERROR:pyubx2.ubxreader:Unknown protocol header b'\xb5\x00'.
ERROR:pyubx2.ubxreader:Unknown protocol header b"\xb5'".
ERROR:pyubx2.ubxreader:Unknown protocol header b"\xb5'".
ERROR:pyubx2.ubxreader:Unknown protocol header b'\xb5\x02'.
ERROR:pyubx2.ubxreader:Unknown protocol header b'$\x03'.
ERROR:pyubx2.ubxreader:Unknown protocol header b'\xb50'.
ERROR:pyubx2.ubxreader:Unknown protocol header b'\xb5\x02'.
ERROR:pyubx2.ubxreader:Unknown protocol header b'\xd3\xdb'.
ERROR:pyubx2.ubxreader:Message checksum b'\x0f\x00' invalid - should be b'C\xdc'
ERROR:pyubx2.ubxreader:Unknown protocol header b'\xd3\xcd'.
ERROR:pyubx2.ubxreader:Message checksum b'\x14\xb5' invalid - should be b'\xac{'
ERROR:pyubx2.ubxreader:Unknown protocol header b'\xb5\x02'.
ERROR:pyubx2.ubxreader:Unknown protocol header b'$0'.
ERROR:pyubx2.ubxreader:Unknown protocol header b'\xb5?'.
ERROR:pyubx2.ubxreader:Unknown protocol header b'$+'.
ERROR:pyubx2.ubxreader:Unknown protocol header b'$\x00'.
ERROR:pyubx2.ubxreader:Unknown protocol header b'\xb5\x02'.
ERROR:pyubx2.ubxreader:Unknown protocol header b'\xb5>'.
ERROR:pyubx2.ubxreader:Unknown protocol header b'\xb5\x1f'.
ERROR:pyubx2.ubxreader:Unknown protocol header b'$\x05'.
ERROR:pyubx2.ubxreader:Unknown protocol header b'\xb5\x02'.
ERROR:pyubx2.ubxreader:Unknown protocol header b'\xb5\x01'.
ERROR:pyubx2.ubxreader:Unknown protocol header b'\xb5('.
ERROR:pyubx2.ubxreader:Unknown protocol header b'\xb5\x01'.
ERROR:pyubx2.ubxreader:Unknown protocol header b'\xb5\x01'.
ERROR:pyubx2.ubxreader:Unknown protocol header b'\xb5\x01'.
ERROR:pyubx2.ubxreader:Unknown protocol header b'\xb5\x02'.
ERROR:pyubx2.ubxreader:Unknown protocol header b'\xb5\xfc'.
ERROR:pyubx2.ubxreader:Unknown protocol header b'\xd3b'.
ERROR:pyubx2.ubxreader:Unknown protocol header b'\xb5<'.
ERROR:pyubx2.ubxreader:Unknown protocol header b'\xd3\xff'.
ERROR:pyubx2.ubxreader:Unknown protocol header b'$('.
ERROR:pyubx2.ubxreader:Unknown protocol header b'\xb5\x01'.
ERROR:pyubx2.ubxreader:Unknown protocol header b'\xb5\x01'.
ERROR:pyubx2.ubxreader:Unknown protocol header b'$\x00'.
ERROR:pyubx2.ubxreader:Unknown protocol header b'$\x00'.
ERROR:pyubx2.ubxreader:Unknown protocol header b'\xb5\x01'.
ERROR:pyubx2.ubxreader:Unknown protocol header b'$\xfc'.
ERROR:pyubx2.ubxreader:Unknown protocol header b'$\x00'.
ERROR:pyubx2.ubxreader:Unknown protocol header b'\xb5\x01'.
ERROR:pyubx2.ubxreader:Unknown protocol header b'$\xd2'.
ERROR:pyubx2.ubxreader:Unknown protocol header b'$\x00'.
ERROR:pyubx2.ubxreader:Unknown protocol header b'\xb5\x01'.
ERROR:pyubx2.ubxreader:Unknown protocol header b'\xb5\x01'.
ERROR:pyubx2.ubxreader:Unknown protocol header b'\xb5\x01'.
ERROR:pyubx2.ubxreader:Unknown protocol header b'\xb5\x01'.
ERROR:pyubx2.ubxreader:Unknown protocol header b'\xb5\x01'.
ERROR:pyubx2.ubxreader:Unknown protocol header b'$\xb5'.
ERROR:pyubx2.ubxreader:Unknown protocol header b'$\xdc'.
ERROR:pyubx2.ubxreader:Unknown protocol header b'$\xf7'.
ERROR:pyubx2.ubxreader:Unknown protocol header b'$\xd7'.
ERROR:pyubx2.ubxreader:Unknown protocol header b'\xd3\x11'.
ERROR:pyubx2.ubxreader:Unknown protocol header b'\xd3\xa4'.
ERROR:pyubx2.ubxreader:Unknown protocol header b'\xd3q'.
ERROR:pyubx2.ubxreader:Unknown protocol header b'\xd3\x11'.
ERROR:pyubx2.ubxreader:Unknown protocol header b'\xb5\r'.
ERROR:pyubx2.ubxreader:Unknown protocol header b'\xb5\x02'.
ERROR:pyubx2.ubxreader:Unknown protocol header b'$\x00'.
ERROR:pyubx2.ubxreader:Unknown protocol header b'$\x0b'.
ERROR:pyubx2.ubxreader:Unknown protocol header b'\xb5\n'.
ERROR:pyubx2.ubxreader:Unknown protocol header b'\xb5\n'.
ERROR:pyubx2.ubxreader:Unknown protocol header b'\xb5\n'.
ERROR:pyubx2.ubxreader:Unknown protocol header b'\xb5\n'.
ERROR:pyubx2.ubxreader:Unknown protocol header b'\xb5\n'.
ERROR:pyubx2.ubxreader:Message checksum b'\x010' invalid - should be b'\x19\x82'
ERROR:pyubx2.ubxreader:Unknown protocol header b'\xb5\n'.
ERROR:pyubx2.ubxreader:Unknown protocol header b'\xd3\x12'.
ERROR:pyubx2.ubxreader:Unknown protocol header b'\xd3\x05'.
ERROR:pyubx2.ubxreader:Unknown protocol header b'$\x88'.
ERROR:pyubx2.ubxreader:Unknown protocol header b'$%'.
ERROR:pyubx2.ubxreader:Unknown protocol header b'$\x02'.
ERROR:pyubx2.ubxreader:Unknown protocol header b'\xb5\xa0'.
ERROR:pyubx2.ubxreader:Unknown protocol header b'\xb5A'.
ERROR:pyubx2.ubxreader:Unknown protocol header b'\xb5M'.
ERROR:pyubx2.ubxreader:Unknown protocol header b'\xb5v'.
ERROR:pyubx2.ubxreader:Message checksum b'\x8e\xb5' invalid - should be b'\xc4\x95'
ERROR:pyubx2.ubxreader:Unknown protocol header b'\xb5\x02'.
ERROR:pyubx2.ubxreader:Message checksum b'\xa1b' invalid - should be b'\xca\xae'
ERROR:pyubx2.ubxreader:Unknown protocol header b'\xb5\x02'.
ERROR:pyubx2.ubxreader:Message checksum b'\x1f\xb5' invalid - should be b'Z\xbc'
ERROR:pyubx2.ubxreader:Message checksum b'\x99\x8a' invalid - should be b'\x95I'
ERROR:pyubx2.ubxreader:Unknown protocol header b'$%'.
ERROR:pyubx2.ubxreader:Unknown protocol header b'$\x00'.
ERROR:pyubx2.ubxreader:Unknown protocol header b'$\x00'.
ERROR:pyubx2.ubxreader:Unknown protocol header b'\xb5\x01'.
ERROR:pyubx2.ubxreader:Unknown protocol header b'$\xfc'.
ERROR:pyubx2.ubxreader:Unknown protocol header b'\xb5\x01'.
ERROR:pyubx2.ubxreader:Unknown protocol header b'$\x01'.
ERROR:pyubx2.ubxreader:Unknown protocol header b'$\x00'.
ERROR:pyubx2.ubxreader:Unknown protocol header b'\xb5\x01'.
ERROR:pyubx2.ubxreader:Unknown protocol header b'\xb5\x01'.
ERROR:pyubx2.ubxreader:Unknown protocol header b'$\xbd'.
ERROR:pyubx2.ubxreader:Message checksum b'\x07\xe9' invalid - should be b'\xc1\xc8'
ERROR:pyubx2.ubxreader:Message checksum b'{\xb5' invalid - should be b'>\x03'
ERROR:pyubx2.ubxreader:Message checksum b'\x00\x00' invalid - should be b'8\xbc'
ERROR:pyubx2.ubxreader:Message checksum b',6' invalid - should be b'4\xe4'
ERROR:pyubx2.ubxreader:Unknown protocol header b'$+'.
ERROR:pyubx2.ubxreader:Unknown protocol header b'\xb5\x01'.
ERROR:pyubx2.ubxreader:Unknown protocol header b'\xd3_'.
ERROR:pyubx2.ubxreader:Unknown protocol header b'$\x05'.
ERROR:pyubx2.ubxreader:Unknown protocol header b'$\x00'.
ERROR:pyubx2.ubxreader:Unknown protocol header b'\xb5\x01'.
ERROR:pyubx2.ubxreader:Unknown protocol header b'\xd3&'.
ERROR:pyubx2.ubxreader:Unknown protocol header b'\xb5\x01'.
ERROR:pyubx2.ubxreader:Unknown protocol header b'\xb5\x01'.
ERROR:pyubx2.ubxreader:Unknown protocol header b'\xb5\x01'.
ERROR:pyubx2.ubxreader:Unknown protocol header b'\xb5\x01'.
ERROR:pyubx2.ubxreader:Unknown protocol header b'\xb5\x01'.
ERROR:pyubx2.ubxreader:Unknown protocol header b'\xb5\x01'.
ERROR:pyubx2.ubxreader:Unknown protocol header b'\xb5\x01'.
ERROR:pyubx2.ubxreader:Unknown protocol header b'\xd3)'.
ERROR:pyubx2.ubxreader:Unknown protocol header b'\xb5\x01'.
ERROR:pyubx2.ubxreader:Unknown protocol header b'\xb5\x01'.
ERROR:pyubx2.ubxreader:Unknown protocol header b'\xb5\x01'.
ERROR:pyubx2.ubxreader:Unknown protocol header b'\xb5\x01'.
ERROR:pyubx2.ubxreader:Unknown protocol header b'\xb5\x01'.
ERROR:pyubx2.ubxreader:Unknown protocol header b'\xb5\x01'.
ERROR:pyubx2.ubxreader:Unknown protocol header b'\xb5\x01'.
ERROR:pyubx2.ubxreader:Unknown protocol header b'\xb5\x01'.
ERROR:pyubx2.ubxreader:Unknown protocol header b'$\xb5'.
ERROR:pyubx2.ubxreader:Unknown protocol header b'\xd3z'.
ERROR:pyubx2.ubxreader:Unknown protocol header b'\xb5\r'.
ERROR:pyubx2.ubxreader:Unknown protocol header b'\xb5\x02'.
ERROR:pyubx2.ubxreader:Unknown protocol header b'\xb5\x02'.
ERROR:pyubx2.ubxreader:Unknown protocol header b'\xb5\x02'.
ERROR:pyubx2.ubxreader:Unknown protocol header b'\xb5\x02'.
ERROR:pyubx2.ubxreader:Unknown protocol header b'\xb5\n'.
ERROR:pyubx2.ubxreader:Unknown protocol header b'$\x02'.
ERROR:pyubx2.ubxreader:Unknown protocol header b'\xb5\x02'.
ERROR:pyubx2.ubxreader:Unknown protocol header b'$\x0c'.
ERROR:pyubx2.ubxreader:Unknown protocol header b'\xb5\xff'.
ERROR:pyubx2.ubxreader:Unknown protocol header b"\xb5'".
ERROR:pyubx2.ubxreader:Unknown protocol header b"\xb5'".
ERROR:pyubx2.ubxreader:Unknown protocol header b'\xb5\xf0'.
ERROR:pyubx2.ubxreader:Unknown protocol header b'\xb5\xc1'.
ERROR:pyubx2.ubxreader:Unknown protocol header b'\xd30'.
ERROR:pyubx2.ubxreader:Unknown protocol header b'\xd3\x88'.
ERROR:pyubx2.ubxreader:Unknown protocol header b'\xb5\x02'.
ERROR:pyubx2.ubxreader:Unknown protocol header b'\xb5\x02'.
ERROR:pyubx2.ubxreader:Unknown protocol header b'\xb5\x02'.
ERROR:pyubx2.ubxreader:Unknown protocol header b'\xb5\x02'.
ERROR:pyubx2.ubxreader:Unknown protocol header b'\xb5\x02'.
ERROR:pyubx2.ubxreader:Unknown protocol header b'\xb5\x02'.
ERROR:pyubx2.ubxreader:Unknown protocol header b'\xb5/'.
ERROR:pyubx2.ubxreader:Unknown protocol header b'\xb5\x02'.
ERROR:pyubx2.ubxreader:Unknown protocol header b'\xb5\x01'.
ERROR:pyubx2.ubxreader:Unknown protocol header b'\xb5\x01'.
ERROR:pyubx2.ubxreader:Unknown protocol header b'\xb5\x01'.
ERROR:pyubx2.ubxreader:Unknown protocol header b'\xb5\x01'.
ERROR:pyubx2.ubxreader:Unknown protocol header b'$\x00'.
ERROR:pyubx2.ubxreader:Unknown protocol header b'\xb5\x02'.
ERROR:pyubx2.ubxreader:Unknown protocol header b'\xb5\x02'.
ERROR:pyubx2.ubxreader:Unknown protocol header b'$\xdc'.
ERROR:pyubx2.ubxreader:Unknown protocol header b'$\xfa'.
ERROR:pyubx2.ubxreader:Unknown protocol header b'\xb5\x02'.
ERROR:pyubx2.ubxreader:Unknown protocol header b'\xd3\x90'.
ERROR:pyubx2.ubxreader:Unknown protocol header b'$\xc8'.
ERROR:pyubx2.ubxreader:Unknown protocol header b'\xb5\x02'.
ERROR:pyubx2.ubxreader:Unknown protocol header b'$i'.
ERROR:pyubx2.ubxreader:Unknown protocol header b'\xb5\x02'.
ERROR:pyubx2.ubxreader:Unknown protocol header b'\xb5\x02'.
ERROR:pyubx2.ubxreader:Unknown protocol header b'\xb5\x02'.
ERROR:pyubx2.ubxreader:Unknown protocol header b'\xd3\x90'.
ERROR:pyubx2.ubxreader:Unknown protocol header b'$\x04'.
ERROR:pyubx2.ubxreader:Unknown protocol header b'$\xe2'.
ERROR:pyubx2.ubxreader:Unknown protocol header b'$\xb0'.
ERROR:pyubx2.ubxreader:Unknown protocol header b'$\xe2'.
ERROR:pyubx2.ubxreader:Unknown protocol header b'$\xa7'.
ERROR:pyubx2.ubxreader:Unknown protocol header b'$\xef'.
ERROR:pyubx2.ubxreader:Unknown protocol header b'$\xd7'.
ERROR:pyubx2.ubxreader:Unknown protocol header b'$\x90'.
ERROR:pyubx2.ubxreader:Unknown protocol header b'$\xd7'.
ERROR:pyubx2.ubxreader:Unknown protocol header b'$\x90'.
ERROR:pyubx2.ubxreader:Unknown protocol header b'\xb5\n'.
ERROR:pyubx2.ubxreader:Unknown protocol header b'\xb5\n'.
ERROR:pyubx2.ubxreader:Unknown protocol header b'\xb5\n'.
ERROR:pyubx2.ubxreader:Unknown protocol header b'\xb5\n'.
ERROR:pyubx2.ubxreader:Unknown protocol header b'\xb5\n'.
ERROR:pyubx2.ubxreader:Unknown protocol header b'$\x02'.
ERROR:pyubx2.ubxreader:Unknown protocol header b'\xd3\xc4'.
ERROR:pyubx2.ubxreader:Unknown protocol header b'\xb5\xe2'.
ERROR:pyubx2.ubxreader:Unknown protocol header b'$\x00'.
ERROR:pyubx2.ubxreader:Unknown protocol header b'$\x9e'.
ERROR:pyubx2.ubxreader:Unknown protocol header b'\xb5A'.
ERROR:pyubx2.ubxreader:Unknown protocol header b'\xb5\x01'.
ERROR:pyubx2.ubxreader:Unknown protocol header b'\xb5\x01'.
ERROR:pyubx2.ubxreader:Unknown protocol header b'\xb5\x01'.
ERROR:pyubx2.ubxreader:Unknown protocol header b'$\x00'.
ERROR:pyubx2.ubxreader:Unknown protocol header b'\xb5\x01'.
ERROR:pyubx2.ubxreader:Unknown protocol header b'\xb5\x01'.
ERROR:pyubx2.ubxreader:Unknown protocol header b'$Q'.
ERROR:pyubx2.ubxreader:Unknown protocol header b'$Q'.
ERROR:pyubx2.ubxreader:Unknown protocol header b'$\x00'.
ERROR:pyubx2.ubxreader:Unknown protocol header b'\xb5\x01'.
ERROR:pyubx2.ubxreader:Unknown protocol header b'$!'.
ERROR:pyubx2.ubxreader:Unknown protocol header b'\xb5\x01'.
ERROR:pyubx2.ubxreader:Unknown protocol header b'\xd3&'.
ERROR:pyubx2.ubxreader:Unknown protocol header b'$\x00'.
ERROR:pyubx2.ubxreader:Unknown protocol header b'$\x00'.
ERROR:pyubx2.ubxreader:Unknown protocol header b'$+'.
ERROR:pyubx2.ubxreader:Unknown protocol header b'\xb5\x01'.
ERROR:pyubx2.ubxreader:Unknown protocol header b'\xb5\x01'.
ERROR:pyubx2.ubxreader:Unknown protocol header b'\xb5\x01'.
ERROR:pyubx2.ubxreader:Unknown protocol header b'\xb5\x01'.
ERROR:pyubx2.ubxreader:Unknown protocol header b'\xb5\x01'.
ERROR:pyubx2.ubxreader:Unknown protocol header b'\xb5\x01'.
ERROR:pyubx2.ubxreader:Unknown protocol header b'\xb5\x01'.
ERROR:pyubx2.ubxreader:Unknown protocol header b'\xd3\xfa'.
ERROR:pyubx2.ubxreader:Unknown protocol header b'\xb5\x01'.
ERROR:pyubx2.ubxreader:Unknown protocol header b'\xb5\x01'.
ERROR:pyubx2.ubxreader:Unknown protocol header b'\xb5\x01'.
ERROR:pyubx2.ubxreader:Unknown protocol header b'\xb5\x01'.
ERROR:pyubx2.ubxreader:Unknown protocol header b'\xd3)'.
ERROR:pyubx2.ubxreader:Unknown protocol header b'\xb5\x01'.
ERROR:pyubx2.ubxreader:Unknown protocol header b'\xb5\x01'.
ERROR:pyubx2.ubxreader:Unknown protocol header b'\xb5\x01'.
ERROR:pyubx2.ubxreader:Unknown protocol header b'\xb5\x01'.
ERROR:pyubx2.ubxreader:Unknown protocol header b'\xb5\x01'.
ERROR:pyubx2.ubxreader:Unknown protocol header b'\xb5\x01'.
ERROR:pyubx2.ubxreader:Unknown protocol header b'\xb5\x01'.
ERROR:pyubx2.ubxreader:Unknown protocol header b'\xb5\x01'.
ERROR:pyubx2.ubxreader:Unknown protocol header b"\xb5'".
ERROR:pyubx2.ubxreader:Unknown protocol header b'$\xd7'.
ERROR:pyubx2.ubxreader:Unknown protocol header b'$\xf7'.
ERROR:pyubx2.ubxreader:Unknown protocol header b'$\x17'.
ERROR:pyubx2.ubxreader:Unknown protocol header b'$7'.
ERROR:pyubx2.ubxreader:Unknown protocol header b'\xd3\x05'.
ERROR:pyubx2.ubxreader:Unknown protocol header b'$\x17'.
ERROR:pyubx2.ubxreader:Unknown protocol header b'\xd3D'.
ERROR:pyubx2.ubxreader:Unknown protocol header b'\xd3D'.
ERROR:pyubx2.ubxreader:Unknown protocol header b'$\x17'.
ERROR:pyubx2.ubxreader:Unknown protocol header b'\xd3D'.
ERROR:pyubx2.ubxreader:Unknown protocol header b'$\xd7'.
ERROR:pyubx2.ubxreader:Unknown protocol header b'$\xd7'.
ERROR:pyubx2.ubxreader:Unknown protocol header b'$\xf7'.
ERROR:pyubx2.ubxreader:Unknown protocol header b'\xd3\xa4'.
ERROR:pyubx2.ubxreader:Unknown protocol header b'$.'.
ERROR:pyubx2.ubxreader:Unknown protocol header b'\xd3q'.
ERROR:pyubx2.ubxreader:Unknown protocol header b'$.'.
ERROR:pyubx2.ubxreader:Unknown protocol header b'\xb5\r'.
ERROR:pyubx2.ubxreader:Unknown protocol header b'\xb5\x02'.
ERROR:pyubx2.ubxreader:Unknown protocol header b'\xb5\x02'.
ERROR:pyubx2.ubxreader:Unknown protocol header b'\xb5\x02'.
ERROR:pyubx2.ubxreader:Unknown protocol header b'\xb5\x02'.
ERROR:pyubx2.ubxreader:Unknown protocol header b'\xb5\x02'.
ERROR:pyubx2.ubxreader:Unknown protocol header b'\xb5\x02'.
ERROR:pyubx2.ubxreader:Unknown protocol header b'\xb5\n'.
ERROR:pyubx2.ubxreader:Unknown protocol header b'\xb5\n'.
ERROR:pyubx2.ubxreader:Unknown protocol header b'\xb5\n'.
ERROR:pyubx2.ubxreader:Unknown protocol header b'\xb5\n'.
ERROR:pyubx2.ubxreader:Unknown protocol header b'\xb5\n'.
ERROR:pyubx2.ubxreader:Unknown protocol header b'$\x00'.
ERROR:pyubx2.ubxreader:Unknown protocol header b'\xb5\n'.
ERROR:pyubx2.ubxreader:Unknown protocol header b'\xb5\x02'.
ERROR:pyubx2.ubxreader:Unknown protocol header b'$\x01'.
ERROR:pyubx2.ubxreader:Unknown protocol header b'\xd3\x1b'.
ERROR:pyubx2.ubxreader:Unknown protocol header b'\xb5\x02'.
ERROR:pyubx2.ubxreader:Unknown protocol header b'\xb5\x93'.
ERROR:pyubx2.ubxreader:Unknown protocol header b'$\x00'.
ERROR:pyubx2.ubxreader:Unknown protocol header b'\xb5\xc3'.
ERROR:pyubx2.ubxreader:Unknown protocol header b'\xb5\xe0'.
ERROR:pyubx2.ubxreader:Unknown protocol header b'\xb5\x02'.
ERROR:pyubx2.ubxreader:Message checksum b'j\x02' invalid - should be b't!'
ERROR:pyubx2.ubxreader:Message checksum b'Q\xb5' invalid - should be b'\x82\x16'
ERROR:pyubx2.ubxreader:Message checksum b'\xc2\x02' invalid - should be b'pu'
ERROR:pyubx2.ubxreader:Unknown protocol header b'\xb5\xb5'.
ERROR:pyubx2.ubxreader:Unknown protocol header b'$\x00'.
ERROR:pyubx2.ubxreader:Unknown protocol header b'\xb5\x10'.
ERROR:pyubx2.ubxreader:Unknown protocol header b'\xb5+'.
ERROR:pyubx2.ubxreader:Unknown protocol header b'\xb5\xb5'.
ERROR:pyubx2.ubxreader:Unknown protocol header b'\xb5\xb5'.
device reports readiness to read but returned no data (device disconnected or multiple access on port?)
Error in get ublox data thread: device reports readiness to read but returned no data (device disconnected or multiple access on port?)
Error in get ublox data thread: device reports readiness to read but returned no data (device disconnected or multiple access on port?)
Error in get ublox data thread: device reports readiness to read but returned no data (device disconnected or multiple access on port?)
Error in get ublox data thread: device reports readiness to read but returned no data (device disconnected or multiple access on port?)
Error in get ublox data thread: device reports readiness to read but returned no data (device disconnected or multiple access on port?)
Error in get ublox data thread: device reports readiness to read but returned no data (device disconnected or multiple access on port?)
Error in get ublox data thread: device reports readiness to read but returned no data (device disconnected or multiple access on port?)
Error in get ublox data thread: device reports readiness to read but returned no data (device disconnected or multiple access on port?)
Error in get ublox data thread: device reports readiness to read but returned no data (device disconnected or multiple access on port?)
Error in get ublox data thread: device reports readiness to read but returned no data (device disconnected or multiple access on port?)
Error in get ublox data thread: device reports readiness to read but returned no data (device disconnected or multiple access on port?)
Error in get ublox data thread: device reports readiness to read but returned no data (device disconnected or multiple access on port?)
Error in get ublox data thread: device reports readiness to read but returned no data (device disconnected or multiple access on port?)
Error in get ublox data thread: device reports readiness to read but returned no data (device disconnected or multiple access on port?)
Error in get ublox data thread: device reports readiness to read but returned no data (device disconnected or multiple access on port?)
Error in get ublox data thread: device reports readiness to read but returned no data (device disconnected or multiple access on port?)
Error in get ublox data thread: device reports readiness to read but returned no data (device disconnected or multiple access on port?)
Error in get ublox data thread: device reports readiness to read but returned no data (device disconnected or multiple access on port?)
Error in get ublox data thread: device reports readiness to read but returned no data (device disconnected or multiple access on port?)
Error in get ublox data thread: device reports readiness to read but returned no data (device disconnected or multiple access on port?)
Error in get ublox data thread: device reports readiness to read but returned no data (device disconnected or multiple access on port?)
Error in get ublox data thread: device reports readiness to read but returned no data (device disconnected or multiple access on port?)
Error in get ublox data thread: device reports readiness to read but returned no data (device disconnected or multiple access on port?)
Error in get ublox data thread: device reports readiness to read but returned no data (device disconnected or multiple access on port?)
Error in get ublox data thread: device reports readiness to read but returned no data (device disconnected or multiple access on port?)
Error in get ublox data thread: device reports readiness to read but returned no data (device disconnected or multiple access on port?)
Error in get ublox data thread: device reports readiness to read but returned no data (device disconnected or multiple access on port?)
Error in get ublox data thread: device reports readiness to read but returned no data (device disconnected or multiple access on port?)
Error in get ublox data thread: device reports readiness to read but returned no data (device disconnected or multiple access on port?)
Error in get ublox data thread: device reports readiness to read but returned no data (device disconnected or multiple access on port?)
Error in get ublox data thread: device reports readiness to read but returned no data (device disconnected or multiple access on port?)
Error in get ublox data thread: device reports readiness to read but returned no data (device disconnected or multiple access on port?)
Error in get ublox data thread: device reports readiness to read but returned no data (device disconnected or multiple access on port?)
Error in get ublox data thread: device reports readiness to read but returned no data (device disconnected or multiple access on port?)
Error in get ublox data thread: device reports readiness to read but returned no data (device disconnected or multiple access on port?)
Error in get ublox data thread: device reports readiness to read but returned no data (device disconnected or multiple access on port?)
Error in get ublox data thread: device reports readiness to read but returned no data (device disconnected or multiple access on port?)
Error in get ublox data thread: device reports readiness to read but returned no data (device disconnected or multiple access on port?)
Error in get ublox data thread: device reports readiness to read but returned no data (device disconnected or multiple access on port?)
Error in get ublox data thread: device reports readiness to read but returned no data (device disconnected or multiple access on port?)
Error in get ublox data thread: device reports readiness to read but returned no data (device disconnected or multiple access on port?)
Error in get ublox data thread: device reports readiness to read but returned no data (device disconnected or multiple access on port?)
Error in get ublox data thread: device reports readiness to read but returned no data (device disconnected or multiple access on port?)
Error in get ublox data thread: device reports readiness to read but returned no data (device disconnected or multiple access on port?)
Error in get ublox data thread: device reports readiness to read but returned no data (device disconnected or multiple access on port?)
Error in get ublox data thread: device reports readiness to read but returned no data (device disconnected or multiple access on port?)
Error in get ublox data thread: device reports readiness to read but returned no data (device disconnected or multiple access on port?)
Error in get ublox data thread: device reports readiness to read but returned no data (device disconnected or multiple access on port?)
Error in get ublox data thread: device reports readiness to read but returned no data (device disconnected or multiple access on port?)
Error in get ublox data thread: device reports readiness to read but returned no data (device disconnected or multiple access on port?)
Error in get ublox data thread: device reports readiness to read but returned no data (device disconnected or multiple access on port?)
Error in get ublox data thread: device reports readiness to read but returned no data (device disconnected or multiple access on port?)
Error in get ublox data thread: device reports readiness to read but returned no data (device disconnected or multiple access on port?)
Error in get ublox data thread: device reports readiness to read but returned no data (device disconnected or multiple access on port?)
Error in get ublox data thread: device reports readiness to read but returned no data (device disconnected or multiple access on port?)
Error in get ublox data thread: device reports readiness to read but returned no data (device disconnected or multiple access on port?)
Error in get ublox data thread: device reports readiness to read but returned no data (device disconnected or multiple access on port?)
Error in get ublox data thread: device reports readiness to read but returned no data (device disconnected or multiple access on port?)
Error in get ublox data thread: device reports readiness to read but returned no data (device disconnected or multiple access on port?)
Error in get ublox data thread: ERROR:pyubx2.ubxreader:Unknown protocol header b'$$'.
ERROR:pyubx2.ubxreader:Unknown protocol header b'$$'.
ERROR:pyubx2.ubxreader:Unknown protocol header b'\xb5\xfb'.
ERROR:pyubx2.ubxreader:Message checksum b'\x00\x00' invalid - should be b'\xcf\x92'
ERROR:pyubx2.ubxreader:Unknown protocol header b'\xb5\n'.
ERROR:pyubx2.ubxreader:Unknown protocol header b'$\x00'.
ERROR:pyubx2.ubxreader:Unknown protocol header b'\xb5\n'.
ERROR:pyubx2.ubxreader:Unknown protocol header b'$\x02'.
ERROR:pyubx2.ubxreader:Unknown protocol header b'\xd3\xd8'.
ERROR:pyubx2.ubxreader:Unknown protocol header b'\xd3\xaa'.
ERROR:pyubx2.ubxreader:Unknown protocol header b"\xb5'".
ERROR:pyubx2.ubxreader:Unknown protocol header b'\xb5\x02'.
ERROR:pyubx2.ubxreader:Unknown protocol header b'$\x15'.
ERROR:pyubx2.ubxreader:Unknown protocol header b'\xb5\xc3'.
ERROR:pyubx2.ubxreader:Unknown protocol header b'\xb5.'.
ERROR:pyubx2.ubxreader:Unknown protocol header b'\xd3\x10'.
ERROR:pyubx2.ubxreader:Unknown protocol header b'$\x00'.
ERROR:pyubx2.ubxreader:Unknown protocol header b'\xd3.'.
ERROR:pyubx2.ubxreader:Unknown protocol header b'\xb5A'.
ERROR:pyubx2.ubxreader:Unknown protocol header b'$\xba'.
ERROR:pyubx2.ubxreader:Unknown protocol header b'\xb5\x02'.
ERROR:pyubx2.ubxreader:Unknown protocol header b'\xb5\x02'.
ERROR:pyubx2.ubxreader:Unknown protocol header b'\xb5\x02'.
ERROR:pyubx2.ubxreader:Unknown protocol header b'\xb5\x02'.
ERROR:pyubx2.ubxreader:Unknown protocol header b'\xb5\x02'.
ERROR:pyubx2.ubxreader:Unknown protocol header b'\xb5\x02'.
ERROR:pyubx2.ubxreader:Unknown protocol header b'\xb5\x02'.
ERROR:pyubx2.ubxreader:Unknown protocol header b'\xb5\x02'.
ERROR:pyubx2.ubxreader:Unknown protocol header b'\xb5\x02'.
ERROR:pyubx2.ubxreader:Unknown protocol header b'\xb5\x02'.
ERROR:pyubx2.ubxreader:Unknown protocol header b'\xb5\x02'.
ERROR:pyubx2.ubxreader:Unknown protocol header b'\xb5\x02'.
ERROR:pyubx2.ubxreader:Unknown protocol header b'\xb5\x02'.
ERROR:pyubx2.ubxreader:Unknown protocol header b'\xb5\x02'.
ERROR:pyubx2.ubxreader:Unknown protocol header b'\xb5\x02'.
ERROR:pyubx2.ubxreader:Unknown protocol header b'\xb5\x02'.
ERROR:pyubx2.ubxreader:Unknown protocol header b'\xb5\x02'.
ERROR:pyubx2.ubxreader:Unknown protocol header b'\xb5\x02'.
ERROR:pyubx2.ubxreader:Unknown protocol header b'\xb5\x02'.
ERROR:pyubx2.ubxreader:Unknown protocol header b'\xb5\x02'.
ERROR:pyubx2.ubxreader:Unknown protocol header b'$+'.
ERROR:pyubx2.ubxreader:Unknown protocol header b'\xb5\x01'.
ERROR:pyubx2.ubxreader:Unknown protocol header b'$\x05'.
ERROR:pyubx2.ubxreader:Unknown protocol header b'\xb5\x01'.
ERROR:pyubx2.ubxreader:Unknown protocol header b"\xd3'".
ERROR:pyubx2.ubxreader:Unknown protocol header b'$\x00'.
ERROR:pyubx2.ubxreader:Unknown protocol header b'\xb5\x01'.
ERROR:pyubx2.ubxreader:Unknown protocol header b'\xb5\x01'.
ERROR:pyubx2.ubxreader:Unknown protocol header b'\xb5\x01'.
ERROR:pyubx2.ubxreader:Unknown protocol header b'\xb5\x01'.
ERROR:pyubx2.ubxreader:Unknown protocol header b'$\x14'.
ERROR:pyubx2.ubxreader:Message checksum b'\xb5b' invalid - should be b'YN'
ERROR:pyubx2.ubxreader:Unknown protocol header b'\xb5\x01'.
ERROR:pyubx2.ubxreader:Unknown protocol header b'\xb5\x01'.
ERROR:pyubx2.ubxreader:Unknown protocol header b'\xb5\x01'.
ERROR:pyubx2.ubxreader:Unknown protocol header b'\xb5\xa8'.
ERROR:pyubx2.ubxreader:Unknown protocol header b'\xb5\x01'.
ERROR:pyubx2.ubxreader:Unknown protocol header b'$\xd7'.
ERROR:pyubx2.ubxreader:Unknown protocol header b'$u'.
ERROR:pyubx2.ubxreader:Unknown protocol header b'\xd3D'.
ERROR:pyubx2.ubxreader:Unknown protocol header b'$\x17'.
ERROR:pyubx2.ubxreader:Unknown protocol header b'$\xd7'.
ERROR:pyubx2.ubxreader:Unknown protocol header b'$\xd7'.
ERROR:pyubx2.ubxreader:Unknown protocol header b'$\xf7'.
ERROR:pyubx2.ubxreader:Unknown protocol header b'\xd3\xa4'.
ERROR:pyubx2.ubxreader:Unknown protocol header b'\xb5\xff'.
ERROR:pyubx2.ubxreader:Unknown protocol header b'\xb5\r'.
ERROR:pyubx2.ubxreader:Unknown protocol header b'\xb5\n'.
ERROR:pyubx2.ubxreader:Unknown protocol header b'\xb5\n'.
ERROR:pyubx2.ubxreader:Unknown protocol header b'\xb5\n'.
ERROR:pyubx2.ubxreader:Unknown protocol header b'\xb5\n'.
ERROR:pyubx2.ubxreader:Unknown protocol header b'$\x00'.
ERROR:pyubx2.ubxreader:Unknown protocol header b'\xb5\n'.
ERROR:pyubx2.ubxreader:Unknown protocol header b'$\x02'.
ERROR:pyubx2.ubxreader:Unknown protocol header b'\xb5\x02'.
ERROR:pyubx2.ubxreader:Unknown protocol header b'$\x04'.
ERROR:pyubx2.ubxreader:Unknown protocol header b'\xd3k'.
ERROR:pyubx2.ubxreader:Unknown protocol header b"\xb5'".
ERROR:pyubx2.ubxreader:Message checksum b'\x12H' invalid - should be b'\xf1d'
ERROR:pyubx2.ubxreader:Unknown protocol header b'\xb5_'.
ERROR:pyubx2.ubxreader:Unknown protocol header b'\xd3>'.
ERROR:pyubx2.ubxreader:Unknown protocol header b'$\x0b'.
ERROR:pyubx2.ubxreader:Unknown protocol header b'\xb5A'.
ERROR:pyubx2.ubxreader:Unknown protocol header b'\xd3A'.
ERROR:pyubx2.ubxreader:Unknown protocol header b'$!'.
ERROR:pyubx2.ubxreader:Unknown protocol header b'$\x00'.
ERROR:pyubx2.ubxreader:Unknown protocol header b'\xb5\x02'.
ERROR:pyubx2.ubxreader:Unknown protocol header b'\xd3G'.
ERROR:pyubx2.ubxreader:Unknown protocol header b'$#'.
ERROR:pyubx2.ubxreader:Unknown protocol header b"\xb5'".
ERROR:pyubx2.ubxreader:Unknown protocol header b'\xb5\x02'.
ERROR:pyubx2.ubxreader:Unknown protocol header b'$\x03'.
ERROR:pyubx2.ubxreader:Unknown protocol header b'\xd3\xc3'.
ERROR:pyubx2.ubxreader:Unknown protocol header b'\xb5\x80'.
ERROR:pyubx2.ubxreader:Unknown protocol header b'$\x06'.
ERROR:pyubx2.ubxreader:Unknown protocol header b'\xb5A'.
ERROR:pyubx2.ubxreader:Unknown protocol header b'\xb5\xc4'.
ERROR:pyubx2.ubxreader:Unknown protocol header b'\xd3\xcb'.
ERROR:pyubx2.ubxreader:Unknown protocol header b'\xb5\x02'.
ERROR:pyubx2.ubxreader:Unknown protocol header b'\xb5\x02'.
ERROR:pyubx2.ubxreader:Unknown protocol header b'\xb5\x02'.
ERROR:pyubx2.ubxreader:Unknown protocol header b'\xb5\x02'.
ERROR:pyubx2.ubxreader:Unknown protocol header b'\xb5\x02'.
ERROR:pyubx2.ubxreader:Unknown protocol header b'\xb5\x02'.
ERROR:pyubx2.ubxreader:Unknown protocol header b'\xb5\x02'.
ERROR:pyubx2.ubxreader:Message checksum b',5' invalid - should be b'0\x1c'
ERROR:pyubx2.ubxreader:Unknown protocol header b'\xb5\x01'.
ERROR:pyubx2.ubxreader:Unknown protocol header b'\xb5\x01'.
ERROR:pyubx2.ubxreader:Unknown protocol header b'\xd3_'.
ERROR:pyubx2.ubxreader:Unknown protocol header b'$\x05'.
ERROR:pyubx2.ubxreader:Unknown protocol header b'\xb5\x01'.
ERROR:pyubx2.ubxreader:Unknown protocol header b'\xd3/'.
ERROR:pyubx2.ubxreader:Unknown protocol header b'$\x01'.
ERROR:pyubx2.ubxreader:Unknown protocol header b'$\x00'.
ERROR:pyubx2.ubxreader:Unknown protocol header b'$-'.
ERROR:pyubx2.ubxreader:Unknown protocol header b'\xb5\x01'.
ERROR:pyubx2.ubxreader:Unknown protocol header b'\xb5\x01'.
ERROR:pyubx2.ubxreader:Unknown protocol header b'$\xd7'.
ERROR:pyubx2.ubxreader:Unknown protocol header b'\xd3q'.
ERROR:pyubx2.ubxreader:Unknown protocol header b'$.'.
ERROR:pyubx2.ubxreader:Unknown protocol header b'\xb5u'.
ERROR:pyubx2.ubxreader:Unknown protocol header b'$.'.
ERROR:pyubx2.ubxreader:Unknown protocol header b'\xb5\n'.
ERROR:pyubx2.ubxreader:Unknown protocol header b'\xb5\r'.
ERROR:pyubx2.ubxreader:Message checksum b'\x88\xb5' invalid - should be b'\xd2\xcd'
ERROR:pyubx2.ubxreader:Message checksum b'b\n' invalid - should be b'\xc1\x11'
ERROR:pyubx2.ubxreader:Unknown protocol header b'\xb5\x14'.
ERROR:pyubx2.ubxreader:Unknown protocol header b'$\xff'.
ERROR:pyubx2.ubxreader:Unknown protocol header b'\xd3B'.
ERROR:pyubx2.ubxreader:Unknown protocol header b"\xb5'".
ERROR:pyubx2.ubxreader:Unknown protocol header b'\xb5\x02'.
ERROR:pyubx2.ubxreader:Unknown protocol header b'$\x9b'.
ERROR:pyubx2.ubxreader:Unknown protocol header b'\xd38'.
ERROR:pyubx2.ubxreader:Unknown protocol header b'\xd3K'.
ERROR:pyubx2.ubxreader:Unknown protocol header b'\xb5A'.
ERROR:pyubx2.ubxreader:Unknown protocol header b'$@'.
ERROR:pyubx2.ubxreader:Unknown protocol header b'\xd3A'.
ERROR:pyubx2.ubxreader:Unknown protocol header b'$\x04'.
ERROR:pyubx2.ubxreader:Unknown protocol header b'\xb5\x02'.
ERROR:pyubx2.ubxreader:Unknown protocol header b'\xb5\x02'.
ERROR:pyubx2.ubxreader:Unknown protocol header b'\xb5\x02'.
ERROR:pyubx2.ubxreader:Unknown protocol header b'\xb5\x02'.
ERROR:pyubx2.ubxreader:Message checksum b'\x1c\x00' invalid - should be b'|\xa7'
ERROR:pyubx2.ubxreader:Unknown protocol header b'\xb5\x01'.
ERROR:pyubx2.ubxreader:Unknown protocol header b'\xb5\x01'.
ERROR:pyubx2.ubxreader:Unknown protocol header b'$\x00'.
ERROR:pyubx2.ubxreader:Unknown protocol header b'$+'.
ERROR:pyubx2.ubxreader:Unknown protocol header b'$\x05'.
ERROR:pyubx2.ubxreader:Unknown protocol header b'\xb5\x01'.
ERROR:pyubx2.ubxreader:Unknown protocol header b'\xb5\x01'.
ERROR:pyubx2.ubxreader:Unknown protocol header b'$\x14'.
ERROR:pyubx2.ubxreader:Unknown protocol header b'\xb5\x01'.
ERROR:pyubx2.ubxreader:Unknown protocol header b'\xb5\x01'.
ERROR:pyubx2.ubxreader:Unknown protocol header b'\xb5\x01'.
ERROR:pyubx2.ubxreader:Unknown protocol header b'\xd3)'.
ERROR:pyubx2.ubxreader:Unknown protocol header b'\xb5\x01'.
ERROR:pyubx2.ubxreader:Unknown protocol header b'\xb5\x01'.
ERROR:pyubx2.ubxreader:Unknown protocol header b'\xb5\x01'.
ERROR:pyubx2.ubxreader:Unknown protocol header b"\xb5'".
ERROR:pyubx2.ubxreader:Unknown protocol header b'\xb5\xa4'.
ERROR:pyubx2.ubxreader:Unknown protocol header b'\xb5\xa4'.
ERROR:pyubx2.ubxreader:Unknown protocol header b'$\xd7'.
ERROR:pyubx2.ubxreader:Unknown protocol header b'$.'.
ERROR:pyubx2.ubxreader:Unknown protocol header b'\xd3\xa1'.
ERROR:pyubx2.ubxreader:Unknown protocol header b'$7'.
ERROR:pyubx2.ubxreader:Unknown protocol header b'\xd3q'.
ERROR:pyubx2.ubxreader:Unknown protocol header b'$\x17'.
ERROR:pyubx2.ubxreader:Unknown protocol header b'$y'.
ERROR:pyubx2.ubxreader:Unknown protocol header b'$\xd7'.
ERROR:pyubx2.ubxreader:Unknown protocol header b'\xd3\xa4'.
ERROR:pyubx2.ubxreader:Unknown protocol header b'$.'.
ERROR:pyubx2.ubxreader:Unknown protocol header b'\xd3q'.
ERROR:pyubx2.ubxreader:Unknown protocol header b'$.'.
ERROR:pyubx2.ubxreader:Unknown protocol header b'\xd3q'.
ERROR:pyubx2.ubxreader:Unknown protocol header b'\xb5\r'.
ERROR:pyubx2.ubxreader:Unknown protocol header b'\xb5\x02'.
ERROR:pyubx2.ubxreader:Unknown protocol header b'\xb5\x02'.
ERROR:pyubx2.ubxreader:Unknown protocol header b'$\x0f'.
ERROR:pyubx2.ubxreader:Unknown protocol header b'$\x0f'.
ERROR:pyubx2.ubxreader:Message checksum b'p\xb5' invalid - should be b'5\xd0'
ERROR:pyubx2.ubxreader:Unknown protocol header b'$\x0f'.
ERROR:pyubx2.ubxreader:Unknown protocol header b'\xb5\x02'.
ERROR:pyubx2.ubxreader:Unknown protocol header b'\xb5\x02'.
ERROR:pyubx2.ubxreader:Unknown protocol header b'\xb5\x02'.
ERROR:pyubx2.ubxreader:Unknown protocol header b'$\x0f'.
ERROR:pyubx2.ubxreader:Unknown protocol header b'$\x0f'.
ERROR:pyubx2.ubxreader:Unknown protocol header b'$\x0f'.
ERROR:pyubx2.ubxreader:Unknown protocol header b'$\x0f'.
ERROR:pyubx2.ubxreader:Unknown protocol header b'$b'.
ERROR:pyubx2.ubxreader:Unknown protocol header b'$\x0f'.
ERROR:pyubx2.ubxreader:Unknown protocol header b'\xb5\x13'.
ERROR:pyubx2.ubxreader:Unknown protocol header b'$\xa9'.
ERROR:pyubx2.ubxreader:Unknown protocol header b'\xb5\n'.
ERROR:pyubx2.ubxreader:Unknown protocol header b'\xb5\n'.
ERROR:pyubx2.ubxreader:Unknown protocol header b'\xb5\n'.
ERROR:pyubx2.ubxreader:Unknown protocol header b'\xb5\n'.
ERROR:pyubx2.ubxreader:Unknown protocol header b'\xb5\n'.
ERROR:pyubx2.ubxreader:Unknown protocol header b'$\x02'.
ERROR:pyubx2.ubxreader:Unknown protocol header b'\xb5\\'.
ERROR:pyubx2.ubxreader:Unknown protocol header b'\xb5\x01'.
ERROR:pyubx2.ubxreader:Unknown protocol header b'\xb5\x01'.
ERROR:pyubx2.ubxreader:Unknown protocol header b'\xb5\x01'.
ERROR:pyubx2.ubxreader:Unknown protocol header b'\xb5\x01'.
ERROR:pyubx2.ubxreader:Unknown protocol header b'$Q'.
ERROR:pyubx2.ubxreader:Unknown protocol header b'$+'.
ERROR:pyubx2.ubxreader:Unknown protocol header b'$\x05'.
ERROR:pyubx2.ubxreader:Unknown protocol header b'$\x00'.
ERROR:pyubx2.ubxreader:Unknown protocol header b'\xb5\x01'.
ERROR:pyubx2.ubxreader:Unknown protocol header b'$\x00'.
ERROR:pyubx2.ubxreader:Unknown protocol header b'\xb5\x01'.
ERROR:pyubx2.ubxreader:Unknown protocol header b'\xb5\x01'.
ERROR:pyubx2.ubxreader:Unknown protocol header b'\xb5\x01'.
ERROR:pyubx2.ubxreader:Unknown protocol header b'\xb5\x01'.
ERROR:pyubx2.ubxreader:Unknown protocol header b'\xb5\x01'.
ERROR:pyubx2.ubxreader:Unknown protocol header b'$\xb1'.
ERROR:pyubx2.ubxreader:Unknown protocol header b'\xb5\x01'.
ERROR:pyubx2.ubxreader:Unknown protocol header b'\xb5\x01'.
ERROR:pyubx2.ubxreader:Unknown protocol header b'\xb5\x01'.
ERROR:pyubx2.ubxreader:Unknown protocol header b'\xb5\x01'.
ERROR:pyubx2.ubxreader:Unknown protocol header b"\xb5'".
ERROR:pyubx2.ubxreader:Unknown protocol header b'\xb5\xa4'.
ERROR:pyubx2.ubxreader:Unknown protocol header b'$\xa9'.
ERROR:pyubx2.ubxreader:Unknown protocol header b'$\xd7'.
ERROR:pyubx2.ubxreader:Unknown protocol header b'\xd3q'.
ERROR:pyubx2.ubxreader:Unknown protocol header b'$\xf7'.
ERROR:pyubx2.ubxreader:Unknown protocol header b'$\x17'.
ERROR:pyubx2.ubxreader:Unknown protocol header b'$7'.
ERROR:pyubx2.ubxreader:Unknown protocol header b'$\x17'.
ERROR:pyubx2.ubxreader:Unknown protocol header b'$\xd7'.
ERROR:pyubx2.ubxreader:Unknown protocol header b'$\xd7'.
ERROR:pyubx2.ubxreader:Unknown protocol header b'$\xf7'.
ERROR:pyubx2.ubxreader:Unknown protocol header b'\xd3\xa4'.
ERROR:pyubx2.ubxreader:Unknown protocol header b'\xb5\x1a'.
ERROR:pyubx2.ubxreader:Unknown protocol header b'\xd3q'.
ERROR:pyubx2.ubxreader:Unknown protocol header b'\xb5\x02'.
ERROR:pyubx2.ubxreader:Unknown protocol header b'\xb5\x02'.
ERROR:pyubx2.ubxreader:Unknown protocol header b'\xb5\x02'.
ERROR:pyubx2.ubxreader:Unknown protocol header b'$\x00'.
ERROR:pyubx2.ubxreader:Serial stream terminated unexpectedly. 43532 bytes requested, 14644 bytes returned.
ERROR:pyubx2.ubxreader:Unknown protocol header b'\xb5\n'.
ERROR:pyubx2.ubxreader:Unknown protocol header b'\xb5\n'.
ERROR:pyubx2.ubxreader:Unknown protocol header b'\xb5\n'.
ERROR:pyubx2.ubxreader:Unknown protocol header b'\xb5\n'.
ERROR:pyubx2.ubxreader:Unknown protocol header b'\xb5\n'.
ERROR:pyubx2.ubxreader:Unknown protocol header b'\xb5\n'.
ERROR:pyubx2.ubxreader:Unknown protocol header b'\xb5\n'.
ERROR:pyubx2.ubxreader:Unknown protocol header b"\xb5'".
ERROR:pyubx2.ubxreader:Unknown protocol header b"\xb5'".
ERROR:pyubx2.ubxreader:Unknown protocol header b'$\xdd'.
ERROR:pyubx2.ubxreader:Unknown protocol header b'\xd32'.
ERROR:pyubx2.ubxreader:Unknown protocol header b'\xb5\xa8'.
ERROR:pyubx2.ubxreader:Unknown protocol header b'\xb5A'.
ERROR:pyubx2.ubxreader:Unknown protocol header b'$\x19'.
ERROR:pyubx2.ubxreader:Unknown protocol header b'$8'.
ERROR:pyubx2.ubxreader:Unknown protocol header b'$\x03'.
ERROR:pyubx2.ubxreader:Unknown protocol header b'\xb5\x01'.
ERROR:pyubx2.ubxreader:Unknown protocol header b'$\x00'.
ERROR:pyubx2.ubxreader:Unknown protocol header b'\xb5\x01'.
ERROR:pyubx2.ubxreader:Unknown protocol header b'$Q'.
ERROR:pyubx2.ubxreader:Unknown protocol header b'$+'.
ERROR:pyubx2.ubxreader:Unknown protocol header b'\xb5\x01'.
ERROR:pyubx2.ubxreader:Unknown protocol header b'$\x05'.
ERROR:pyubx2.ubxreader:Unknown protocol header b'$\x00'.
ERROR:pyubx2.ubxreader:Unknown protocol header b'$\x1f'.
ERROR:pyubx2.ubxreader:Unknown protocol header b'$\x00'.
ERROR:pyubx2.ubxreader:Unknown protocol header b'$,'.
ERROR:pyubx2.ubxreader:Unknown protocol header b'$\x00'.
ERROR:pyubx2.ubxreader:Unknown protocol header b'\xb5\x01'.
ERROR:pyubx2.ubxreader:Unknown protocol header b'\xb5\x01'.
ERROR:pyubx2.ubxreader:Unknown protocol header b'\xb5\x01'.
ERROR:pyubx2.ubxreader:Unknown protocol header b'\xb5\x01'.
ERROR:pyubx2.ubxreader:Unknown protocol header b'\xb5\x01'.
ERROR:pyubx2.ubxreader:Unknown protocol header b'\xb5\x01'.
ERROR:pyubx2.ubxreader:Unknown protocol header b'\xb5\x01'.
ERROR:pyubx2.ubxreader:Unknown protocol header b'\xb5\x01'.
ERROR:pyubx2.ubxreader:Unknown protocol header b'\xb5\x01'.
ERROR:pyubx2.ubxreader:Unknown protocol header b'\xb5\x01'.
ERROR:pyubx2.ubxreader:Unknown protocol header b'\xb5\x01'.
ERROR:pyubx2.ubxreader:Unknown protocol header b'\xb5\x01'.
ERROR:pyubx2.ubxreader:Unknown protocol header b'\xb5\x01'.
ERROR:pyubx2.ubxreader:Unknown protocol header b'\xb5\x16'.
ERROR:pyubx2.ubxreader:Unknown protocol header b'\xb5\x01'.
ERROR:pyubx2.ubxreader:Unknown protocol header b'\xb5\x01'.
ERROR:pyubx2.ubxreader:Unknown protocol header b'\xb5\x01'.
ERROR:pyubx2.ubxreader:Unknown protocol header b'\xb5\x01'.
ERROR:pyubx2.ubxreader:Unknown protocol header b'\xb5\x01'.
ERROR:pyubx2.ubxreader:Unknown protocol header b"\xb5'".
ERROR:pyubx2.ubxreader:Unknown protocol header b'\xd3\xa9'.
ERROR:pyubx2.ubxreader:Unknown protocol header b'$\xd7'.
ERROR:pyubx2.ubxreader:Unknown protocol header b'$.'.
ERROR:pyubx2.ubxreader:Unknown protocol header b'$.'.
ERROR:pyubx2.ubxreader:Unknown protocol header b'\xd3q'.
ERROR:pyubx2.ubxreader:Unknown protocol header b'$\xf7'.
ERROR:pyubx2.ubxreader:Unknown protocol header b'$\x17'.
ERROR:pyubx2.ubxreader:Unknown protocol header b'$7'.
ERROR:pyubx2.ubxreader:Unknown protocol header b'\xd3q'.
ERROR:pyubx2.ubxreader:Unknown protocol header b'$\x17'.
ERROR:pyubx2.ubxreader:Unknown protocol header b'$\xd7'.
ERROR:pyubx2.ubxreader:Unknown protocol header b'\xd3\xa4'.
ERROR:pyubx2.ubxreader:Unknown protocol header b'$.'.
ERROR:pyubx2.ubxreader:Unknown protocol header b'\xb5z'.
ERROR:pyubx2.ubxreader:Unknown protocol header b'$.'.
ERROR:pyubx2.ubxreader:Unknown protocol header b'\xd3q'.
ERROR:pyubx2.ubxreader:Unknown protocol header b'\xb5u'.
ERROR:pyubx2.ubxreader:Unknown protocol header b'$\x7f'.
ERROR:pyubx2.ubxreader:Unknown protocol header b'\xb5\r'.
ERROR:pyubx2.ubxreader:Unknown protocol header b'\xb5\x02'.
ERROR:pyubx2.ubxreader:Unknown protocol header b'$\x00'.
ERROR:pyubx2.ubxreader:Unknown protocol header b'\xb5\x89'.
ERROR:pyubx2.ubxreader:Message checksum b'b\x02' invalid - should be b'V?'
ERROR:pyubx2.ubxreader:Unknown protocol header b'\xd3A'.
ERROR:pyubx2.ubxreader:Unknown protocol header b'\xb5\xb5'.
ERROR:pyubx2.ubxreader:Unknown protocol header b'\xb5$'.
ERROR:pyubx2.ubxreader:Unknown protocol header b'\xb5{'.
ERROR:pyubx2.ubxreader:Unknown protocol header b'\xb5\x16'.
ERROR:pyubx2.ubxreader:Unknown protocol header b'\xb5\xb5'.
ERROR:pyubx2.ubxreader:Unknown protocol header b'$\xc3'.
ERROR:pyubx2.ubxreader:Unknown protocol header b'\xb5\xff'.
ERROR:pyubx2.ubxreader:Unknown protocol header b"\xb5'".
ERROR:pyubx2.ubxreader:Unknown protocol header b'\xb5A'.
ERROR:pyubx2.ubxreader:Unknown protocol header b'$\x03'.
ERROR:pyubx2.ubxreader:Unknown protocol header b'\xd3\xba'.
ERROR:pyubx2.ubxreader:Unknown protocol header b'\xb5\x87'.
ERROR:pyubx2.ubxreader:Unknown protocol header b'\xb5\xc4'.
ERROR:pyubx2.ubxreader:Unknown protocol header b'$\xb4'.
ERROR:pyubx2.ubxreader:Unknown protocol header b'$\x03'.
ERROR:pyubx2.ubxreader:Unknown protocol header b'$\x94'.
ERROR:pyubx2.ubxreader:Unknown protocol header b'\xd3\xc4'.
ERROR:pyubx2.ubxreader:Unknown protocol header b'$Q'.
ERROR:pyubx2.ubxreader:Unknown protocol header b'\xb5\xb5'.
ERROR:pyubx2.ubxreader:Unknown protocol header b'\xb5\xb5'.
ERROR:pyubx2.ubxreader:Unknown protocol header b'\xb5<'.
ERROR:pyubx2.ubxreader:Unknown protocol header b'\xb5\xff'.
ERROR:pyubx2.ubxreader:Unknown protocol header b'\xb5\xb5'.
ERROR:pyubx2.ubxreader:Unknown protocol header b'\xb5\xb5'.
ERROR:pyubx2.ubxreader:Unknown protocol header b'$$'.
ERROR:pyubx2.ubxreader:Unknown protocol header b'$$'.
ERROR:pyubx2.ubxreader:Unknown protocol header b'\xb5\xb5'.
ERROR:pyubx2.ubxreader:Unknown protocol header b'\xb5\xb5'.
ERROR:pyubx2.ubxreader:Message checksum b'\x0f\x04' invalid - should be b'C\xdc'
ERROR:pyubx2.ubxreader:Unknown protocol header b'\xb5\x02'.
ERROR:pyubx2.ubxreader:Unknown protocol header b'\xb5\x02'.
ERROR:pyubx2.ubxreader:Unknown protocol header b'\xb5\n'.
ERROR:pyubx2.ubxreader:Unknown protocol header b'\xb5\n'.
ERROR:pyubx2.ubxreader:Unknown protocol header b'\xb5\n'.
ERROR:pyubx2.ubxreader:Unknown protocol header b'\xb5\n'.
ERROR:pyubx2.ubxreader:Unknown protocol header b'\xb5\n'.
ERROR:pyubx2.ubxreader:Unknown protocol header b'$\x00'.
ERROR:pyubx2.ubxreader:Unknown protocol header b'\xb5\n'.
ERROR:pyubx2.ubxreader:Unknown protocol header b'$\x02'.
ERROR:pyubx2.ubxreader:Unknown protocol header b'\xb5\x02'.
ERROR:pyubx2.ubxreader:Unknown protocol header b'\xb5\x02'.
ERROR:pyubx2.ubxreader:Unknown protocol header b'$\xbf'.
ERROR:pyubx2.ubxreader:Unknown protocol header b"\xd3'".
ERROR:pyubx2.ubxreader:Unknown protocol header b'\xb5\x02'.
ERROR:pyubx2.ubxreader:Unknown protocol header b"\xd3'".
ERROR:pyubx2.ubxreader:Unknown protocol header b'$\xbf'.
ERROR:pyubx2.ubxreader:Unknown protocol header b"\xd3'".
ERROR:pyubx2.ubxreader:Unknown protocol header b'$\xbf'.
ERROR:pyubx2.ubxreader:Unknown protocol header b'$\xbf'.
ERROR:pyubx2.ubxreader:Unknown protocol header b'\xb5\x02'.
ERROR:pyubx2.ubxreader:Unknown protocol header b'$\xbf'.
ERROR:pyubx2.ubxreader:Unknown protocol header b'$\xbf'.
ERROR:pyubx2.ubxreader:Unknown protocol header b"\xd3'".
ERROR:pyubx2.ubxreader:Unknown protocol header b'$\xbf'.
ERROR:pyubx2.ubxreader:Unknown protocol header b"\xd3'".
ERROR:pyubx2.ubxreader:Unknown protocol header b'$"'.
ERROR:pyubx2.ubxreader:Unknown protocol header b"\xb5'".
ERROR:pyubx2.ubxreader:Unknown protocol header b'\xb5\x02'.
ERROR:pyubx2.ubxreader:Unknown protocol header b'\xb5A'.
ERROR:pyubx2.ubxreader:Unknown protocol header b'\xb5\xc3'.
ERROR:pyubx2.ubxreader:Unknown protocol header b'$\x96'.
ERROR:pyubx2.ubxreader:Unknown protocol header b'\xb5A'.
ERROR:pyubx2.ubxreader:Unknown protocol header b'\xb5\x01'.
ERROR:pyubx2.ubxreader:Unknown protocol header b'\xb5\x01'.
ERROR:pyubx2.ubxreader:Unknown protocol header b'\xb5\x01'.
ERROR:pyubx2.ubxreader:Unknown protocol header b'\xb5\x01'.
ERROR:pyubx2.ubxreader:Unknown protocol header b'\xb5\x01'.
ERROR:pyubx2.ubxreader:Unknown protocol header b'$\x05'.
ERROR:pyubx2.ubxreader:Unknown protocol header b'\xb5\x01'.
ERROR:pyubx2.ubxreader:Unknown protocol header b'\xb5\xb5'.
ERROR:pyubx2.ubxreader:Unknown protocol header b'\xd3\xfb'.
ERROR:pyubx2.ubxreader:Unknown protocol header b'\xb5\x03'.
ERROR:pyubx2.ubxreader:Unknown protocol header b'\xb5\xb5'.
ERROR:pyubx2.ubxreader:Message checksum b'\xaa\xaa' invalid - should be b'\xb2\xa9'
ERROR:pyubx2.ubxreader:Unknown protocol header b'$$'.
ERROR:pyubx2.ubxreader:Unknown protocol header b'$%'.
ERROR:pyubx2.ubxreader:Unknown protocol header b'$\x00'.
ERROR:pyubx2.ubxreader:Unknown protocol header b'$-'.
ERROR:pyubx2.ubxreader:Unknown protocol header b'\xb5\x01'.
ERROR:pyubx2.ubxreader:Message checksum b'^\xb5' invalid - should be b'z\xa7'
ERROR:pyubx2.ubxreader:Unknown protocol header b'$\x14'.
ERROR:pyubx2.ubxreader:Unknown protocol header b'\xb5\x01'.
ERROR:pyubx2.ubxreader:Unknown protocol header b'\xb5\x01'.
ERROR:pyubx2.ubxreader:Unknown protocol header b'\xb5\x01'.
ERROR:pyubx2.ubxreader:Unknown protocol header b'\xb5\x01'.
ERROR:pyubx2.ubxreader:Unknown protocol header b'\xb5\x01'.
ERROR:pyubx2.ubxreader:Unknown protocol header b'\xb5\x01'.
ERROR:pyubx2.ubxreader:Unknown protocol header b'\xb5\x01'.
ERROR:pyubx2.ubxreader:Unknown protocol header b'\xb5\x01'.
ERROR:pyubx2.ubxreader:Unknown protocol header b'\xb5\x01'.
ERROR:pyubx2.ubxreader:Unknown protocol header b'\xb5\x01'.
ERROR:pyubx2.ubxreader:Unknown protocol header b'\xb5\x01'.
ERROR:pyubx2.ubxreader:Unknown protocol header b'\xb5\x01'.
ERROR:pyubx2.ubxreader:Unknown protocol header b"\xb5'".
ERROR:pyubx2.ubxreader:Unknown protocol header b'$.'.
ERROR:pyubx2.ubxreader:Unknown protocol header b'$\xd7'.
ERROR:pyubx2.ubxreader:Unknown protocol header b'\xd3q'.
ERROR:pyubx2.ubxreader:Unknown protocol header b'$\xf7'.
ERROR:pyubx2.ubxreader:Unknown protocol header b'$\x17'.
ERROR:pyubx2.ubxreader:Unknown protocol header b'$w'.
ERROR:pyubx2.ubxreader:Unknown protocol header b'$\xf7'.
ERROR:pyubx2.ubxreader:Unknown protocol header b'$\xd7'.
ERROR:pyubx2.ubxreader:Unknown protocol header b'\xd3q'.
ERROR:pyubx2.ubxreader:Unknown protocol header b'$.'.
ERROR:pyubx2.ubxreader:Unknown protocol header b'$\x97'.
ERROR:pyubx2.ubxreader:Unknown protocol header b'\xd3q'.
ERROR:pyubx2.ubxreader:Unknown protocol header b'$\x00'.
ERROR:pyubx2.ubxreader:Unknown protocol header b'\xb5\n'.
ERROR:pyubx2.ubxreader:Unknown protocol header b'\xb5\n'.
ERROR:pyubx2.ubxreader:Unknown protocol header b'$\x02'.
ERROR:pyubx2.ubxreader:Unknown protocol header b'\xb58'.
ERROR:pyubx2.ubxreader:Unknown protocol header b'\xb58'.
ERROR:pyubx2.ubxreader:Unknown protocol header b'\xb5\t'.
ERROR:pyubx2.ubxreader:Unknown protocol header b'\xd3\xff'.
ERROR:pyubx2.ubxreader:Unknown protocol header b'\xb5\xff'.
ERROR:pyubx2.ubxreader:Unknown protocol header b'$!'.
ERROR:pyubx2.ubxreader:Unknown protocol header b"\xb5'".
ERROR:pyubx2.ubxreader:Unknown protocol header b"\xb5'".
ERROR:pyubx2.ubxreader:Unknown protocol header b'\xb5\x02'.
ERROR:pyubx2.ubxreader:Unknown protocol header b'$\x03'.
ERROR:pyubx2.ubxreader:Unknown protocol header b'\xd3i'.
ERROR:pyubx2.ubxreader:Unknown protocol header b'$u'.
ERROR:pyubx2.ubxreader:Unknown protocol header b'$\x03'.
ERROR:pyubx2.ubxreader:Unknown protocol header b'$q'.
ERROR:pyubx2.ubxreader:Unknown protocol header b'\xb5A'.
ERROR:pyubx2.ubxreader:Unknown protocol header b'\xb5W'.
ERROR:pyubx2.ubxreader:Unknown protocol header b'$\x03'.
ERROR:pyubx2.ubxreader:Unknown protocol header b'\xb5\x01'.
ERROR:pyubx2.ubxreader:Unknown protocol header b'\xb5\x01'.
ERROR:pyubx2.ubxreader:Unknown protocol header b'\xb5\x01'.
ERROR:pyubx2.ubxreader:Unknown protocol header b'\xb5\x01'.
ERROR:pyubx2.ubxreader:Unknown protocol header b'\xb5\x01'.
ERROR:pyubx2.ubxreader:Unknown protocol header b'\xb5\x01'.
ERROR:pyubx2.ubxreader:Unknown protocol header b'\xb5\x01'.
ERROR:pyubx2.ubxreader:Unknown protocol header b'\xb5\x00'.
ERROR:pyubx2.ubxreader:Unknown protocol header b'\xb5\x07'.
ERROR:pyubx2.ubxreader:Unknown protocol header b'$\x00'.
ERROR:pyubx2.ubxreader:Unknown protocol header b'\xb58'.
ERROR:pyubx2.ubxreader:Unknown protocol header b'$\x05'.
ERROR:pyubx2.ubxreader:Unknown protocol header b'\xb5\x01'.
ERROR:pyubx2.ubxreader:Message checksum b'\x01\x03' invalid - should be b'6q'
ERROR:pyubx2.ubxreader:Unknown protocol header b'$\x00'.
ERROR:pyubx2.ubxreader:Unknown protocol header b'\xb5\n'.
ERROR:pyubx2.ubxreader:Unknown protocol header b'\xb5\n'.
ERROR:pyubx2.ubxreader:Message checksum b'::' invalid - should be b'W\xe2'
ERROR:pyubx2.ubxreader:Message checksum b'\x02b' invalid - should be b'\xf4i'
ERROR:pyubx2.ubxreader:Unknown protocol header b'\xb5\x02'.
ERROR:pyubx2.ubxreader:Unknown protocol header b'\xb5\x14'.
ERROR:pyubx2.ubxreader:Unknown protocol header b'$\x00'.
ERROR:pyubx2.ubxreader:Unknown protocol header b'\xd3\xff'.
ERROR:pyubx2.ubxreader:Unknown protocol header b'\xb5\xff'.
ERROR:pyubx2.ubxreader:Unknown protocol header b"\xb5'".
ERROR:pyubx2.ubxreader:Unknown protocol header b'\xb5\x02'.
ERROR:pyubx2.ubxreader:Unknown protocol header b'\xb5A'.
ERROR:pyubx2.ubxreader:Unknown protocol header b'\xb5\xc4'.
ERROR:pyubx2.ubxreader:Unknown protocol header b'\xb5\x81'.
ERROR:pyubx2.ubxreader:Unknown protocol header b'$\x03'.
ERROR:pyubx2.ubxreader:Unknown protocol header b'\xb5\x02'.
ERROR:pyubx2.ubxreader:Unknown protocol header b'\xb5\x89'.
ERROR:pyubx2.ubxreader:Unknown protocol header b'\xd3\xa5'.
ERROR:pyubx2.ubxreader:Unknown protocol header b'\xb5\x02'.
ERROR:pyubx2.ubxreader:Unknown protocol header b'\xb5\x02'.
ERROR:pyubx2.ubxreader:Unknown protocol header b'$~'.
ERROR:pyubx2.ubxreader:Unknown protocol header b'$~'.
ERROR:pyubx2.ubxreader:Unknown protocol header b'\xb5\x02'.
ERROR:pyubx2.ubxreader:Unknown protocol header b'\xb5\x02'.
ERROR:pyubx2.ubxreader:Unknown protocol header b'$~'.
ERROR:pyubx2.ubxreader:Unknown protocol header b'$~'.
ERROR:pyubx2.ubxreader:Unknown protocol header b'$b'.
ERROR:pyubx2.ubxreader:Unknown protocol header b'$~'.
ERROR:pyubx2.ubxreader:Unknown protocol header b'\xb5\x02'.
ERROR:pyubx2.ubxreader:Unknown protocol header b'\xb5\x02'.
ERROR:pyubx2.ubxreader:Unknown protocol header b'\xb5\x02'.
ERROR:pyubx2.ubxreader:Unknown protocol header b'\xb5\x02'.
ERROR:pyubx2.ubxreader:Unknown protocol header b'\xb5\x02'.
ERROR:pyubx2.ubxreader:Unknown protocol header b'$~'.
ERROR:pyubx2.ubxreader:Unknown protocol header b'\xb5\x02'.
ERROR:pyubx2.ubxreader:Unknown protocol header b'$~'.
ERROR:pyubx2.ubxreader:Unknown protocol header b'$~'.
ERROR:pyubx2.ubxreader:Unknown protocol header b'\xb5\x01'.
ERROR:pyubx2.ubxreader:Unknown protocol header b'\xb5\x01'.
ERROR:pyubx2.ubxreader:Unknown protocol header b'\xb5\x01'.
ERROR:pyubx2.ubxreader:Unknown protocol header b'\xb5\x01'.
ERROR:pyubx2.ubxreader:Unknown protocol header b'$Q'.
ERROR:pyubx2.ubxreader:Unknown protocol header b'$Q'.
ERROR:pyubx2.ubxreader:Unknown protocol header b'\xb5\x02'.
ERROR:pyubx2.ubxreader:Unknown protocol header b'$%'.
ERROR:pyubx2.ubxreader:Unknown protocol header b'$\x11'.
ERROR:pyubx2.ubxreader:Unknown protocol header b'$\x05'.
ERROR:pyubx2.ubxreader:Unknown protocol header b'$\x00'.
ERROR:pyubx2.ubxreader:Unknown protocol header b'$\x01'.
ERROR:pyubx2.ubxreader:Unknown protocol header b'$\x02'.
ERROR:pyubx2.ubxreader:Unknown protocol header b'$\x00'.
ERROR:pyubx2.ubxreader:Unknown protocol header b'\xb5\x01'.
ERROR:pyubx2.ubxreader:Unknown protocol header b'\xb5\x85'.
ERROR:pyubx2.ubxreader:Unknown protocol header b'$\x14'.
ERROR:pyubx2.ubxreader:Unknown protocol header b'\xb5\x00'.
ERROR:pyubx2.ubxreader:Unknown protocol header b'\xb5\x01'.
ERROR:pyubx2.ubxreader:Unknown protocol header b'\xb5\x01'.
ERROR:pyubx2.ubxreader:Unknown protocol header b'\xb5\x01'.
ERROR:pyubx2.ubxreader:Unknown protocol header b'\xb5\x01'.
ERROR:pyubx2.ubxreader:Unknown protocol header b"\xb5'".
ERROR:pyubx2.ubxreader:Unknown protocol header b'\xb5\xd1'.
ERROR:pyubx2.ubxreader:Unknown protocol header b'\xb5\xa9'.
ERROR:pyubx2.ubxreader:Unknown protocol header b'\xd3 '.
ERROR:pyubx2.ubxreader:Unknown protocol header b'$\x97'.
ERROR:pyubx2.ubxreader:Unknown protocol header b'\xd3D'.
ERROR:pyubx2.ubxreader:Unknown protocol header b'$\xa0'.
ERROR:pyubx2.ubxreader:Unknown protocol header b'$\xf7'.
ERROR:pyubx2.ubxreader:Unknown protocol header b'$\xd7'.
ERROR:pyubx2.ubxreader:Unknown protocol header b'\xd3q'.
ERROR:pyubx2.ubxreader:Unknown protocol header b'\xd3\xa4'.
ERROR:pyubx2.ubxreader:Unknown protocol header b'$7'.
ERROR:pyubx2.ubxreader:Unknown protocol header b'$.'.
ERROR:pyubx2.ubxreader:Unknown protocol header b'$\x97'.
ERROR:pyubx2.ubxreader:Unknown protocol header b'\xd3q'.
ERROR:pyubx2.ubxreader:Unknown protocol header b'$.'.
ERROR:pyubx2.ubxreader:Unknown protocol header b'$\x17'.
ERROR:pyubx2.ubxreader:Unknown protocol header b'\xb5u'.
ERROR:pyubx2.ubxreader:Unknown protocol header b'$.'.
ERROR:pyubx2.ubxreader:Unknown protocol header b'\xb5\x02'.
ERROR:pyubx2.ubxreader:Unknown protocol header b'\xb5\xff'.
ERROR:pyubx2.ubxreader:Unknown protocol header b'\xb5\x00'.
ERROR:pyubx2.ubxreader:Unknown protocol header b'$~'.
ERROR:pyubx2.ubxreader:Unknown protocol header b'\xd3\xff'.
ERROR:pyubx2.ubxreader:Unknown protocol header b'\xd3\xc4'.
ERROR:pyubx2.ubxreader:Unknown protocol header b"\xb5'".
ERROR:pyubx2.ubxreader:Unknown protocol header b"\xb5'".
ERROR:pyubx2.ubxreader:Unknown protocol header b'\xb5\x02'.
ERROR:pyubx2.ubxreader:Unknown protocol header b'$\x03'.
ERROR:pyubx2.ubxreader:Unknown protocol header b'\xb5A'.
ERROR:pyubx2.ubxreader:Unknown protocol header b'\xd3\xb5'.
ERROR:pyubx2.ubxreader:Unknown protocol header b'$\x00'.
ERROR:pyubx2.ubxreader:Unknown protocol header b'$\x00'.
ERROR:pyubx2.ubxreader:Unknown protocol header b'$%'.
ERROR:pyubx2.ubxreader:Unknown protocol header b'$\x00'.
ERROR:pyubx2.ubxreader:Unknown protocol header b'\xb5\x01'.
ERROR:pyubx2.ubxreader:Unknown protocol header b'$\x05'.
ERROR:pyubx2.ubxreader:Unknown protocol header b'$\x00'.
ERROR:pyubx2.ubxreader:Unknown protocol header b'$\xfc'.
ERROR:pyubx2.ubxreader:Unknown protocol header b'$\x01'.
ERROR:pyubx2.ubxreader:Unknown protocol header b'$\x00'.
ERROR:pyubx2.ubxreader:Unknown protocol header b'$\x00'.
ERROR:pyubx2.ubxreader:Unknown protocol header b'\xb5\x01'.
ERROR:pyubx2.ubxreader:Unknown protocol header b'$h'.
ERROR:pyubx2.ubxreader:Unknown protocol header b'$\x14'.
device reports readiness to read but returned no data (device disconnected or multiple access on port?)
Error in get ublox data thread: device reports readiness to read but returned no data (device disconnected or multiple access on port?)
Error in get ublox data thread: device reports readiness to read but returned no data (device disconnected or multiple access on port?)
Error in get ublox data thread: device reports readiness to read but returned no data (device disconnected or multiple access on port?)
Error in get ublox data thread: device reports readiness to read but returned no data (device disconnected or multiple access on port?)
Error in get ublox data thread: device reports readiness to read but returned no data (device disconnected or multiple access on port?)
Error in get ublox data thread: device reports readiness to read but returned no data (device disconnected or multiple access on port?)
Error in get ublox data thread: device reports readiness to read but returned no data (device disconnected or multiple access on port?)
Error in get ublox data thread: device reports readiness to read but returned no data (device disconnected or multiple access on port?)
Error in get ublox data thread: device reports readiness to read but returned no data (device disconnected or multiple access on port?)
Error in get ublox data thread: device reports readiness to read but returned no data (device disconnected or multiple access on port?)
Error in get ublox data thread: device reports readiness to read but returned no data (device disconnected or multiple access on port?)
Error in get ublox data thread: device reports readiness to read but returned no data (device disconnected or multiple access on port?)
Error in get ublox data thread: device reports readiness to read but returned no data (device disconnected or multiple access on port?)
Error in get ublox data thread: device reports readiness to read but returned no data (device disconnected or multiple access on port?)
Error in get ublox data thread: device reports readiness to read but returned no data (device disconnected or multiple access on port?)
Error in get ublox data thread: device reports readiness to read but returned no data (device disconnected or multiple access on port?)
Error in get ublox data thread: device reports readiness to read but returned no data (device disconnected or multiple access on port?)
Error in get ublox data thread: device reports readiness to read but returned no data (device disconnected or multiple access on port?)
Error in get ublox data thread: device reports readiness to read but returned no data (device disconnected or multiple access on port?)
Error in get ublox data thread: device reports readiness to read but returned no data (device disconnected or multiple access on port?)
Error in get ublox data thread: device reports readiness to read but returned no data (device disconnected or multiple access on port?)
Error in get ublox data thread: device reports readiness to read but returned no data (device disconnected or multiple access on port?)
Error in get ublox data thread: device reports readiness to read but returned no data (device disconnected or multiple access on port?)
Error in get ublox data thread: device reports readiness to read but returned no data (device disconnected or multiple access on port?)
Error in get ublox data thread: device reports readiness to read but returned no data (device disconnected or multiple access on port?)
Error in get ublox data thread: device reports readiness to read but returned no data (device disconnected or multiple access on port?)
Error in get ublox data thread: device reports readiness to read but returned no data (device disconnected or multiple access on port?)
Error in get ublox data thread: device reports readiness to read but returned no data (device disconnected or multiple access on port?)
Error in get ublox data thread: device reports readiness to read but returned no data (device disconnected or multiple access on port?)
Error in get ublox data thread: device reports readiness to read but returned no data (device disconnected or multiple access on port?)
Error in get ublox data thread: device reports readiness to read but returned no data (device disconnected or multiple access on port?)
Error in get ublox data thread: device reports readiness to read but returned no data (device disconnected or multiple access on port?)
Error in get ublox data thread: device reports readiness to read but returned no data (device disconnected or multiple access on port?)
Error in get ublox data thread: device reports readiness to read but returned no data (device disconnected or multiple access on port?)
Error in get ublox data thread: device reports readiness to read but returned no data (device disconnected or multiple access on port?)
Error in get ublox data thread: device reports readiness to read but returned no data (device disconnected or multiple access on port?)
Error in get ublox data thread: device reports readiness to read but returned no data (device disconnected or multiple access on port?)
Error in get ublox data thread: device reports readiness to read but returned no data (device disconnected or multiple access on port?)
Error in get ublox data thread: device reports readiness to read but returned no data (device disconnected or multiple access on port?)
Error in get ublox data thread: device reports readiness to read but returned no data (device disconnected or multiple access on port?)
Error in get ublox data thread: device reports readiness to read but returned no data (device disconnected or multiple access on port?)
Error in get ublox data thread: device reports readiness to read but returned no data (device disconnected or multiple access on port?)
Error in get ublox data thread: device reports readiness to read but returned no data (device disconnected or multiple access on port?)
Error in get ublox data thread: device reports readiness to read but returned no data (device disconnected or multiple access on port?)
Error in get ublox data thread: device reports readiness to read but returned no data (device disconnected or multiple access on port?)
Error in get ublox data thread: device reports readiness to read but returned no data (device disconnected or multiple access on port?)
Error in get ublox data thread: device reports readiness to read but returned no data (device disconnected or multiple access on port?)
Error in get ublox data thread: device reports readiness to read but returned no data (device disconnected or multiple access on port?)
Error in get ublox data thread: device reports readiness to read but returned no data (device disconnected or multiple access on port?)
Error in get ublox data thread: device reports readiness to read but returned no data (device disconnected or multiple access on port?)
Error in get ublox data thread: device reports readiness to read but returned no data (device disconnected or multiple access on port?)
Error in get ublox data thread: device reports readiness to read but returned no data (device disconnected or multiple access on port?)
Error in get ublox data thread: device reports readiness to read but returned no data (device disconnected or multiple access on port?)
Error in get ublox data thread: device reports readiness to read but returned no data (device disconnected or multiple access on port?)
Error in get ublox data thread: device reports readiness to read but returned no data (device disconnected or multiple access on port?)
Error in get ublox data thread: device reports readiness to read but returned no data (device disconnected or multiple access on port?)
Error in get ublox data thread: device reports readiness to read but returned no data (device disconnected or multiple access on port?)
Error in get ublox data thread: device reports readiness to read but returned no data (device disconnected or multiple access on port?)
Error in get ublox data thread: device reports readiness to read but returned no data (device disconnected or multiple access on port?)
Error in get ublox data thread: ERROR:pyubx2.ubxreader:Unknown protocol header b'\xb5$'.
ERROR:pyubx2.ubxreader:Unknown protocol header b'$\x00'.
ERROR:pyubx2.ubxreader:Unknown protocol header b'$\x11'.
ERROR:pyubx2.ubxreader:Unknown protocol header b'$\x05'.
ERROR:pyubx2.ubxreader:Unknown protocol header b'$\x00'.
ERROR:pyubx2.ubxreader:Unknown protocol header b'$\xfc'.
ERROR:pyubx2.ubxreader:Unknown protocol header b'\xb5\x01'.
ERROR:pyubx2.ubxreader:Unknown protocol header b'$-'.
ERROR:pyubx2.ubxreader:Unknown protocol header b'$\x07'.
ERROR:pyubx2.ubxreader:Unknown protocol header b'\xb5\x01'.
ERROR:pyubx2.ubxreader:Unknown protocol header b'\xb5\x01'.
ERROR:pyubx2.ubxreader:Unknown protocol header b'\xb5\x01'.
ERROR:pyubx2.ubxreader:Unknown protocol header b'\xb5\x01'.
ERROR:pyubx2.ubxreader:Unknown protocol header b'\xb5\x01'.
ERROR:pyubx2.ubxreader:Unknown protocol header b'\xb5\x01'.
ERROR:pyubx2.ubxreader:Unknown protocol header b'\xb5\x01'.
ERROR:pyubx2.ubxreader:Unknown protocol header b"\xb5'".
ERROR:pyubx2.ubxreader:Unknown protocol header b'$\xd8'.
ERROR:pyubx2.ubxreader:Unknown protocol header b'$\xd7'.
ERROR:pyubx2.ubxreader:Unknown protocol header b'\xd3q'.
ERROR:pyubx2.ubxreader:Unknown protocol header b'$\x17'.
ERROR:pyubx2.ubxreader:Unknown protocol header b'$\x97'.
ERROR:pyubx2.ubxreader:Unknown protocol header b'$w'.
ERROR:pyubx2.ubxreader:Unknown protocol header b'$\xd7'.
ERROR:pyubx2.ubxreader:Unknown protocol header b'\xd3\x84'.
ERROR:pyubx2.ubxreader:Unknown protocol header b'$7'.
ERROR:pyubx2.ubxreader:Unknown protocol header b'\xd3\x11'.
ERROR:pyubx2.ubxreader:Unknown protocol header b'\xb5\n'.
ERROR:pyubx2.ubxreader:Unknown protocol header b'\xb5\r'.
ERROR:pyubx2.ubxreader:Unknown protocol header b'\xb5\n'.
ERROR:pyubx2.ubxreader:Unknown protocol header b'$\x02'.
ERROR:pyubx2.ubxreader:Unknown protocol header b'\xb5\x02'.
ERROR:pyubx2.ubxreader:Unknown protocol header b'\xb5\x02'.
ERROR:pyubx2.ubxreader:Unknown protocol header b'\xb5\x02'.
ERROR:pyubx2.ubxreader:Unknown protocol header b'$\xb7'.
ERROR:pyubx2.ubxreader:Unknown protocol header b'$!'.
ERROR:pyubx2.ubxreader:Unknown protocol header b"\xb5'".
ERROR:pyubx2.ubxreader:Unknown protocol header b'\xb5\x02'.
ERROR:pyubx2.ubxreader:Unknown protocol header b'$\x03'.
ERROR:pyubx2.ubxreader:Unknown protocol header b'\xb5A'.
ERROR:pyubx2.ubxreader:Unknown protocol header b'$\x18'.
ERROR:pyubx2.ubxreader:Unknown protocol header b'$\x04'.
ERROR:pyubx2.ubxreader:Unknown protocol header b'$\x03'.
ERROR:pyubx2.ubxreader:Unknown protocol header b'\xd3\xc6'.
ERROR:pyubx2.ubxreader:Unknown protocol header b'$\x0f'.
ERROR:pyubx2.ubxreader:Unknown protocol header b'\xd3\xc3'.
ERROR:pyubx2.ubxreader:Unknown protocol header b'\xb5\x01'.
ERROR:pyubx2.ubxreader:Unknown protocol header b'\xb5\x01'.
ERROR:pyubx2.ubxreader:Unknown protocol header b'\xb5\x01'.
ERROR:pyubx2.ubxreader:Unknown protocol header b'\xb5\x01'.
ERROR:pyubx2.ubxreader:Unknown protocol header b'\xb5\x01'.
ERROR:pyubx2.ubxreader:Unknown protocol header b'$$'.
ERROR:pyubx2.ubxreader:Message checksum b'\xb5b' invalid - should be b'\xb97'
ERROR:pyubx2.ubxreader:Unknown protocol header b'$\x17'.
ERROR:pyubx2.ubxreader:Unknown protocol header b'$\x11'.
ERROR:pyubx2.ubxreader:Unknown protocol header b'$\x00'.
ERROR:pyubx2.ubxreader:Unknown protocol header b'$\x07'.
ERROR:pyubx2.ubxreader:Unknown protocol header b'\xb5\x02'.
ERROR:pyubx2.ubxreader:Unknown protocol header b'\xb5\n'.
ERROR:pyubx2.ubxreader:Unknown protocol header b'\xb5\n'.
ERROR:pyubx2.ubxreader:Unknown protocol header b'\xb5\n'.
ERROR:pyubx2.ubxreader:Unknown protocol header b'$\x02'.
ERROR:pyubx2.ubxreader:Unknown protocol header b'\xb5\x02'.
ERROR:pyubx2.ubxreader:Unknown protocol header b"\xb5'".
ERROR:pyubx2.ubxreader:Unknown protocol header b"\xb5'".
ERROR:pyubx2.ubxreader:Unknown protocol header b'$!'.
ERROR:pyubx2.ubxreader:Unknown protocol header b'\xd3\xc3'.
ERROR:pyubx2.ubxreader:Unknown protocol header b'$O'.
ERROR:pyubx2.ubxreader:Unknown protocol header b'\xd3\xda'.
ERROR:pyubx2.ubxreader:Unknown protocol header b'$n'.
ERROR:pyubx2.ubxreader:Unknown protocol header b'\xb5\x02'.
ERROR:pyubx2.ubxreader:Unknown protocol header b'\xb5\x13'.
ERROR:pyubx2.ubxreader:Unknown protocol header b'\xb5\x02'.
ERROR:pyubx2.ubxreader:Unknown protocol header b'\xb5\x02'.
ERROR:pyubx2.ubxreader:Unknown protocol header b'\xb5\x02'.
ERROR:pyubx2.ubxreader:Unknown protocol header b'\xb5\x02'.
ERROR:pyubx2.ubxreader:Unknown protocol header b'\xb5\x02'.
ERROR:pyubx2.ubxreader:Unknown protocol header b'\xb5\x02'.
ERROR:pyubx2.ubxreader:Unknown protocol header b'\xb5\x02'.
ERROR:pyubx2.ubxreader:Unknown protocol header b'\xb5\x02'.
ERROR:pyubx2.ubxreader:Unknown protocol header b'\xb5\x02'.
ERROR:pyubx2.ubxreader:Unknown protocol header b'\xb5\x02'.
ERROR:pyubx2.ubxreader:Unknown protocol header b'\xb5\x02'.
ERROR:pyubx2.ubxreader:Unknown protocol header b'\xb5\x00'.
ERROR:pyubx2.ubxreader:Unknown protocol header b'$\x00'.
ERROR:pyubx2.ubxreader:Unknown protocol header b'\xb5\x01'.
ERROR:pyubx2.ubxreader:Unknown protocol header b'\xb5\x01'.
ERROR:pyubx2.ubxreader:Unknown protocol header b'\xb5\x00'.
ERROR:pyubx2.ubxreader:Unknown protocol header b'\xb5\x01'.
ERROR:pyubx2.ubxreader:Unknown protocol header b'$\x00'.
ERROR:pyubx2.ubxreader:Unknown protocol header b'$\x00'.
ERROR:pyubx2.ubxreader:Unknown protocol header b'\xb5\x01'.
ERROR:pyubx2.ubxreader:Unknown protocol header b'$\x1f'.
ERROR:pyubx2.ubxreader:Unknown protocol header b'\xb5\x01'.
ERROR:pyubx2.ubxreader:Unknown protocol header b'$\x00'.
ERROR:pyubx2.ubxreader:Unknown protocol header b'$*'.
ERROR:pyubx2.ubxreader:Unknown protocol header b'\xb5\x01'.
ERROR:pyubx2.ubxreader:Unknown protocol header b'\xb5\x01'.
ERROR:pyubx2.ubxreader:Unknown protocol header b'\xb5\x01'.
ERROR:pyubx2.ubxreader:Unknown protocol header b'\xb5\x01'.
ERROR:pyubx2.ubxreader:Unknown protocol header b'\xb5\x01'.
ERROR:pyubx2.ubxreader:Unknown protocol header b'\xb5\x01'.
ERROR:pyubx2.ubxreader:Message checksum b'\x1b\r' invalid - should be b'\xfb\xa6'
ERROR:pyubx2.ubxreader:Unknown protocol header b'\xb5\xff'.
ERROR:pyubx2.ubxreader:Unknown protocol header b'$\xc3'.
ERROR:pyubx2.ubxreader:Unknown protocol header b'\xd3\x1c'.
ERROR:pyubx2.ubxreader:Unknown protocol header b'\xd3?'.
ERROR:pyubx2.ubxreader:Unknown protocol header b'\xd3\xe7'.
ERROR:pyubx2.ubxreader:Unknown protocol header b'\xd3\xa1'.
ERROR:pyubx2.ubxreader:Unknown protocol header b'$1'.
ERROR:pyubx2.ubxreader:Unknown protocol header b'\xb5v'.
ERROR:pyubx2.ubxreader:Unknown protocol header b'\xb5\x01'.
ERROR:pyubx2.ubxreader:Unknown protocol header b'\xb5\x00'.
ERROR:pyubx2.ubxreader:Unknown protocol header b'\xb5\x01'.
ERROR:pyubx2.ubxreader:Unknown protocol header b'\xd3\x8a'.
ERROR:pyubx2.ubxreader:Unknown protocol header b'\xb5\x00'.
ERROR:pyubx2.ubxreader:Unknown protocol header b'$\x00'.
ERROR:pyubx2.ubxreader:Unknown protocol header b'\xb5\x00'.
ERROR:pyubx2.ubxreader:Unknown protocol header b'$\x00'.
ERROR:pyubx2.ubxreader:Unknown protocol header b'$\x00'.
ERROR:pyubx2.ubxreader:Unknown protocol header b'$\x1f'.
ERROR:pyubx2.ubxreader:Unknown protocol header b'\xb5\x01'.
ERROR:pyubx2.ubxreader:Unknown protocol header b'$\x00'.
ERROR:pyubx2.ubxreader:Unknown protocol header b'$\x00'.
ERROR:pyubx2.ubxreader:Unknown protocol header b'$*'.
ERROR:pyubx2.ubxreader:Unknown protocol header b'\xb5\xb5'.
ERROR:pyubx2.ubxreader:Unknown protocol header b'\xb5\xb5'.
ERROR:pyubx2.ubxreader:Unknown protocol header b'\xb5\x01'.
ERROR:pyubx2.ubxreader:Unknown protocol header b'\xb5\x01'.
ERROR:pyubx2.ubxreader:Unknown protocol header b'\xb5\x01'.
ERROR:pyubx2.ubxreader:Unknown protocol header b'\xb5\x01'.
ERROR:pyubx2.ubxreader:Unknown protocol header b'\xd3\xb5'.
ERROR:pyubx2.ubxreader:Unknown protocol header b'\xb5\x01'.
ERROR:pyubx2.ubxreader:Unknown protocol header b'\xb5\x01'.
ERROR:pyubx2.ubxreader:Unknown protocol header b'\xb5\x01'.
ERROR:pyubx2.ubxreader:Unknown protocol header b'\xb5\x01'.
ERROR:pyubx2.ubxreader:Unknown protocol header b'\xb5\x01'.
ERROR:pyubx2.ubxreader:Unknown protocol header b'\xb5\x01'.
ERROR:pyubx2.ubxreader:Unknown protocol header b'\xb5\x01'.
ERROR:pyubx2.ubxreader:Unknown protocol header b'\xb5\x01'.
ERROR:pyubx2.ubxreader:Unknown protocol header b'\xb5\x01'.
ERROR:pyubx2.ubxreader:Unknown protocol header b"\xb5'".
ERROR:pyubx2.ubxreader:Unknown protocol header b'\xb5\xa4'.
ERROR:pyubx2.ubxreader:Unknown protocol header b'\xd3q'.
ERROR:pyubx2.ubxreader:Unknown protocol header b'$\x17'.
ERROR:pyubx2.ubxreader:Unknown protocol header b'$7'.
ERROR:pyubx2.ubxreader:Unknown protocol header b'$\x17'.
ERROR:pyubx2.ubxreader:Unknown protocol header b'$\x17'.
ERROR:pyubx2.ubxreader:Unknown protocol header b'\xd3D'.
ERROR:pyubx2.ubxreader:Unknown protocol header b'\xd3q'.
ERROR:pyubx2.ubxreader:Unknown protocol header b'\xb5\x02'.
ERROR:pyubx2.ubxreader:Unknown protocol header b'\xb5\n'.
ERROR:pyubx2.ubxreader:Unknown protocol header b'\xb5\n'.
ERROR:pyubx2.ubxreader:Unknown protocol header b'\xb5\x02'.
ERROR:pyubx2.ubxreader:Unknown protocol header b'\xb5\x02'.
ERROR:pyubx2.ubxreader:Unknown protocol header b'\xb5\x02'.
ERROR:pyubx2.ubxreader:Unknown protocol header b'\xb5\x02'.
ERROR:pyubx2.ubxreader:Unknown protocol header b'\xb5\x02'.
ERROR:pyubx2.ubxreader:Unknown protocol header b'\xb5\x02'.
ERROR:pyubx2.ubxreader:Unknown protocol header b'\xb5\xb5'.
ERROR:pyubx2.ubxreader:Unknown protocol header b'\xb5\xb5'.
ERROR:pyubx2.ubxreader:Unknown protocol header b'\xb5\xb5'.
ERROR:pyubx2.ubxreader:Unknown protocol header b'\xb5\xb5'.
ERROR:pyubx2.ubxreader:Unknown protocol header b'\xb5\x94'.
ERROR:pyubx2.ubxreader:Unknown protocol header b'\xb5.'.
ERROR:pyubx2.ubxreader:Unknown protocol header b'\xb5\x0b'.
ERROR:pyubx2.ubxreader:Unknown protocol header b'\xb5\xb5'.
ERROR:pyubx2.ubxreader:Unknown protocol header b'\xb5\xb5'.
ERROR:pyubx2.ubxreader:Unknown protocol header b'\xb5\x02'.
ERROR:pyubx2.ubxreader:Unknown protocol header b'\xd3\xff'.
ERROR:pyubx2.ubxreader:Unknown protocol header b'\xb5\xd4'.
ERROR:pyubx2.ubxreader:Unknown protocol header b"\xb5'".
ERROR:pyubx2.ubxreader:Unknown protocol header b'$]'.
ERROR:pyubx2.ubxreader:Unknown protocol header b'\xb5A'.
ERROR:pyubx2.ubxreader:Unknown protocol header b'$\x03'.
ERROR:pyubx2.ubxreader:Unknown protocol header b'\xb54'.
ERROR:pyubx2.ubxreader:Unknown protocol header b'\xb56'.
ERROR:pyubx2.ubxreader:Unknown protocol header b'$\x06'.
ERROR:pyubx2.ubxreader:Unknown protocol header b'\xd3\x18'.
ERROR:pyubx2.ubxreader:Unknown protocol header b'\xb5A'.
ERROR:pyubx2.ubxreader:Unknown protocol header b'$\x03'.
ERROR:pyubx2.ubxreader:Unknown protocol header b'$\xfb'.
ERROR:pyubx2.ubxreader:Unknown protocol header b'$\xe1'.
ERROR:pyubx2.ubxreader:Unknown protocol header b'$\x03'.
ERROR:pyubx2.ubxreader:Unknown protocol header b'\xb5\x02'.
ERROR:pyubx2.ubxreader:Unknown protocol header b'\xb5\x00'.
ERROR:pyubx2.ubxreader:Unknown protocol header b'\xb5\xb5'.
ERROR:pyubx2.ubxreader:Message checksum b'1,' invalid - should be b'tL'
ERROR:pyubx2.ubxreader:Unknown protocol header b'\xb5\xb5'.
ERROR:pyubx2.ubxreader:Unknown protocol header b'\xb5\xb5'.
device reports readiness to read but returned no data (device disconnected or multiple access on port?)
Error in get ublox data thread: device reports readiness to read but returned no data (device disconnected or multiple access on port?)
Error in get ublox data thread: device reports readiness to read but returned no data (device disconnected or multiple access on port?)
Error in get ublox data thread: device reports readiness to read but returned no data (device disconnected or multiple access on port?)
Error in get ublox data thread: device reports readiness to read but returned no data (device disconnected or multiple access on port?)
Error in get ublox data thread: device reports readiness to read but returned no data (device disconnected or multiple access on port?)
Error in get ublox data thread: device reports readiness to read but returned no data (device disconnected or multiple access on port?)
Error in get ublox data thread: device reports readiness to read but returned no data (device disconnected or multiple access on port?)
Error in get ublox data thread: device reports readiness to read but returned no data (device disconnected or multiple access on port?)
Error in get ublox data thread: device reports readiness to read but returned no data (device disconnected or multiple access on port?)
Error in get ublox data thread: device reports readiness to read but returned no data (device disconnected or multiple access on port?)
Error in get ublox data thread: device reports readiness to read but returned no data (device disconnected or multiple access on port?)
Error in get ublox data thread: device reports readiness to read but returned no data (device disconnected or multiple access on port?)
Error in get ublox data thread: device reports readiness to read but returned no data (device disconnected or multiple access on port?)
Error in get ublox data thread: device reports readiness to read but returned no data (device disconnected or multiple access on port?)
Error in get ublox data thread: device reports readiness to read but returned no data (device disconnected or multiple access on port?)
Error in get ublox data thread: device reports readiness to read but returned no data (device disconnected or multiple access on port?)
Error in get ublox data thread: device reports readiness to read but returned no data (device disconnected or multiple access on port?)
Error in get ublox data thread: device reports readiness to read but returned no data (device disconnected or multiple access on port?)
Error in get ublox data thread: device reports readiness to read but returned no data (device disconnected or multiple access on port?)
Error in get ublox data thread: device reports readiness to read but returned no data (device disconnected or multiple access on port?)
Error in get ublox data thread: device reports readiness to read but returned no data (device disconnected or multiple access on port?)
Error in get ublox data thread: device reports readiness to read but returned no data (device disconnected or multiple access on port?)
Error in get ublox data thread: device reports readiness to read but returned no data (device disconnected or multiple access on port?)
Error in get ublox data thread: device reports readiness to read but returned no data (device disconnected or multiple access on port?)
Error in get ublox data thread: device reports readiness to read but returned no data (device disconnected or multiple access on port?)
Error in get ublox data thread: device reports readiness to read but returned no data (device disconnected or multiple access on port?)
Error in get ublox data thread: device reports readiness to read but returned no data (device disconnected or multiple access on port?)
Error in get ublox data thread: device reports readiness to read but returned no data (device disconnected or multiple access on port?)
Error in get ublox data thread: device reports readiness to read but returned no data (device disconnected or multiple access on port?)
Error in get ublox data thread: device reports readiness to read but returned no data (device disconnected or multiple access on port?)
Error in get ublox data thread: device reports readiness to read but returned no data (device disconnected or multiple access on port?)
Error in get ublox data thread: device reports readiness to read but returned no data (device disconnected or multiple access on port?)
Error in get ublox data thread: device reports readiness to read but returned no data (device disconnected or multiple access on port?)
Error in get ublox data thread: device reports readiness to read but returned no data (device disconnected or multiple access on port?)
Error in get ublox data thread: device reports readiness to read but returned no data (device disconnected or multiple access on port?)
Error in get ublox data thread: device reports readiness to read but returned no data (device disconnected or multiple access on port?)
Error in get ublox data thread: device reports readiness to read but returned no data (device disconnected or multiple access on port?)
Error in get ublox data thread: device reports readiness to read but returned no data (device disconnected or multiple access on port?)
Error in get ublox data thread: device reports readiness to read but returned no data (device disconnected or multiple access on port?)
Error in get ublox data thread: device reports readiness to read but returned no data (device disconnected or multiple access on port?)
Error in get ublox data thread: device reports readiness to read but returned no data (device disconnected or multiple access on port?)
Error in get ublox data thread: device reports readiness to read but returned no data (device disconnected or multiple access on port?)
Error in get ublox data thread: device reports readiness to read but returned no data (device disconnected or multiple access on port?)
Error in get ublox data thread: device reports readiness to read but returned no data (device disconnected or multiple access on port?)
Error in get ublox data thread: device reports readiness to read but returned no data (device disconnected or multiple access on port?)
Error in get ublox data thread: device reports readiness to read but returned no data (device disconnected or multiple access on port?)
Error in get ublox data thread: device reports readiness to read but returned no data (device disconnected or multiple access on port?)
Error in get ublox data thread: device reports readiness to read but returned no data (device disconnected or multiple access on port?)
Error in get ublox data thread: device reports readiness to read but returned no data (device disconnected or multiple access on port?)
Error in get ublox data thread: device reports readiness to read but returned no data (device disconnected or multiple access on port?)
Error in get ublox data thread: device reports readiness to read but returned no data (device disconnected or multiple access on port?)
Error in get ublox data thread: device reports readiness to read but returned no data (device disconnected or multiple access on port?)
Error in get ublox data thread: device reports readiness to read but returned no data (device disconnected or multiple access on port?)
Error in get ublox data thread: device reports readiness to read but returned no data (device disconnected or multiple access on port?)
Error in get ublox data thread: device reports readiness to read but returned no data (device disconnected or multiple access on port?)
Error in get ublox data thread: device reports readiness to read but returned no data (device disconnected or multiple access on port?)
Error in get ublox data thread: device reports readiness to read but returned no data (device disconnected or multiple access on port?)
Error in get ublox data thread: device reports readiness to read but returned no data (device disconnected or multiple access on port?)
Error in get ublox data thread: device reports readiness to read but returned no data (device disconnected or multiple access on port?)
Error in get ublox data thread: ERROR:pyubx2.ubxreader:Unknown protocol header b'$$'.
ERROR:pyubx2.ubxreader:Unknown protocol header b'\xb5\xb5'.
ERROR:pyubx2.ubxreader:Unknown protocol header b'\xb5.'.
ERROR:pyubx2.ubxreader:Unknown protocol header b'\xb5\xb5'.
ERROR:pyubx2.ubxreader:Serial stream terminated unexpectedly. 30728 bytes requested, 14073 bytes returned.
ERROR:pyubx2.ubxreader:Unknown protocol header b'\xb5\x00'.
ERROR:pyubx2.ubxreader:Unknown protocol header b'\xb5\xb7'.
ERROR:pyubx2.ubxreader:Unknown protocol header b'\xb5\xb5'.
ERROR:pyubx2.ubxreader:Unknown protocol header b'\xb5\xb5'.
ERROR:pyubx2.ubxreader:Unknown protocol header b'$$'.
ERROR:pyubx2.ubxreader:Unknown protocol header b'\xb5\x03'.
ERROR:pyubx2.ubxreader:Unknown protocol header b'\xb5\xb5'.
ERROR:pyubx2.ubxreader:Unknown protocol header b'\xb5\xfb'.
ERROR:pyubx2.ubxreader:Unknown protocol header b'\xb5\xb5'.
ERROR:pyubx2.ubxreader:Unknown protocol header b'\xb5\x02'.
ERROR:pyubx2.ubxreader:Unknown protocol header b'\xb5\x02'.
ERROR:pyubx2.ubxreader:Unknown protocol header b'\xd3\xff'.
ERROR:pyubx2.ubxreader:Unknown protocol header b'$|'.
ERROR:pyubx2.ubxreader:Unknown protocol header b"\xb5'".
ERROR:pyubx2.ubxreader:Unknown protocol header b'\xd3\x9d'.
ERROR:pyubx2.ubxreader:Unknown protocol header b'$O'.
ERROR:pyubx2.ubxreader:Unknown protocol header b'\xd3\x9a'.
ERROR:pyubx2.ubxreader:Unknown protocol header b'\xd3\x89'.
ERROR:pyubx2.ubxreader:Unknown protocol header b'\xd3\xc3'.
ERROR:pyubx2.ubxreader:Unknown protocol header b'$\x03'.
ERROR:pyubx2.ubxreader:Unknown protocol header b'$;'.
ERROR:pyubx2.ubxreader:Unknown protocol header b'\xb5\n'.
ERROR:pyubx2.ubxreader:Unknown protocol header b'\xb5\n'.
ERROR:pyubx2.ubxreader:Unknown protocol header b'\xb5\n'.
ERROR:pyubx2.ubxreader:Unknown protocol header b'\xb5\n'.
ERROR:pyubx2.ubxreader:Unknown protocol header b'\xb5\n'.
ERROR:pyubx2.ubxreader:Unknown protocol header b'\xb5\x02'.
ERROR:pyubx2.ubxreader:Unknown protocol header b'\xb5\x14'.
ERROR:pyubx2.ubxreader:Unknown protocol header b'\xd3\xff'.
ERROR:pyubx2.ubxreader:Unknown protocol header b'\xb5\x04'.
ERROR:pyubx2.ubxreader:Unknown protocol header b'$\x07'.
ERROR:pyubx2.ubxreader:Unknown protocol header b'$\x07'.
ERROR:pyubx2.ubxreader:Unknown protocol header b'\xb5A'.
ERROR:pyubx2.ubxreader:Unknown protocol header b'$\x10'.
ERROR:pyubx2.ubxreader:Unknown protocol header b'\xb5\x02'.
ERROR:pyubx2.ubxreader:Message checksum b'5,' invalid - should be b'f\xb3'
ERROR:pyubx2.ubxreader:Unknown protocol header b'$Q'.
ERROR:pyubx2.ubxreader:Unknown protocol header b'$\x00'.
ERROR:pyubx2.ubxreader:Unknown protocol header b'$\x00'.
ERROR:pyubx2.ubxreader:Unknown protocol header b'\xb5\x01'.
ERROR:pyubx2.ubxreader:Message checksum b'c\xb5' invalid - should be b'\xb2\xe4'
ERROR:pyubx2.ubxreader:Unknown protocol header b'$\x14'.
ERROR:pyubx2.ubxreader:Unknown protocol header b'\xb5\x01'.
ERROR:pyubx2.ubxreader:Unknown protocol header b'\xd3b'.
ERROR:pyubx2.ubxreader:Unknown protocol header b'\xd3b'.
ERROR:pyubx2.ubxreader:Unknown protocol header b'\xb5\xb5'.
ERROR:pyubx2.ubxreader:Unknown protocol header b'$\xdc'.
ERROR:pyubx2.ubxreader:Unknown protocol header b'$\xf7'.
ERROR:pyubx2.ubxreader:Message checksum b'\xb5b' invalid - should be b'\xf2x'
ERROR:pyubx2.ubxreader:Message checksum b'R\x02' invalid - should be b'\xe7\xcc'
ERROR:pyubx2.ubxreader:Message checksum b',2' invalid - should be b'vR'
ERROR:pyubx2.ubxreader:Unknown protocol header b'$%'.
ERROR:pyubx2.ubxreader:Unknown protocol header b'$\x00'.
ERROR:pyubx2.ubxreader:Unknown protocol header b'\xb5\x01'.
ERROR:pyubx2.ubxreader:Unknown protocol header b'$\x00'.
ERROR:pyubx2.ubxreader:Unknown protocol header b'$+'.
ERROR:pyubx2.ubxreader:Unknown protocol header b'$\x00'.
ERROR:pyubx2.ubxreader:Unknown protocol header b'\xb5\x01'.
ERROR:pyubx2.ubxreader:Unknown protocol header b'\xb5\x01'.
ERROR:pyubx2.ubxreader:Unknown protocol header b'$O'.
ERROR:pyubx2.ubxreader:Message checksum b'A\t' invalid - should be b'\x11\x9e'
ERROR:pyubx2.ubxreader:Unknown protocol header b'\xb5\x00'.
ERROR:pyubx2.ubxreader:Message checksum b'\x90\xb5' invalid - should be b'\xe2\xe6'
ERROR:pyubx2.ubxreader:Unknown protocol header b'\xb5\x02'.
ERROR:pyubx2.ubxreader:Unknown protocol header b'\xb5\x02'.
ERROR:pyubx2.ubxreader:Unknown protocol header b'\xb5\x02'.
ERROR:pyubx2.ubxreader:Unknown protocol header b'\xb5\x02'.
ERROR:pyubx2.ubxreader:Unknown protocol header b'\xb5\x02'.
ERROR:pyubx2.ubxreader:Unknown protocol header b'\xb5\x02'.
ERROR:pyubx2.ubxreader:Unknown protocol header b'\xb5\x02'.
ERROR:pyubx2.ubxreader:Unknown protocol header b'\xb5\x02'.
ERROR:pyubx2.ubxreader:Unknown protocol header b'\xb5\x01'.
ERROR:pyubx2.ubxreader:Unknown protocol header b'\xb5\x01'.
ERROR:pyubx2.ubxreader:Unknown protocol header b'\xb5\x01'.
ERROR:pyubx2.ubxreader:Unknown protocol header b'\xb5\x01'.
ERROR:pyubx2.ubxreader:Unknown protocol header b'\xb5\x01'.
ERROR:pyubx2.ubxreader:Unknown protocol header b'$+'.
ERROR:pyubx2.ubxreader:Unknown protocol header b'$\x05'.
ERROR:pyubx2.ubxreader:Unknown protocol header b'$\x00'.
ERROR:pyubx2.ubxreader:Unknown protocol header b'\xb5\x01'.
ERROR:pyubx2.ubxreader:Unknown protocol header b'$\x00'.
ERROR:pyubx2.ubxreader:Unknown protocol header b'\xb5\x01'.
ERROR:pyubx2.ubxreader:Unknown protocol header b'\xb5\x01'.
ERROR:pyubx2.ubxreader:Unknown protocol header b'\xb5\x01'.
ERROR:pyubx2.ubxreader:Unknown protocol header b'\xb5\x01'.
ERROR:pyubx2.ubxreader:Unknown protocol header b'\xb5\x01'.
ERROR:pyubx2.ubxreader:Unknown protocol header b'\xb5\x01'.
ERROR:pyubx2.ubxreader:Unknown protocol header b'\xb5\x01'.
ERROR:pyubx2.ubxreader:Unknown protocol header b'$\xb5'.
ERROR:pyubx2.ubxreader:Unknown protocol header b'\xb5\x01'.
ERROR:pyubx2.ubxreader:Unknown protocol header b'\xb5\x01'.
ERROR:pyubx2.ubxreader:Unknown protocol header b'\xb5\x01'.
ERROR:pyubx2.ubxreader:Unknown protocol header b'\xb5\x01'.
ERROR:pyubx2.ubxreader:Unknown protocol header b'\xb5\x01'.
ERROR:pyubx2.ubxreader:Unknown protocol header b'\xb5\x01'.
ERROR:pyubx2.ubxreader:Unknown protocol header b'\xb5\x01'.
ERROR:pyubx2.ubxreader:Unknown protocol header b"\xb5'".
ERROR:pyubx2.ubxreader:Unknown protocol header b'\xb5\x9b'.
ERROR:pyubx2.ubxreader:Unknown protocol header b'$\xd7'.
ERROR:pyubx2.ubxreader:Unknown protocol header b'\xb5\x16'.
ERROR:pyubx2.ubxreader:Unknown protocol header b'\xd3q'.
ERROR:pyubx2.ubxreader:Unknown protocol header b'$\xf7'.
ERROR:pyubx2.ubxreader:Unknown protocol header b'$\x17'.
ERROR:pyubx2.ubxreader:Unknown protocol header b'\xd3\x11'.
ERROR:pyubx2.ubxreader:Unknown protocol header b'$\x17'.
ERROR:pyubx2.ubxreader:Unknown protocol header b'$\x17'.
ERROR:pyubx2.ubxreader:Unknown protocol header b'$\xd7'.
ERROR:pyubx2.ubxreader:Unknown protocol header b'\xd3D'.
ERROR:pyubx2.ubxreader:Unknown protocol header b'$\xf7'.
ERROR:pyubx2.ubxreader:Unknown protocol header b'$\xd7'.
ERROR:pyubx2.ubxreader:Unknown protocol header b'\xb5\r'.
ERROR:pyubx2.ubxreader:Unknown protocol header b'\xb5\n'.
ERROR:pyubx2.ubxreader:Unknown protocol header b'\xb5\n'.
ERROR:pyubx2.ubxreader:Unknown protocol header b'\xb5\n'.
ERROR:pyubx2.ubxreader:Unknown protocol header b'$\x00'.
ERROR:pyubx2.ubxreader:Unknown protocol header b'\xb5\n'.
ERROR:pyubx2.ubxreader:Unknown protocol header b'\xb5$'.
ERROR:pyubx2.ubxreader:Unknown protocol header b'\xb5\xb5'.
ERROR:pyubx2.ubxreader:Unknown protocol header b'\xb5\xb5'.
ERROR:pyubx2.ubxreader:Unknown protocol header b'$\xff'.
ERROR:pyubx2.ubxreader:Unknown protocol header b'\xb5\xb0'.
ERROR:pyubx2.ubxreader:Unknown protocol header b'\xb5\x84'.
ERROR:pyubx2.ubxreader:Unknown protocol header b"\xb5'".
ERROR:pyubx2.ubxreader:Unknown protocol header b'$z'.
ERROR:pyubx2.ubxreader:Unknown protocol header b'\xb5\xfd'.
ERROR:pyubx2.ubxreader:Unknown protocol header b'\xb5y'.
ERROR:pyubx2.ubxreader:Unknown protocol header b'$\x00'.
ERROR:pyubx2.ubxreader:Unknown protocol header b'\xd3\xe2'.
ERROR:pyubx2.ubxreader:Unknown protocol header b'$\x96'.
ERROR:pyubx2.ubxreader:Unknown protocol header b'$\x03'.
ERROR:pyubx2.ubxreader:Unknown protocol header b'\xb5\x02'.
ERROR:pyubx2.ubxreader:Unknown protocol header b'\xb5\x02'.
ERROR:pyubx2.ubxreader:Unknown protocol header b'\xb5\x02'.
ERROR:pyubx2.ubxreader:Unknown protocol header b'\xb5\x02'.
ERROR:pyubx2.ubxreader:Unknown protocol header b'\xb5\x02'.
ERROR:pyubx2.ubxreader:Unknown protocol header b'\xb5\x02'.
ERROR:pyubx2.ubxreader:Unknown protocol header b'\xb5\x02'.
ERROR:pyubx2.ubxreader:Unknown protocol header b'\xb5\x02'.
ERROR:pyubx2.ubxreader:Unknown protocol header b'\xb5\x02'.
ERROR:pyubx2.ubxreader:Unknown protocol header b'\xb5\x02'.
ERROR:pyubx2.ubxreader:Unknown protocol header b'\xb5\x02'.
ERROR:pyubx2.ubxreader:Unknown protocol header b'\xb5\x02'.
ERROR:pyubx2.ubxreader:Unknown protocol header b'\xb5\x02'.
ERROR:pyubx2.ubxreader:Unknown protocol header b'\xb5\x02'.
ERROR:pyubx2.ubxreader:Unknown protocol header b'\xb5\x02'.
ERROR:pyubx2.ubxreader:Unknown protocol header b'\xb5\x02'.
ERROR:pyubx2.ubxreader:Unknown protocol header b'\xb5\x02'.
ERROR:pyubx2.ubxreader:Unknown protocol header b'\xb5\x02'.
ERROR:pyubx2.ubxreader:Unknown protocol header b'\xb5\x02'.
ERROR:pyubx2.ubxreader:Unknown protocol header b'\xb5\x01'.
ERROR:pyubx2.ubxreader:Unknown protocol header b'\xb5\x01'.
ERROR:pyubx2.ubxreader:Unknown protocol header b'\xb5\x01'.
ERROR:pyubx2.ubxreader:Unknown protocol header b'$\x00'.
ERROR:pyubx2.ubxreader:Unknown protocol header b'$\x00'.
ERROR:pyubx2.ubxreader:Unknown protocol header b'$Q'.
ERROR:pyubx2.ubxreader:Unknown protocol header b'$Q'.
ERROR:pyubx2.ubxreader:Unknown protocol header b'$+'.
ERROR:pyubx2.ubxreader:Unknown protocol header b'\xb58'.
ERROR:pyubx2.ubxreader:Unknown protocol header b'$\x00'.
ERROR:pyubx2.ubxreader:Unknown protocol header b'\xb5\x02'.
ERROR:pyubx2.ubxreader:Unknown protocol header b'\xd3\xfa'.
ERROR:pyubx2.ubxreader:Unknown protocol header b'\xb5\x01'.
ERROR:pyubx2.ubxreader:Unknown protocol header b'\xb5\x01'.
ERROR:pyubx2.ubxreader:Unknown protocol header b'\xb5\x01'.
ERROR:pyubx2.ubxreader:Unknown protocol header b'\xb5\x01'.
ERROR:pyubx2.ubxreader:Unknown protocol header b'\xb5\x9b'.
ERROR:pyubx2.ubxreader:Unknown protocol header b'$\xd7'.
ERROR:pyubx2.ubxreader:Unknown protocol header b'$.'.
ERROR:pyubx2.ubxreader:Unknown protocol header b'$.'.
ERROR:pyubx2.ubxreader:Unknown protocol header b'$\x17'.
ERROR:pyubx2.ubxreader:Unknown protocol header b'\xd3q'.
ERROR:pyubx2.ubxreader:Unknown protocol header b'$\x17'.
ERROR:pyubx2.ubxreader:Unknown protocol header b'$\xd7'.
ERROR:pyubx2.ubxreader:Unknown protocol header b'$.'.
ERROR:pyubx2.ubxreader:Unknown protocol header b'$\xff'.
ERROR:pyubx2.ubxreader:Unknown protocol header b'\xd3q'.
ERROR:pyubx2.ubxreader:Unknown protocol header b'\xb5\xb5'.
ERROR:pyubx2.ubxreader:Serial stream terminated unexpectedly. 23042 bytes requested, 15462 bytes returned.
ERROR:pyubx2.ubxreader:Unknown protocol header b'$%'.
ERROR:pyubx2.ubxreader:Unknown protocol header b'$\x00'.
ERROR:pyubx2.ubxreader:Unknown protocol header b'$\x05'.
ERROR:pyubx2.ubxreader:Unknown protocol header b'$\x00'.
ERROR:pyubx2.ubxreader:Unknown protocol header b'\xb5\x01'.
ERROR:pyubx2.ubxreader:Serial stream terminated unexpectedly. 36866 bytes requested, 18533 bytes returned.
ERROR:pyubx2.ubxreader:Unknown protocol header b'\xb5\n'.
ERROR:pyubx2.ubxreader:Unknown protocol header b'\xb5\n'.
ERROR:pyubx2.ubxreader:Unknown protocol header b'\xb5\n'.
ERROR:pyubx2.ubxreader:Unknown protocol header b'\xb5\n'.
ERROR:pyubx2.ubxreader:Unknown protocol header b'\xb5\n'.
ERROR:pyubx2.ubxreader:Message checksum b'\x010' invalid - should be b'\x19\x82'
ERROR:pyubx2.ubxreader:Unknown protocol header b'\xb5\n'.
ERROR:pyubx2.ubxreader:Unknown protocol header b'$\x02'.
ERROR:pyubx2.ubxreader:Unknown protocol header b'\xb5\x02'.
ERROR:pyubx2.ubxreader:Unknown protocol header b'$\xf6'.
ERROR:pyubx2.ubxreader:Unknown protocol header b'$\xee'.
ERROR:pyubx2.ubxreader:Unknown protocol header b"\xb5'".
ERROR:pyubx2.ubxreader:Unknown protocol header b"\xb5'".
ERROR:pyubx2.ubxreader:Unknown protocol header b'\xb5\x02'.
ERROR:pyubx2.ubxreader:Unknown protocol header b'$\x80'.
ERROR:pyubx2.ubxreader:Unknown protocol header b'\xd3\x80'.
ERROR:pyubx2.ubxreader:Unknown protocol header b'\xb5:'.
ERROR:pyubx2.ubxreader:Unknown protocol header b'\xb5A'.
ERROR:pyubx2.ubxreader:Unknown protocol header b'\xd3\xa5'.
ERROR:pyubx2.ubxreader:Unknown protocol header b'$\xa7'.
ERROR:pyubx2.ubxreader:Unknown protocol header b'$\x80'.
ERROR:pyubx2.ubxreader:Unknown protocol header b'\xb52'.
ERROR:pyubx2.ubxreader:Unknown protocol header b'\xd3\x80'.
ERROR:pyubx2.ubxreader:Unknown protocol header b'\xb5\x00'.
ERROR:pyubx2.ubxreader:Unknown protocol header b'$p'.
ERROR:pyubx2.ubxreader:Unknown protocol header b'\xb5A'.
ERROR:pyubx2.ubxreader:Unknown protocol header b'\xd35'.
ERROR:pyubx2.ubxreader:Unknown protocol header b'\xb5\x02'.
ERROR:pyubx2.ubxreader:Unknown protocol header b'\xb5\x02'.
ERROR:pyubx2.ubxreader:Unknown protocol header b'\xb5\x02'.
ERROR:pyubx2.ubxreader:Unknown protocol header b'\xd3\x04'.
ERROR:pyubx2.ubxreader:Unknown protocol header b'\xb5\x02'.
ERROR:pyubx2.ubxreader:Unknown protocol header b'\xb5\x02'.
ERROR:pyubx2.ubxreader:Unknown protocol header b'\xd3\x04'.
ERROR:pyubx2.ubxreader:Unknown protocol header b'\xb5\x02'.
ERROR:pyubx2.ubxreader:Unknown protocol header b'\xd3\x04'.
ERROR:pyubx2.ubxreader:Unknown protocol header b'\xb5\x02'.
ERROR:pyubx2.ubxreader:Unknown protocol header b'\xd3\x04'.
ERROR:pyubx2.ubxreader:Unknown protocol header b'\xb5\x02'.
ERROR:pyubx2.ubxreader:Unknown protocol header b'$\t'.
ERROR:pyubx2.ubxreader:Unknown protocol header b'$\x00'.
ERROR:pyubx2.ubxreader:Unknown protocol header b'$\x00'.
ERROR:pyubx2.ubxreader:Unknown protocol header b'$\x05'.
ERROR:pyubx2.ubxreader:Unknown protocol header b'$\x00'.
ERROR:pyubx2.ubxreader:Unknown protocol header b'\xb5\x01'.
ERROR:pyubx2.ubxreader:Unknown protocol header b'$\x00'.
ERROR:pyubx2.ubxreader:Unknown protocol header b'\xb5\x01'.
ERROR:pyubx2.ubxreader:Unknown protocol header b'\xb5\x01'.
ERROR:pyubx2.ubxreader:Unknown protocol header b'$\xc3'.
ERROR:pyubx2.ubxreader:Unknown protocol header b'\xb5\x01'.
ERROR:pyubx2.ubxreader:Unknown protocol header b'\xb5\x01'.
ERROR:pyubx2.ubxreader:Unknown protocol header b'\xb5\x01'.
ERROR:pyubx2.ubxreader:Unknown protocol header b'\xb5\x01'.
ERROR:pyubx2.ubxreader:Unknown protocol header b'\xb5\x01'.
ERROR:pyubx2.ubxreader:Unknown protocol header b'$\x00'.
ERROR:pyubx2.ubxreader:Unknown protocol header b'\xb5\x01'.
ERROR:pyubx2.ubxreader:Unknown protocol header b'\xb5.'.
ERROR:pyubx2.ubxreader:Unknown protocol header b'\xb5\x01'.
ERROR:pyubx2.ubxreader:Unknown protocol header b"\xb5'".
ERROR:pyubx2.ubxreader:Unknown protocol header b'$.'.
ERROR:pyubx2.ubxreader:Unknown protocol header b'$u'.
ERROR:pyubx2.ubxreader:Unknown protocol header b'\xd3D'.
ERROR:pyubx2.ubxreader:Unknown protocol header b'$.'.
ERROR:pyubx2.ubxreader:Unknown protocol header b'$w'.
ERROR:pyubx2.ubxreader:Unknown protocol header b'\xd3\xa1'.
ERROR:pyubx2.ubxreader:Unknown protocol header b'\xd3q'.
ERROR:pyubx2.ubxreader:Unknown protocol header b'$.'.
ERROR:pyubx2.ubxreader:Message checksum b'\x82\xc7' invalid - should be b'\xfb\xef'
ERROR:pyubx2.ubxreader:Unknown protocol header b'\xb5%'.
ERROR:pyubx2.ubxreader:Unknown protocol header b'\xd3q'.
ERROR:pyubx2.ubxreader:Unknown protocol header b'$\x17'.
ERROR:pyubx2.ubxreader:Unknown protocol header b'\xd3\x11'.
ERROR:pyubx2.ubxreader:Unknown protocol header b'\xb5\x02'.
ERROR:pyubx2.ubxreader:Unknown protocol header b'\xb5\x02'.
ERROR:pyubx2.ubxreader:Unknown protocol header b'\xb5\n'.
ERROR:pyubx2.ubxreader:Unknown protocol header b'\xd3\xff'.
ERROR:pyubx2.ubxreader:Unknown protocol header b'\xd3\xff'.
ERROR:pyubx2.ubxreader:Unknown protocol header b'\xb5P'.
ERROR:pyubx2.ubxreader:Unknown protocol header b'\xb5\x02'.
ERROR:pyubx2.ubxreader:Unknown protocol header b'$\x05'.
ERROR:pyubx2.ubxreader:Unknown protocol header b'\xb5\xa9'.
ERROR:pyubx2.ubxreader:Unknown protocol header b'$\x03'.
ERROR:pyubx2.ubxreader:Unknown protocol header b'$\xf3'.
ERROR:pyubx2.ubxreader:Unknown protocol header b'\xb5\x0c'.
ERROR:pyubx2.ubxreader:Unknown protocol header b'$\xf4'.
ERROR:pyubx2.ubxreader:Unknown protocol header b'\xb5x'.
ERROR:pyubx2.ubxreader:Unknown protocol header b'\xb5\x00'.
ERROR:pyubx2.ubxreader:Unknown protocol header b'\xb5A'.
ERROR:pyubx2.ubxreader:Unknown protocol header b'\xb5\x02'.
ERROR:pyubx2.ubxreader:Unknown protocol header b'\xb5\x02'.
ERROR:pyubx2.ubxreader:Unknown protocol header b'\xb5\x02'.
ERROR:pyubx2.ubxreader:Unknown protocol header b'$\n'.
ERROR:pyubx2.ubxreader:Unknown protocol header b'\xb5\x02'.
ERROR:pyubx2.ubxreader:Unknown protocol header b'\xb5\x02'.
ERROR:pyubx2.ubxreader:Unknown protocol header b'\xb5\x02'.
ERROR:pyubx2.ubxreader:Unknown protocol header b'\xb5\x02'.
ERROR:pyubx2.ubxreader:Unknown protocol header b'\xb5\x02'.
ERROR:pyubx2.ubxreader:Unknown protocol header b'\xb5\x02'.
ERROR:pyubx2.ubxreader:Unknown protocol header b'\xb5\x02'.
ERROR:pyubx2.ubxreader:Unknown protocol header b'\xb5\x02'.
ERROR:pyubx2.ubxreader:Unknown protocol header b'$\x00'.
ERROR:pyubx2.ubxreader:Unknown protocol header b'$\x00'.
ERROR:pyubx2.ubxreader:Message checksum b'\x00\x00' invalid - should be b'\xbf\x8b'
ERROR:pyubx2.ubxreader:Unknown protocol header b'$\xd2'.
ERROR:pyubx2.ubxreader:Unknown protocol header b'\xb5\x01'.
ERROR:pyubx2.ubxreader:Unknown protocol header b'$\x00'.
ERROR:pyubx2.ubxreader:Unknown protocol header b'\xb5\x01'.
ERROR:pyubx2.ubxreader:Unknown protocol header b'$Q'.
ERROR:pyubx2.ubxreader:Unknown protocol header b'$Q'.
ERROR:pyubx2.ubxreader:Unknown protocol header b'\xb5\x01'.
ERROR:pyubx2.ubxreader:Unknown protocol header b'$+'.
ERROR:pyubx2.ubxreader:Unknown protocol header b'$\x05'.
ERROR:pyubx2.ubxreader:Unknown protocol header b'$\x00'.
ERROR:pyubx2.ubxreader:Unknown protocol header b'\xb5\x01'.
ERROR:pyubx2.ubxreader:Serial stream terminated unexpectedly. 24073 bytes requested, 18692 bytes returned.
ERROR:pyubx2.ubxreader:Unknown protocol header b'\xb5\xff'.
ERROR:pyubx2.ubxreader:Unknown protocol header b'$\x12'.
ERROR:pyubx2.ubxreader:Unknown protocol header b"\xb5'".
ERROR:pyubx2.ubxreader:Unknown protocol header b'\xb5\x02'.
ERROR:pyubx2.ubxreader:Unknown protocol header b'$\x98'.
ERROR:pyubx2.ubxreader:Unknown protocol header b'\xb5A'.
ERROR:pyubx2.ubxreader:Unknown protocol header b'\xb5\x00'.
ERROR:pyubx2.ubxreader:Unknown protocol header b'\xb5\x81'.
ERROR:pyubx2.ubxreader:Unknown protocol header b'\xb5\x02'.
ERROR:pyubx2.ubxreader:Unknown protocol header b'\xb5\x02'.
ERROR:pyubx2.ubxreader:Unknown protocol header b'\xb5\x02'.
ERROR:pyubx2.ubxreader:Unknown protocol header b'\xb5\x02'.
ERROR:pyubx2.ubxreader:Unknown protocol header b'\xb5\x02'.
ERROR:pyubx2.ubxreader:Unknown protocol header b'\xb5\x02'.
ERROR:pyubx2.ubxreader:Unknown protocol header b'\xb5\x02'.
ERROR:pyubx2.ubxreader:Unknown protocol header b'\xb5\x02'.
ERROR:pyubx2.ubxreader:Unknown protocol header b'\xb5\x01'.
ERROR:pyubx2.ubxreader:Unknown protocol header b'\xb5\x01'.
ERROR:pyubx2.ubxreader:Unknown protocol header b'\xb5\x01'.
ERROR:pyubx2.ubxreader:Unknown protocol header b'$\x00'.
ERROR:pyubx2.ubxreader:Unknown protocol header b'$\x00'.
ERROR:pyubx2.ubxreader:Unknown protocol header b'$\x00'.
ERROR:pyubx2.ubxreader:Unknown protocol header b'$\x00'.
ERROR:pyubx2.ubxreader:Unknown protocol header b'\xd3_'.
ERROR:pyubx2.ubxreader:Unknown protocol header b'\xb5\x01'.
ERROR:pyubx2.ubxreader:Unknown protocol header b'\xd3/'.
ERROR:pyubx2.ubxreader:Unknown protocol header b'$-'.
ERROR:pyubx2.ubxreader:Unknown protocol header b'$s'.
ERROR:pyubx2.ubxreader:Unknown protocol header b'\xb5\n'.
ERROR:pyubx2.ubxreader:Unknown protocol header b'\xb5\n'.
ERROR:pyubx2.ubxreader:Unknown protocol header b'\xb5\n'.
ERROR:pyubx2.ubxreader:Unknown protocol header b'\xb5\n'.
ERROR:pyubx2.ubxreader:Unknown protocol header b'\xb5\n'.
ERROR:pyubx2.ubxreader:Unknown protocol header b'$\x02'.
ERROR:pyubx2.ubxreader:Unknown protocol header b"\xb5'".
ERROR:pyubx2.ubxreader:Unknown protocol header b'\xb5\x02'.
ERROR:pyubx2.ubxreader:Unknown protocol header b'\xd3\xda'.
ERROR:pyubx2.ubxreader:Unknown protocol header b'$\x88'.
ERROR:pyubx2.ubxreader:Unknown protocol header b'\xd3\x05'.
ERROR:pyubx2.ubxreader:Unknown protocol header b'\xb5y'.
ERROR:pyubx2.ubxreader:Unknown protocol header b'\xd3y'.
ERROR:pyubx2.ubxreader:Unknown protocol header b'$\x03'.
ERROR:pyubx2.ubxreader:Unknown protocol header b'$\x00'.
ERROR:pyubx2.ubxreader:Unknown protocol header b'\xb5\x01'.
ERROR:pyubx2.ubxreader:Unknown protocol header b'\xb5\x01'.
ERROR:pyubx2.ubxreader:Unknown protocol header b'\xb5\x01'.
ERROR:pyubx2.ubxreader:Unknown protocol header b'\xb5\x01'.
ERROR:pyubx2.ubxreader:Unknown protocol header b'$\x05'.
ERROR:pyubx2.ubxreader:Unknown protocol header b'$\xd2'.
ERROR:pyubx2.ubxreader:Unknown protocol header b'\xb5\x01'.
ERROR:pyubx2.ubxreader:Unknown protocol header b'\xd3-'.
ERROR:pyubx2.ubxreader:Unknown protocol header b'$\x00'.
ERROR:pyubx2.ubxreader:Unknown protocol header b'$\x00'.
ERROR:pyubx2.ubxreader:Unknown protocol header b'\xb5\x01'.
ERROR:pyubx2.ubxreader:Unknown protocol header b'\xb5\x01'.
ERROR:pyubx2.ubxreader:Unknown protocol header b'\xd3\xb5'.
ERROR:pyubx2.ubxreader:Unknown protocol header b'\xb5\x01'.
ERROR:pyubx2.ubxreader:Unknown protocol header b'\xb5\x01'.
ERROR:pyubx2.ubxreader:Unknown protocol header b'\xb5\x01'.
ERROR:pyubx2.ubxreader:Unknown protocol header b'\xb5\x01'.
ERROR:pyubx2.ubxreader:Unknown protocol header b'\xb5\x01'.
ERROR:pyubx2.ubxreader:Unknown protocol header b'$\xb5'.
ERROR:pyubx2.ubxreader:Unknown protocol header b'\xb5\x01'.
ERROR:pyubx2.ubxreader:Unknown protocol header b'\xb5\x01'.
ERROR:pyubx2.ubxreader:Unknown protocol header b'\xb5\x01'.
ERROR:pyubx2.ubxreader:Unknown protocol header b'\xb5\x01'.
ERROR:pyubx2.ubxreader:Unknown protocol header b'\xd3 '.
ERROR:pyubx2.ubxreader:Unknown protocol header b'$\xd7'.
ERROR:pyubx2.ubxreader:Unknown protocol header b'$.'.
ERROR:pyubx2.ubxreader:Unknown protocol header b'$.'.
ERROR:pyubx2.ubxreader:Unknown protocol header b'\xd3q'.
ERROR:pyubx2.ubxreader:Unknown protocol header b'$\xf7'.
ERROR:pyubx2.ubxreader:Unknown protocol header b'$.'.
ERROR:pyubx2.ubxreader:Unknown protocol header b'$\xd7'.
ERROR:pyubx2.ubxreader:Unknown protocol header b'$.'.
ERROR:pyubx2.ubxreader:Unknown protocol header b'$\xd7'.
ERROR:pyubx2.ubxreader:Unknown protocol header b'$\xf7'.
ERROR:pyubx2.ubxreader:Unknown protocol header b'$.'.
ERROR:pyubx2.ubxreader:Unknown protocol header b'\xd3q'.
ERROR:pyubx2.ubxreader:Unknown protocol header b'\xb5\x02'.
ERROR:pyubx2.ubxreader:Unknown protocol header b'$\x00'.
ERROR:pyubx2.ubxreader:Unknown protocol header b'$\x00'.
ERROR:pyubx2.ubxreader:Unknown protocol header b'$\x9e'.
ERROR:pyubx2.ubxreader:Unknown protocol header b'$\x02'.
ERROR:pyubx2.ubxreader:Unknown protocol header b'$\x01'.
ERROR:pyubx2.ubxreader:Unknown protocol header b'$^'.
ERROR:pyubx2.ubxreader:Unknown protocol header b"\xb5'".
ERROR:pyubx2.ubxreader:Unknown protocol header b"\xb5'".
ERROR:pyubx2.ubxreader:Unknown protocol header b'\xb5\x02'.
ERROR:pyubx2.ubxreader:Unknown protocol header b'$\x03'.
ERROR:pyubx2.ubxreader:Unknown protocol header b'\xb58'.
ERROR:pyubx2.ubxreader:Unknown protocol header b'\xd3\xed'.
ERROR:pyubx2.ubxreader:Unknown protocol header b'$f'.
ERROR:pyubx2.ubxreader:Unknown protocol header b'\xd3\x05'.
ERROR:pyubx2.ubxreader:Unknown protocol header b'\xb5U'.
ERROR:pyubx2.ubxreader:Unknown protocol header b'$\x07'.
ERROR:pyubx2.ubxreader:Unknown protocol header b'\xb5\x02'.
ERROR:pyubx2.ubxreader:Unknown protocol header b'\xb5\x02'.
ERROR:pyubx2.ubxreader:Unknown protocol header b'\xb5\x02'.
ERROR:pyubx2.ubxreader:Unknown protocol header b'\xb5\x02'.
ERROR:pyubx2.ubxreader:Unknown protocol header b'\xb5\x02'.
ERROR:pyubx2.ubxreader:Unknown protocol header b'\xb5\x02'.
ERROR:pyubx2.ubxreader:Unknown protocol header b'\xb5\x02'.
ERROR:pyubx2.ubxreader:Unknown protocol header b'\xb5\n'.
ERROR:pyubx2.ubxreader:Unknown protocol header b'\xb5\n'.
ERROR:pyubx2.ubxreader:Unknown protocol header b'\xb5\n'.
ERROR:pyubx2.ubxreader:Unknown protocol header b'\xb5\n'.
ERROR:pyubx2.ubxreader:Unknown protocol header b'\xd30'.
ERROR:pyubx2.ubxreader:Unknown protocol header b'\xb5/'.
ERROR:pyubx2.ubxreader:Unknown protocol header b'$_'.
ERROR:pyubx2.ubxreader:Unknown protocol header b"\xb5'".
ERROR:pyubx2.ubxreader:Unknown protocol header b"\xb5'".
ERROR:pyubx2.ubxreader:Unknown protocol header b'\xb5\x02'.
ERROR:pyubx2.ubxreader:Unknown protocol header b'$\xe9'.
ERROR:pyubx2.ubxreader:Unknown protocol header b'\xd3\x05'.
ERROR:pyubx2.ubxreader:Unknown protocol header b'$\x00'.
ERROR:pyubx2.ubxreader:Unknown protocol header b'$e'.
ERROR:pyubx2.ubxreader:Unknown protocol header b'\xb5\xdd'.
ERROR:pyubx2.ubxreader:Unknown protocol header b'$\x03'.
ERROR:pyubx2.ubxreader:Unknown protocol header b'\xb5\x01'.
ERROR:pyubx2.ubxreader:Unknown protocol header b'\xb5\x01'.
ERROR:pyubx2.ubxreader:Unknown protocol header b'$\x00'.
ERROR:pyubx2.ubxreader:Unknown protocol header b'$Q'.
ERROR:pyubx2.ubxreader:Unknown protocol header b'$Q'.
ERROR:pyubx2.ubxreader:Unknown protocol header b'$\xb5'.
ERROR:pyubx2.ubxreader:Unknown protocol header b'$\x05'.
ERROR:pyubx2.ubxreader:Unknown protocol header b'$\xd2'.
ERROR:pyubx2.ubxreader:Unknown protocol header b'$\x00'.
ERROR:pyubx2.ubxreader:Unknown protocol header b'$*'.
ERROR:pyubx2.ubxreader:Unknown protocol header b'\xb5\x01'.
ERROR:pyubx2.ubxreader:Unknown protocol header b'$\x14'.
ERROR:pyubx2.ubxreader:Unknown protocol header b'\xb5\x01'.
ERROR:pyubx2.ubxreader:Unknown protocol header b'\xb5\x01'.
ERROR:pyubx2.ubxreader:Unknown protocol header b'\xb5\x01'.
ERROR:pyubx2.ubxreader:Unknown protocol header b'$\xfa'.
ERROR:pyubx2.ubxreader:Unknown protocol header b'\xb5\x01'.
ERROR:pyubx2.ubxreader:Unknown protocol header b'\xb5\x01'.
ERROR:pyubx2.ubxreader:Unknown protocol header b"\xb5'".
ERROR:pyubx2.ubxreader:Unknown protocol header b'\xd30'.
ERROR:pyubx2.ubxreader:Unknown protocol header b'$\xd7'.
ERROR:pyubx2.ubxreader:Unknown protocol header b'$\xf7'.
ERROR:pyubx2.ubxreader:Unknown protocol header b'$\x17'.
ERROR:pyubx2.ubxreader:Unknown protocol header b'$7'.
ERROR:pyubx2.ubxreader:Unknown protocol header b'$\x17'.
ERROR:pyubx2.ubxreader:Unknown protocol header b'$\x17'.
ERROR:pyubx2.ubxreader:Unknown protocol header b'$\xd7'.
ERROR:pyubx2.ubxreader:Unknown protocol header b'$\xd7'.
ERROR:pyubx2.ubxreader:Unknown protocol header b'\xd3\x11'.
ERROR:pyubx2.ubxreader:Unknown protocol header b'$.'.
ERROR:pyubx2.ubxreader:Unknown protocol header b'\xb5\xff'.
ERROR:pyubx2.ubxreader:Unknown protocol header b'\xb5z'.
ERROR:pyubx2.ubxreader:Unknown protocol header b'$\x00'.
ERROR:pyubx2.ubxreader:Unknown protocol header b'$\x00'.
ERROR:pyubx2.ubxreader:Unknown protocol header b'\xb5\xd9'.
ERROR:pyubx2.ubxreader:Unknown protocol header b'\xb5\r'.
ERROR:pyubx2.ubxreader:Unknown protocol header b'\xb5\x00'.
ERROR:pyubx2.ubxreader:Unknown protocol header b'$$'.
ERROR:pyubx2.ubxreader:Serial stream terminated unexpectedly. 15107 bytes requested, 10944 bytes returned.
ERROR:pyubx2.ubxreader:Unknown protocol header b'\xb5\x02'.
ERROR:pyubx2.ubxreader:Unknown protocol header b'\xb5\x01'.
ERROR:pyubx2.ubxreader:Unknown protocol header b'$\x00'.
ERROR:pyubx2.ubxreader:Unknown protocol header b'$\x05'.
ERROR:pyubx2.ubxreader:Unknown protocol header b'$\x00'.
ERROR:pyubx2.ubxreader:Unknown protocol header b'$\x1f'.
ERROR:pyubx2.ubxreader:Unknown protocol header b'\xb5\x01'.
ERROR:pyubx2.ubxreader:Unknown protocol header b'\xb5\x01'.
ERROR:pyubx2.ubxreader:Unknown protocol header b'$"'.
ERROR:pyubx2.ubxreader:Unknown protocol header b'$\x00'.
ERROR:pyubx2.ubxreader:Unknown protocol header b'\xb5\x01'.
ERROR:pyubx2.ubxreader:Unknown protocol header b'\xb5\x01'.
ERROR:pyubx2.ubxreader:Unknown protocol header b'$+'.
ERROR:pyubx2.ubxreader:Unknown protocol header b'$\x05'.
ERROR:pyubx2.ubxreader:Unknown protocol header b'$\x00'.
ERROR:pyubx2.ubxreader:Unknown protocol header b'\xb5\x01'.
ERROR:pyubx2.ubxreader:Unknown protocol header b'$.'.
ERROR:pyubx2.ubxreader:Unknown protocol header b'\xb5\n'.
ERROR:pyubx2.ubxreader:Unknown protocol header b'\xb5\n'.
ERROR:pyubx2.ubxreader:Unknown protocol header b'\xb5\n'.
ERROR:pyubx2.ubxreader:Unknown protocol header b'\xb5\n'.
ERROR:pyubx2.ubxreader:Unknown protocol header b'\xb5\n'.
ERROR:pyubx2.ubxreader:Unknown protocol header b'\xb5\xb5'.
ERROR:pyubx2.ubxreader:Unknown protocol header b'\xb5\x02'.
ERROR:pyubx2.ubxreader:Unknown protocol header b'$\x01'.
ERROR:pyubx2.ubxreader:Unknown protocol header b'$\xff'.
ERROR:pyubx2.ubxreader:Unknown protocol header b"\xb5'".
ERROR:pyubx2.ubxreader:Unknown protocol header b"\xb5'".
ERROR:pyubx2.ubxreader:Unknown protocol header b'\xb5\x02'.
ERROR:pyubx2.ubxreader:Unknown protocol header b'\xd3\x05'.
ERROR:pyubx2.ubxreader:Unknown protocol header b'\xd36'.
ERROR:pyubx2.ubxreader:Unknown protocol header b'\xd3\x98'.
ERROR:pyubx2.ubxreader:Serial stream terminated unexpectedly. 34818 bytes requested, 15108 bytes returned.
ERROR:pyubx2.ubxreader:Unknown protocol header b'\xb5\x02'.
ERROR:pyubx2.ubxreader:Unknown protocol header b'$Q'.
ERROR:pyubx2.ubxreader:Unknown protocol header b'$+'.
ERROR:pyubx2.ubxreader:Unknown protocol header b'\xb5\xb5'.
ERROR:pyubx2.ubxreader:Unknown protocol header b'\xb5\xb5'.
ERROR:pyubx2.ubxreader:Unknown protocol header b'\xb5\xb5'.
ERROR:pyubx2.ubxreader:Message checksum b'\x8c\xdb' invalid - should be b'1\xc5'
ERROR:pyubx2.ubxreader:Unknown protocol header b'$\x01'.
ERROR:pyubx2.ubxreader:Unknown protocol header b'\xb5\xb5'.
ERROR:pyubx2.ubxreader:Unknown protocol header b'\xb5\x02'.
ERROR:pyubx2.ubxreader:Unknown protocol header b'\xb5\x02'.
ERROR:pyubx2.ubxreader:Unknown protocol header b'\xb5\n'.
ERROR:pyubx2.ubxreader:Unknown protocol header b'\xb5\n'.
ERROR:pyubx2.ubxreader:Unknown protocol header b'\xb5\n'.
ERROR:pyubx2.ubxreader:Unknown protocol header b'\xb5\n'.
ERROR:pyubx2.ubxreader:Unknown protocol header b'\xb5\n'.
ERROR:pyubx2.ubxreader:Unknown protocol header b'\xb5\x02'.
ERROR:pyubx2.ubxreader:Unknown protocol header b'$\x01'.
ERROR:pyubx2.ubxreader:Unknown protocol header b'$\x00'.
ERROR:pyubx2.ubxreader:Unknown protocol header b"\xb5'".
ERROR:pyubx2.ubxreader:Unknown protocol header b'\xb5\x02'.
ERROR:pyubx2.ubxreader:Unknown protocol header b'\xd3\x05'.
ERROR:pyubx2.ubxreader:Unknown protocol header b'$\x00'.
ERROR:pyubx2.ubxreader:Unknown protocol header b'\xd3\x1f'.
ERROR:pyubx2.ubxreader:Unknown protocol header b'\xb5\x02'.
ERROR:pyubx2.ubxreader:Unknown protocol header b'\xb5\x02'.
ERROR:pyubx2.ubxreader:Unknown protocol header b'\xb5\x01'.
ERROR:pyubx2.ubxreader:Unknown protocol header b'$\x00'.
ERROR:pyubx2.ubxreader:Unknown protocol header b'\xb5\x01'.
ERROR:pyubx2.ubxreader:Unknown protocol header b'$\x01'.
ERROR:pyubx2.ubxreader:Unknown protocol header b'\xb5\x01'.
ERROR:pyubx2.ubxreader:Unknown protocol header b'$+'.
ERROR:pyubx2.ubxreader:Unknown protocol header b'$"'.
ERROR:pyubx2.ubxreader:Unknown protocol header b'$\x1f'.
ERROR:pyubx2.ubxreader:Unknown protocol header b'$\x00'.
ERROR:pyubx2.ubxreader:Unknown protocol header b'$\x14'.
ERROR:pyubx2.ubxreader:Message checksum b'\x00\x00' invalid - should be b'\xac\xb2'
ERROR:pyubx2.ubxreader:Unknown protocol header b'\xb5\x02'.
ERROR:pyubx2.ubxreader:Unknown protocol header b'\xb5/'.
ERROR:pyubx2.ubxreader:Unknown protocol header b'\xb5\x02'.
ERROR:pyubx2.ubxreader:Unknown protocol header b'\xb5\x02'.
ERROR:pyubx2.ubxreader:Unknown protocol header b'\xb5\n'.
ERROR:pyubx2.ubxreader:Unknown protocol header b'\xb5\n'.
ERROR:pyubx2.ubxreader:Unknown protocol header b'\xb5\n'.
ERROR:pyubx2.ubxreader:Unknown protocol header b'\xb5\n'.
ERROR:pyubx2.ubxreader:Unknown protocol header b'\xb5\n'.
ERROR:pyubx2.ubxreader:Unknown protocol header b'\xb5\n'.
ERROR:pyubx2.ubxreader:Unknown protocol header b'\xb5\x02'.
ERROR:pyubx2.ubxreader:Unknown protocol header b'\xd3o'.
ERROR:pyubx2.ubxreader:Unknown protocol header b"\xb5'".
ERROR:pyubx2.ubxreader:Unknown protocol header b'\xb5\x02'.
ERROR:pyubx2.ubxreader:Unknown protocol header b'\xd3\xb5'.
ERROR:pyubx2.ubxreader:Unknown protocol header b'\xb5\x1a'.
ERROR:pyubx2.ubxreader:Unknown protocol header b'\xd3\xdd'.
ERROR:pyubx2.ubxreader:Unknown protocol header b'\xb5\xc3'.
ERROR:pyubx2.ubxreader:Unknown protocol header b'$\x96'.
ERROR:pyubx2.ubxreader:Unknown protocol header b'\xb5\x02'.
ERROR:pyubx2.ubxreader:Unknown protocol header b'\xb5\x02'.
ERROR:pyubx2.ubxreader:Message checksum b'\x00\x00' invalid - should be b'C\xdc'
ERROR:pyubx2.ubxreader:Message checksum b'\x00\x00' invalid - should be b'C\xdc'
ERROR:pyubx2.ubxreader:Unknown protocol header b'\xb5\x02'.
ERROR:pyubx2.ubxreader:Message checksum b'\x00\x00' invalid - should be b'C\xdc'
ERROR:pyubx2.ubxreader:Unknown protocol header b'\xb5\x02'.
ERROR:pyubx2.ubxreader:Message checksum b'\x08>' invalid - should be b'\r\x9b'
ERROR:pyubx2.ubxreader:Unknown protocol header b'\xb5\x01'.
ERROR:pyubx2.ubxreader:Unknown protocol header b'$+'.
ERROR:pyubx2.ubxreader:Unknown protocol header b'$\x00'.
ERROR:pyubx2.ubxreader:Unknown protocol header b'$\x00'.
ERROR:pyubx2.ubxreader:Unknown protocol header b'$\x00'.
ERROR:pyubx2.ubxreader:Unknown protocol header b'\xb5\x01'.
ERROR:pyubx2.ubxreader:Unknown protocol header b'$\x00'.
ERROR:pyubx2.ubxreader:Unknown protocol header b'$\x00'.
ERROR:pyubx2.ubxreader:Unknown protocol header b'\xb5\x01'.
ERROR:pyubx2.ubxreader:Unknown protocol header b'\xb5\x01'.
ERROR:pyubx2.ubxreader:Unknown protocol header b'$\x14'.
ERROR:pyubx2.ubxreader:Unknown protocol header b'\xb5\x01'.
ERROR:pyubx2.ubxreader:Unknown protocol header b'$\x0b'.
ERROR:pyubx2.ubxreader:Unknown protocol header b'\xb5\x01'.
ERROR:pyubx2.ubxreader:Unknown protocol header b'\xb5\x01'.
ERROR:pyubx2.ubxreader:Unknown protocol header b'\xb5\x01'.
ERROR:pyubx2.ubxreader:Unknown protocol header b'\xb5\x01'.
ERROR:pyubx2.ubxreader:Unknown protocol header b'\xb5\x01'.
ERROR:pyubx2.ubxreader:Unknown protocol header b"\xb5'".
ERROR:pyubx2.ubxreader:Unknown protocol header b'\xb5\x9b'.
ERROR:pyubx2.ubxreader:Unknown protocol header b'\xd3\x11'.
ERROR:pyubx2.ubxreader:Unknown protocol header b'$7'.
ERROR:pyubx2.ubxreader:Unknown protocol header b'\xd3q'.
ERROR:pyubx2.ubxreader:Unknown protocol header b'\xd3D'.
ERROR:pyubx2.ubxreader:Unknown protocol header b'$\xd7'.
ERROR:pyubx2.ubxreader:Unknown protocol header b'$\xf7'.
ERROR:pyubx2.ubxreader:Unknown protocol header b'\xd3q'.
ERROR:pyubx2.ubxreader:Unknown protocol header b'$\r'.
ERROR:pyubx2.ubxreader:Unknown protocol header b'\xd3U'.
ERROR:pyubx2.ubxreader:Unknown protocol header b'\xb5\r'.
ERROR:pyubx2.ubxreader:Unknown protocol header b'\xb5\x02'.
ERROR:pyubx2.ubxreader:Unknown protocol header b'$\x00'.
ERROR:pyubx2.ubxreader:Unknown protocol header b'$\x01'.
ERROR:pyubx2.ubxreader:Unknown protocol header b'\xd31'.
ERROR:pyubx2.ubxreader:Unknown protocol header b'\xb5\xff'.
ERROR:pyubx2.ubxreader:Unknown protocol header b'\xd3S'.
ERROR:pyubx2.ubxreader:Message checksum b'\xb7\xb5' invalid - should be b'\x7f\xee'
ERROR:pyubx2.ubxreader:Unknown protocol header b'\xb5\x02'.
ERROR:pyubx2.ubxreader:Unknown protocol header b'$\xbf'.
ERROR:pyubx2.ubxreader:Unknown protocol header b'\xb5!'.
ERROR:pyubx2.ubxreader:Unknown protocol header b'\xd3\x05'.
ERROR:pyubx2.ubxreader:Unknown protocol header b'$\x00'.
ERROR:pyubx2.ubxreader:Unknown protocol header b'$\x02'.
ERROR:pyubx2.ubxreader:Unknown protocol header b'$\x0c'.
ERROR:pyubx2.ubxreader:Unknown protocol header b'\xd3='.
ERROR:pyubx2.ubxreader:Message checksum b'f\xb5' invalid - should be b'\xbe\xa2'
ERROR:pyubx2.ubxreader:Unknown protocol header b'$"'.
ERROR:pyubx2.ubxreader:Unknown protocol header b'$\x00'.
ERROR:pyubx2.ubxreader:Unknown protocol header b'$\x00'.
ERROR:pyubx2.ubxreader:Serial stream terminated unexpectedly. 63494 bytes requested, 19247 bytes returned.
ERROR:pyubx2.ubxreader:Unknown protocol header b'\xd3\xa1'.
ERROR:pyubx2.ubxreader:Message checksum b'\xbcQ' invalid - should be b'\xf9\x81'
ERROR:pyubx2.ubxreader:Unknown protocol header b'\xb5\x02'.
ERROR:pyubx2.ubxreader:Unknown protocol header b'\xb5\x02'.
ERROR:pyubx2.ubxreader:Message checksum b'\x00\x00' invalid - should be b'\x96\xf6'
ERROR:pyubx2.ubxreader:Unknown protocol header b'\xb5\n'.
ERROR:pyubx2.ubxreader:Unknown protocol header b'\xb5\x02'.
ERROR:pyubx2.ubxreader:Unknown protocol header b'\xb5\n'.
ERROR:pyubx2.ubxreader:Unknown protocol header b'\xb5\n'.
ERROR:pyubx2.ubxreader:Unknown protocol header b'\xb5\x02'.
ERROR:pyubx2.ubxreader:Unknown protocol header b'$n'.
ERROR:pyubx2.ubxreader:Unknown protocol header b'\xd3\xff'.
ERROR:pyubx2.ubxreader:Unknown protocol header b'$\x00'.
ERROR:pyubx2.ubxreader:Unknown protocol header b"\xb5'".
ERROR:pyubx2.ubxreader:Unknown protocol header b'\xb5\x02'.
ERROR:pyubx2.ubxreader:Unknown protocol header b'\xb5\x98'.
ERROR:pyubx2.ubxreader:Unknown protocol header b'$\xb9'.
ERROR:pyubx2.ubxreader:Unknown protocol header b'$\xdd'.
ERROR:pyubx2.ubxreader:Unknown protocol header b'$['.
ERROR:pyubx2.ubxreader:Unknown protocol header b'\xd3Z'.
ERROR:pyubx2.ubxreader:Unknown protocol header b'\xb5\x01'.
ERROR:pyubx2.ubxreader:Unknown protocol header b'\xb5\x01'.
ERROR:pyubx2.ubxreader:Unknown protocol header b'\xb5\x01'.
ERROR:pyubx2.ubxreader:Unknown protocol header b'$\x00'.
ERROR:pyubx2.ubxreader:Unknown protocol header b'$Q'.
ERROR:pyubx2.ubxreader:Unknown protocol header b'\xb5\x01'.
ERROR:pyubx2.ubxreader:Unknown protocol header b'$+'.
ERROR:pyubx2.ubxreader:Unknown protocol header b'$\x00'.
ERROR:pyubx2.ubxreader:Unknown protocol header b'\xb5\x01'.
ERROR:pyubx2.ubxreader:Unknown protocol header b'$\x00'.
ERROR:pyubx2.ubxreader:Unknown protocol header b'$\x1f'.
ERROR:pyubx2.ubxreader:Unknown protocol header b'$\xd2'.
ERROR:pyubx2.ubxreader:Unknown protocol header b'\xb5\x01'.
ERROR:pyubx2.ubxreader:Unknown protocol header b'$0'.
ERROR:pyubx2.ubxreader:Unknown protocol header b'$.'.
ERROR:pyubx2.ubxreader:Unknown protocol header b'\xb5\x01'.
ERROR:pyubx2.ubxreader:Unknown protocol header b'\xb5\x01'.
ERROR:pyubx2.ubxreader:Unknown protocol header b'$\x14'.
ERROR:pyubx2.ubxreader:Unknown protocol header b'\xb5\x01'.
ERROR:pyubx2.ubxreader:Unknown protocol header b'\xb5\x01'.
ERROR:pyubx2.ubxreader:Unknown protocol header b'\xb5\x01'.
ERROR:pyubx2.ubxreader:Unknown protocol header b'\xb5\x01'.
ERROR:pyubx2.ubxreader:Unknown protocol header b'\xb5\x01'.
ERROR:pyubx2.ubxreader:Unknown protocol header b'\xd3='.
ERROR:pyubx2.ubxreader:Unknown protocol header b'\xd3\x98'.
ERROR:pyubx2.ubxreader:Unknown protocol header b'$\x17'.
ERROR:pyubx2.ubxreader:Unknown protocol header b'$7'.
ERROR:pyubx2.ubxreader:Unknown protocol header b'\xd3q'.
ERROR:pyubx2.ubxreader:Unknown protocol header b'\xb5\r'.
ERROR:pyubx2.ubxreader:Unknown protocol header b'$\xf7'.
ERROR:pyubx2.ubxreader:Unknown protocol header b'$.'.
ERROR:pyubx2.ubxreader:Unknown protocol header b'\xb5\r'.
ERROR:pyubx2.ubxreader:Unknown protocol header b'$\x00'.
ERROR:pyubx2.ubxreader:Unknown protocol header b'\xb5\x02'.
ERROR:pyubx2.ubxreader:Unknown protocol header b'\xb5\x02'.
ERROR:pyubx2.ubxreader:Unknown protocol header b'\xb5\n'.
ERROR:pyubx2.ubxreader:Unknown protocol header b'\xb5\x01'.
ERROR:pyubx2.ubxreader:Unknown protocol header b'$\x00'.
ERROR:pyubx2.ubxreader:Unknown protocol header b'\xb5\x01'.
ERROR:pyubx2.ubxreader:Unknown protocol header b'$\x00'.
ERROR:pyubx2.ubxreader:Unknown protocol header b'\xd3_'.
ERROR:pyubx2.ubxreader:Unknown protocol header b'$\x00'.
ERROR:pyubx2.ubxreader:Unknown protocol header b'\xb5\x01'.
ERROR:pyubx2.ubxreader:Unknown protocol header b'\xd3/'.
ERROR:pyubx2.ubxreader:Unknown protocol header b'$\x01'.
ERROR:pyubx2.ubxreader:Serial stream terminated unexpectedly. 20938 bytes requested, 16690 bytes returned.
ERROR:pyubx2.ubxreader:Unknown protocol header b'\xb5\x02'.
ERROR:pyubx2.ubxreader:Unknown protocol header b'\xd3\xff'.
ERROR:pyubx2.ubxreader:Unknown protocol header b'\xb5!'.
ERROR:pyubx2.ubxreader:Unknown protocol header b'$\x0e'.
ERROR:pyubx2.ubxreader:Unknown protocol header b"\xb5'".
ERROR:pyubx2.ubxreader:Unknown protocol header b'\xb5\x02'.
ERROR:pyubx2.ubxreader:Unknown protocol header b'$\xbc'.
ERROR:pyubx2.ubxreader:Unknown protocol header b'$\x8f'.
ERROR:pyubx2.ubxreader:Unknown protocol header b'\xb5A'.
ERROR:pyubx2.ubxreader:Unknown protocol header b'\xd3^'.
ERROR:pyubx2.ubxreader:Unknown protocol header b'$\x03'.
ERROR:pyubx2.ubxreader:Unknown protocol header b'\xb5\x01'.
ERROR:pyubx2.ubxreader:Unknown protocol header b'$\x00'.
ERROR:pyubx2.ubxreader:Unknown protocol header b'\xb5\x01'.
ERROR:pyubx2.ubxreader:Unknown protocol header b'$\x00'.
ERROR:pyubx2.ubxreader:Unknown protocol header b'$Q'.
ERROR:pyubx2.ubxreader:Unknown protocol header b'$%'.
ERROR:pyubx2.ubxreader:Unknown protocol header b'$\x00'.
ERROR:pyubx2.ubxreader:Unknown protocol header b'$\x05'.
ERROR:pyubx2.ubxreader:Unknown protocol header b'$\x00'.
ERROR:pyubx2.ubxreader:Unknown protocol header b'$\x01'.
ERROR:pyubx2.ubxreader:Unknown protocol header b'\xb5\x01'.
ERROR:pyubx2.ubxreader:Unknown protocol header b'\xb5\x01'.
ERROR:pyubx2.ubxreader:Unknown protocol header b'\xb5\x00'.
device reports readiness to read but returned no data (device disconnected or multiple access on port?)
Error in get ublox data thread: device reports readiness to read but returned no data (device disconnected or multiple access on port?)
Error in get ublox data thread: device reports readiness to read but returned no data (device disconnected or multiple access on port?)
Error in get ublox data thread: device reports readiness to read but returned no data (device disconnected or multiple access on port?)
Error in get ublox data thread: device reports readiness to read but returned no data (device disconnected or multiple access on port?)
Error in get ublox data thread: device reports readiness to read but returned no data (device disconnected or multiple access on port?)
Error in get ublox data thread: device reports readiness to read but returned no data (device disconnected or multiple access on port?)
Error in get ublox data thread: device reports readiness to read but returned no data (device disconnected or multiple access on port?)
Error in get ublox data thread: device reports readiness to read but returned no data (device disconnected or multiple access on port?)
Error in get ublox data thread: device reports readiness to read but returned no data (device disconnected or multiple access on port?)
Error in get ublox data thread: device reports readiness to read but returned no data (device disconnected or multiple access on port?)
Error in get ublox data thread: device reports readiness to read but returned no data (device disconnected or multiple access on port?)
Error in get ublox data thread: device reports readiness to read but returned no data (device disconnected or multiple access on port?)
Error in get ublox data thread: device reports readiness to read but returned no data (device disconnected or multiple access on port?)
Error in get ublox data thread: device reports readiness to read but returned no data (device disconnected or multiple access on port?)
Error in get ublox data thread: device reports readiness to read but returned no data (device disconnected or multiple access on port?)
Error in get ublox data thread: device reports readiness to read but returned no data (device disconnected or multiple access on port?)
Error in get ublox data thread: device reports readiness to read but returned no data (device disconnected or multiple access on port?)
Error in get ublox data thread: device reports readiness to read but returned no data (device disconnected or multiple access on port?)
Error in get ublox data thread: device reports readiness to read but returned no data (device disconnected or multiple access on port?)
Error in get ublox data thread: device reports readiness to read but returned no data (device disconnected or multiple access on port?)
Error in get ublox data thread: device reports readiness to read but returned no data (device disconnected or multiple access on port?)
Error in get ublox data thread: device reports readiness to read but returned no data (device disconnected or multiple access on port?)
Error in get ublox data thread: device reports readiness to read but returned no data (device disconnected or multiple access on port?)
Error in get ublox data thread: device reports readiness to read but returned no data (device disconnected or multiple access on port?)
Error in get ublox data thread: device reports readiness to read but returned no data (device disconnected or multiple access on port?)
Error in get ublox data thread: device reports readiness to read but returned no data (device disconnected or multiple access on port?)
Error in get ublox data thread: device reports readiness to read but returned no data (device disconnected or multiple access on port?)
Error in get ublox data thread: device reports readiness to read but returned no data (device disconnected or multiple access on port?)
Error in get ublox data thread: device reports readiness to read but returned no data (device disconnected or multiple access on port?)
Error in get ublox data thread: device reports readiness to read but returned no data (device disconnected or multiple access on port?)
Error in get ublox data thread: device reports readiness to read but returned no data (device disconnected or multiple access on port?)
Error in get ublox data thread: device reports readiness to read but returned no data (device disconnected or multiple access on port?)
Error in get ublox data thread: device reports readiness to read but returned no data (device disconnected or multiple access on port?)
Error in get ublox data thread: device reports readiness to read but returned no data (device disconnected or multiple access on port?)
Error in get ublox data thread: device reports readiness to read but returned no data (device disconnected or multiple access on port?)
Error in get ublox data thread: device reports readiness to read but returned no data (device disconnected or multiple access on port?)
Error in get ublox data thread: device reports readiness to read but returned no data (device disconnected or multiple access on port?)
Error in get ublox data thread: device reports readiness to read but returned no data (device disconnected or multiple access on port?)
Error in get ublox data thread: device reports readiness to read but returned no data (device disconnected or multiple access on port?)
Error in get ublox data thread: device reports readiness to read but returned no data (device disconnected or multiple access on port?)
Error in get ublox data thread: device reports readiness to read but returned no data (device disconnected or multiple access on port?)
Error in get ublox data thread: device reports readiness to read but returned no data (device disconnected or multiple access on port?)
Error in get ublox data thread: device reports readiness to read but returned no data (device disconnected or multiple access on port?)
Error in get ublox data thread: device reports readiness to read but returned no data (device disconnected or multiple access on port?)
Error in get ublox data thread: device reports readiness to read but returned no data (device disconnected or multiple access on port?)
Error in get ublox data thread: device reports readiness to read but returned no data (device disconnected or multiple access on port?)
Error in get ublox data thread: device reports readiness to read but returned no data (device disconnected or multiple access on port?)
Error in get ublox data thread: device reports readiness to read but returned no data (device disconnected or multiple access on port?)
Error in get ublox data thread: device reports readiness to read but returned no data (device disconnected or multiple access on port?)
Error in get ublox data thread: device reports readiness to read but returned no data (device disconnected or multiple access on port?)
Error in get ublox data thread: device reports readiness to read but returned no data (device disconnected or multiple access on port?)
Error in get ublox data thread: device reports readiness to read but returned no data (device disconnected or multiple access on port?)
Error in get ublox data thread: device reports readiness to read but returned no data (device disconnected or multiple access on port?)
Error in get ublox data thread: device reports readiness to read but returned no data (device disconnected or multiple access on port?)
Error in get ublox data thread: device reports readiness to read but returned no data (device disconnected or multiple access on port?)
Error in get ublox data thread: device reports readiness to read but returned no data (device disconnected or multiple access on port?)
Error in get ublox data thread: device reports readiness to read but returned no data (device disconnected or multiple access on port?)
Error in get ublox data thread: device reports readiness to read but returned no data (device disconnected or multiple access on port?)
Error in get ublox data thread: device reports readiness to read but returned no data (device disconnected or multiple access on port?)
Error in get ublox data thread: ERROR:pyubx2.ubxreader:Unknown protocol header b'\xb5\xb5'.
ERROR:pyubx2.ubxreader:Unknown protocol header b'\xb5\xb5'.
ERROR:pyubx2.ubxreader:Unknown protocol header b'\xb5\xb5'.
ERROR:pyubx2.ubxreader:Message checksum b'\x00\x00' invalid - should be b'\xea\xf5'
ERROR:pyubx2.ubxreader:Unknown protocol header b'$\x00'.
ERROR:pyubx2.ubxreader:Unknown protocol header b'\xb5\x01'.
ERROR:pyubx2.ubxreader:Unknown protocol header b'\xb5\x01'.
ERROR:pyubx2.ubxreader:Message checksum b'D\xb5' invalid - should be b'Q"'
ERROR:pyubx2.ubxreader:Unknown protocol header b'\xb5\n'.
ERROR:pyubx2.ubxreader:Unknown protocol header b'\xb5\x02'.
ERROR:pyubx2.ubxreader:Unknown protocol header b'\xd3\xff'.
ERROR:pyubx2.ubxreader:Unknown protocol header b'\xd3\xd9'.
ERROR:pyubx2.ubxreader:Unknown protocol header b'\xb5\x02'.
ERROR:pyubx2.ubxreader:Unknown protocol header b'\xd3\x8f'.
ERROR:pyubx2.ubxreader:Unknown protocol header b'\xb5n'.
ERROR:pyubx2.ubxreader:Unknown protocol header b'\xd3;'.
ERROR:pyubx2.ubxreader:Unknown protocol header b'\xd3\x05'.
ERROR:pyubx2.ubxreader:Unknown protocol header b'\xb5\x13'.
ERROR:pyubx2.ubxreader:Unknown protocol header b'\xb5\x13'.
ERROR:pyubx2.ubxreader:Unknown protocol header b'\xb5\x13'.
ERROR:pyubx2.ubxreader:Message checksum b'\xcb\xc3' invalid - should be b'L\xa7'
ERROR:pyubx2.ubxreader:Unknown protocol header b'\xd3\xc3'.
ERROR:pyubx2.ubxreader:Unknown protocol header b'$%'.
ERROR:pyubx2.ubxreader:Unknown protocol header b'\xd3x'.
ERROR:pyubx2.ubxreader:Unknown protocol header b'$\x9f'.
ERROR:pyubx2.ubxreader:Unknown protocol header b'$\x00'.
ERROR:pyubx2.ubxreader:Unknown protocol header b'\xd3>'.
ERROR:pyubx2.ubxreader:Unknown protocol header b'\xb5\x01'.
ERROR:pyubx2.ubxreader:Unknown protocol header b'\xb5\x01'.
ERROR:pyubx2.ubxreader:Unknown protocol header b'\xb5\x01'.
ERROR:pyubx2.ubxreader:Unknown protocol header b'$\x00'.
ERROR:pyubx2.ubxreader:Unknown protocol header b'$\x00'.
ERROR:pyubx2.ubxreader:Unknown protocol header b'\xb5\x01'.
ERROR:pyubx2.ubxreader:Unknown protocol header b'\xb5\x01'.
ERROR:pyubx2.ubxreader:Unknown protocol header b'$\x14'.
ERROR:pyubx2.ubxreader:Unknown protocol header b'\xb5\x01'.
ERROR:pyubx2.ubxreader:Unknown protocol header b'\xb5\x01'.
ERROR:pyubx2.ubxreader:Unknown protocol header b'\xd3<'.
ERROR:pyubx2.ubxreader:Unknown protocol header b'\xb5\x01'.
ERROR:pyubx2.ubxreader:Unknown protocol header b'\xb5\x01'.
ERROR:pyubx2.ubxreader:Unknown protocol header b'\xb5\x01'.
ERROR:pyubx2.ubxreader:Unknown protocol header b'\xd3\xbd'.
ERROR:pyubx2.ubxreader:Unknown protocol header b'\xd3\xad'.
ERROR:pyubx2.ubxreader:Unknown protocol header b'$\xd7'.
ERROR:pyubx2.ubxreader:Unknown protocol header b'\xd3q'.
ERROR:pyubx2.ubxreader:Unknown protocol header b'$\xf7'.
ERROR:pyubx2.ubxreader:Unknown protocol header b'\xd3D'.
ERROR:pyubx2.ubxreader:Unknown protocol header b'$\x17'.
ERROR:pyubx2.ubxreader:Unknown protocol header b'$7'.
ERROR:pyubx2.ubxreader:Unknown protocol header b'\xd3q'.
ERROR:pyubx2.ubxreader:Unknown protocol header b'$\x17'.
ERROR:pyubx2.ubxreader:Unknown protocol header b'$\xf7'.
ERROR:pyubx2.ubxreader:Unknown protocol header b'$\xc6'.
ERROR:pyubx2.ubxreader:Unknown protocol header b'\xd3\x11'.
ERROR:pyubx2.ubxreader:Unknown protocol header b'\xd3D'.
ERROR:pyubx2.ubxreader:Unknown protocol header b'\xd3q'.
ERROR:pyubx2.ubxreader:Unknown protocol header b'\xb5\r'.
ERROR:pyubx2.ubxreader:Unknown protocol header b'\xb5\x02'.
ERROR:pyubx2.ubxreader:Unknown protocol header b'\xb5\x02'.
ERROR:pyubx2.ubxreader:Unknown protocol header b'\xb5\x02'.
ERROR:pyubx2.ubxreader:Unknown protocol header b'\xb5\x02'.
ERROR:pyubx2.ubxreader:Unknown protocol header b'\xb5\x02'.
ERROR:pyubx2.ubxreader:Unknown protocol header b'\xb5\x02'.
ERROR:pyubx2.ubxreader:Unknown protocol header b'\xb5\x02'.
ERROR:pyubx2.ubxreader:Message checksum b"'\x01" invalid - should be b'\x96t'
ERROR:pyubx2.ubxreader:Unknown protocol header b'\xd3\x06'.
ERROR:pyubx2.ubxreader:Unknown protocol header b"\xb5'".
ERROR:pyubx2.ubxreader:Unknown protocol header b'\xb5\x02'.
ERROR:pyubx2.ubxreader:Unknown protocol header b'\xd3\xb0'.
ERROR:pyubx2.ubxreader:Unknown protocol header b'$<'.
ERROR:pyubx2.ubxreader:Unknown protocol header b'\xb5A'.
ERROR:pyubx2.ubxreader:Unknown protocol header b'\xb5h'.
ERROR:pyubx2.ubxreader:Unknown protocol header b'$\xa0'.
ERROR:pyubx2.ubxreader:Unknown protocol header b'\xd3\xeb'.
ERROR:pyubx2.ubxreader:Unknown protocol header b'\xb54'.
ERROR:pyubx2.ubxreader:Unknown protocol header b'$('.
ERROR:pyubx2.ubxreader:Unknown protocol header b'\xb5\x0e'.
ERROR:pyubx2.ubxreader:Unknown protocol header b'\xb5\xb5'.
ERROR:pyubx2.ubxreader:Unknown protocol header b'\xb5\xb5'.
ERROR:pyubx2.ubxreader:Unknown protocol header b'$$'.
ERROR:pyubx2.ubxreader:Message checksum b'#b' invalid - should be b'\xfc\x92'
ERROR:pyubx2.ubxreader:Message checksum b'*b' invalid - should be b'\xb7t'
ERROR:pyubx2.ubxreader:Unknown protocol header b'\xb5\n'.
ERROR:pyubx2.ubxreader:Message checksum b'\x1c\xb5' invalid - should be b'r\n'
ERROR:pyubx2.ubxreader:Unknown protocol header b'\xb56'.
ERROR:pyubx2.ubxreader:Message checksum b'D\xb5' invalid - should be b'o@'
ERROR:pyubx2.ubxreader:Unknown protocol header b'\xb5\n'.
ERROR:pyubx2.ubxreader:Unknown protocol header b'$\x00'.
ERROR:pyubx2.ubxreader:Unknown protocol header b'\xb5\xf7'.
ERROR:pyubx2.ubxreader:Unknown protocol header b'$\x1f'.
ERROR:pyubx2.ubxreader:Unknown protocol header b"\xb5'".
ERROR:pyubx2.ubxreader:Unknown protocol header b'\xd3\xc5'.
ERROR:pyubx2.ubxreader:Unknown protocol header b'\xb5\xf7'.
ERROR:pyubx2.ubxreader:Unknown protocol header b'\xd3\x9d'.
ERROR:pyubx2.ubxreader:Unknown protocol header b'$['.
ERROR:pyubx2.ubxreader:Unknown protocol header b'\xb5C'.
ERROR:pyubx2.ubxreader:Unknown protocol header b'\xb5\x02'.
ERROR:pyubx2.ubxreader:Unknown protocol header b'\xb5\x02'.
ERROR:pyubx2.ubxreader:Unknown protocol header b'\xb5\x02'.
ERROR:pyubx2.ubxreader:Unknown protocol header b'\xb5\x02'.
ERROR:pyubx2.ubxreader:Unknown protocol header b'\xb5\x02'.
ERROR:pyubx2.ubxreader:Unknown protocol header b'\xb5\x01'.
ERROR:pyubx2.ubxreader:Unknown protocol header b'\xb5\x01'.
ERROR:pyubx2.ubxreader:Unknown protocol header b'$\x00'.
ERROR:pyubx2.ubxreader:Unknown protocol header b'$+'.
ERROR:pyubx2.ubxreader:Unknown protocol header b'$\x05'.
ERROR:pyubx2.ubxreader:Unknown protocol header b'$\x00'.
ERROR:pyubx2.ubxreader:Unknown protocol header b'$\x1f'.
ERROR:pyubx2.ubxreader:Unknown protocol header b'\xb5\xb5'.
ERROR:pyubx2.ubxreader:Unknown protocol header b'\xd3y'.
ERROR:pyubx2.ubxreader:Unknown protocol header b'\xb5\x01'.
ERROR:pyubx2.ubxreader:Unknown protocol header b'\xb5\x01'.
ERROR:pyubx2.ubxreader:Unknown protocol header b'\xd3\xb5'.
ERROR:pyubx2.ubxreader:Unknown protocol header b'$\x00'.
ERROR:pyubx2.ubxreader:Unknown protocol header b'\xb5\x01'.
ERROR:pyubx2.ubxreader:Unknown protocol header b'\xb5\x01'.
ERROR:pyubx2.ubxreader:Unknown protocol header b'$\x00'.
ERROR:pyubx2.ubxreader:Unknown protocol header b'\xb5\x01'.
ERROR:pyubx2.ubxreader:Unknown protocol header b'\xb5\x01'.
ERROR:pyubx2.ubxreader:Unknown protocol header b'\xb5\x01'.
ERROR:pyubx2.ubxreader:Unknown protocol header b'\xb5\x01'.
ERROR:pyubx2.ubxreader:Unknown protocol header b'$\x14'.
ERROR:pyubx2.ubxreader:Unknown protocol header b'\xb5\x01'.
ERROR:pyubx2.ubxreader:Unknown protocol header b'\xb5\x01'.
ERROR:pyubx2.ubxreader:Unknown protocol header b'\xb5\x01'.
ERROR:pyubx2.ubxreader:Message checksum b'\xb5b' invalid - should be b'\x17\xcd'
ERROR:pyubx2.ubxreader:Unknown protocol header b"\xb5'".
ERROR:pyubx2.ubxreader:Unknown protocol header b'\xd3q'.
ERROR:pyubx2.ubxreader:Unknown protocol header b'$\xf7'.
ERROR:pyubx2.ubxreader:Unknown protocol header b'$\x17'.
ERROR:pyubx2.ubxreader:Unknown protocol header b'\xd3\xff'.
ERROR:pyubx2.ubxreader:Unknown protocol header b'\xb5\x84'.
ERROR:pyubx2.ubxreader:Unknown protocol header b'\xb5\x02'.
ERROR:pyubx2.ubxreader:Unknown protocol header b'\xb5\x02'.
ERROR:pyubx2.ubxreader:Unknown protocol header b'\xb5\x02'.
ERROR:pyubx2.ubxreader:Message checksum b'\x8e\x06' invalid - should be b'\x19\xe7'
ERROR:pyubx2.ubxreader:Unknown protocol header b'\xb5\x01'.
ERROR:pyubx2.ubxreader:Unknown protocol header b'$\x05'.
ERROR:pyubx2.ubxreader:Unknown protocol header b'$\x00'.
ERROR:pyubx2.ubxreader:Unknown protocol header b'$.'.
ERROR:pyubx2.ubxreader:Unknown protocol header b'$\x00'.
ERROR:pyubx2.ubxreader:Unknown protocol header b'\xb5\x01'.
ERROR:pyubx2.ubxreader:Unknown protocol header b'\xb5\x01'.
ERROR:pyubx2.ubxreader:Unknown protocol header b'\xb5\x01'.
ERROR:pyubx2.ubxreader:Unknown protocol header b'\xb5\x01'.
ERROR:pyubx2.ubxreader:Unknown protocol header b'\xb5\x01'.
ERROR:pyubx2.ubxreader:Unknown protocol header b'\xd3t'.
ERROR:pyubx2.ubxreader:Unknown protocol header b'\xd3\xb5'.
ERROR:pyubx2.ubxreader:Unknown protocol header b'\xd3<'.
ERROR:pyubx2.ubxreader:Unknown protocol header b'\xb5\x01'.
ERROR:pyubx2.ubxreader:Unknown protocol header b'\xd3@'.
ERROR:pyubx2.ubxreader:Unknown protocol header b'\xb5\x02'.
ERROR:pyubx2.ubxreader:Message checksum b'\x05\x04' invalid - should be b';-'
ERROR:pyubx2.ubxreader:Unknown protocol header b'\xb5\x02'.
ERROR:pyubx2.ubxreader:Unknown protocol header b'\xb5\r'.
ERROR:pyubx2.ubxreader:Unknown protocol header b'\xb5\x02'.
ERROR:pyubx2.ubxreader:Unknown protocol header b'\xb5\xb5'.
ERROR:pyubx2.ubxreader:Unknown protocol header b'\xb5\x02'.
ERROR:pyubx2.ubxreader:Unknown protocol header b'$ '.
ERROR:pyubx2.ubxreader:Unknown protocol header b'\xb5\n'.
ERROR:pyubx2.ubxreader:Unknown protocol header b'\xb5\n'.
ERROR:pyubx2.ubxreader:Unknown protocol header b'\xb5\x02'.
ERROR:pyubx2.ubxreader:Unknown protocol header b'$\x14'.
ERROR:pyubx2.ubxreader:Unknown protocol header b"\xb5'".
ERROR:pyubx2.ubxreader:Unknown protocol header b'\xb5\x02'.
ERROR:pyubx2.ubxreader:Unknown protocol header b'\xb5\xc8'.
ERROR:pyubx2.ubxreader:Unknown protocol header b'\xb5\x94'.
ERROR:pyubx2.ubxreader:Unknown protocol header b'$\xe7'.
ERROR:pyubx2.ubxreader:Unknown protocol header b'$\x00'.
ERROR:pyubx2.ubxreader:Unknown protocol header b'\xb5\x81'.
ERROR:pyubx2.ubxreader:Unknown protocol header b'\xd32'.
ERROR:pyubx2.ubxreader:Unknown protocol header b'\xd32'.
ERROR:pyubx2.ubxreader:Unknown protocol header b'$\x03'.
ERROR:pyubx2.ubxreader:Unknown protocol header b'\xb5\x01'.
ERROR:pyubx2.ubxreader:Unknown protocol header b'\xb5\x01'.
ERROR:pyubx2.ubxreader:Unknown protocol header b'\xb5\x01'.
ERROR:pyubx2.ubxreader:Unknown protocol header b'\xb5\x01'.
ERROR:pyubx2.ubxreader:Unknown protocol header b'$\x00'.
ERROR:pyubx2.ubxreader:Unknown protocol header b'$Q'.
ERROR:pyubx2.ubxreader:Unknown protocol header b'$+'.
ERROR:pyubx2.ubxreader:Unknown protocol header b'\xb5\x01'.
ERROR:pyubx2.ubxreader:Unknown protocol header b'$\x05'.
ERROR:pyubx2.ubxreader:Unknown protocol header b'$\x00'.
ERROR:pyubx2.ubxreader:Unknown protocol header b'\xb5\x01'.
ERROR:pyubx2.ubxreader:Unknown protocol header b'$\x00'.
ERROR:pyubx2.ubxreader:Unknown protocol header b'$\x00'.
ERROR:pyubx2.ubxreader:Unknown protocol header b'$+'.
ERROR:pyubx2.ubxreader:Unknown protocol header b'$b'.
ERROR:pyubx2.ubxreader:Unknown protocol header b'\xb5\x01'.
ERROR:pyubx2.ubxreader:Unknown protocol header b'\xb5\x01'.
ERROR:pyubx2.ubxreader:Unknown protocol header b'\xb5\x01'.
ERROR:pyubx2.ubxreader:Unknown protocol header b'$\x14'.
ERROR:pyubx2.ubxreader:Unknown protocol header b'\xb5\x01'.
ERROR:pyubx2.ubxreader:Unknown protocol header b'\xb5\x01'.
ERROR:pyubx2.ubxreader:Message checksum b'B\xb5' invalid - should be b'H\xfd'
ERROR:pyubx2.ubxreader:Unknown protocol header b'\xb5\x02'.
ERROR:pyubx2.ubxreader:Unknown protocol header b'\xb5\x02'.
ERROR:pyubx2.ubxreader:Unknown protocol header b'\xb5\x02'.
ERROR:pyubx2.ubxreader:Message checksum b'k\x01' invalid - should be b'\xbbn'
ERROR:pyubx2.ubxreader:Unknown protocol header b'\xb5\n'.
ERROR:pyubx2.ubxreader:Unknown protocol header b'$\x00'.
ERROR:pyubx2.ubxreader:Unknown protocol header b'\xb5\n'.
ERROR:pyubx2.ubxreader:Unknown protocol header b'\xb5\n'.
ERROR:pyubx2.ubxreader:Unknown protocol header b'\xb5\x02'.
ERROR:pyubx2.ubxreader:Unknown protocol header b'\xd3\xff'.
ERROR:pyubx2.ubxreader:Unknown protocol header b'$\x1e'.
ERROR:pyubx2.ubxreader:Unknown protocol header b'\xd3\x86'.
ERROR:pyubx2.ubxreader:Unknown protocol header b"\xb5'".
ERROR:pyubx2.ubxreader:Unknown protocol header b"\xb5'".
ERROR:pyubx2.ubxreader:Unknown protocol header b'\xb54'.
ERROR:pyubx2.ubxreader:Unknown protocol header b'\xd3\x98'.
ERROR:pyubx2.ubxreader:Unknown protocol header b'\xd3\xd9'.
ERROR:pyubx2.ubxreader:Unknown protocol header b'$\x03'.
ERROR:pyubx2.ubxreader:Unknown protocol header b'\xd3:'.
ERROR:pyubx2.ubxreader:Unknown protocol header b'\xb5A'.
ERROR:pyubx2.ubxreader:Unknown protocol header b'$\xc4'.
ERROR:pyubx2.ubxreader:Unknown protocol header b'\xb5A'.
ERROR:pyubx2.ubxreader:Unknown protocol header b'$\xb1'.
ERROR:pyubx2.ubxreader:Unknown protocol header b'\xb5\x02'.
ERROR:pyubx2.ubxreader:Unknown protocol header b'\xb5\x02'.
ERROR:pyubx2.ubxreader:Unknown protocol header b'\xb5\x02'.
ERROR:pyubx2.ubxreader:Message checksum b'\x8b\xc0' invalid - should be b'\x84\x88'
ERROR:pyubx2.ubxreader:Unknown protocol header b'\xb5\x01'.
ERROR:pyubx2.ubxreader:Unknown protocol header b'\xb5\x01'.
ERROR:pyubx2.ubxreader:Unknown protocol header b'\xd3<'.
ERROR:pyubx2.ubxreader:Unknown protocol header b'\xb5\x01'.
ERROR:pyubx2.ubxreader:Unknown protocol header b'\xb5\x01'.
ERROR:pyubx2.ubxreader:Unknown protocol header b'\xb5\x01'.
ERROR:pyubx2.ubxreader:Unknown protocol header b'\xb5\x01'.
ERROR:pyubx2.ubxreader:Unknown protocol header b'\xb5\x01'.
ERROR:pyubx2.ubxreader:Unknown protocol header b'\xd3\xd7'.
ERROR:pyubx2.ubxreader:Unknown protocol header b'\xd3D'.
ERROR:pyubx2.ubxreader:Unknown protocol header b'$\x17'.
ERROR:pyubx2.ubxreader:Unknown protocol header b'$7'.
ERROR:pyubx2.ubxreader:Unknown protocol header b'\xd3q'.
ERROR:pyubx2.ubxreader:Unknown protocol header b'$\x17'.
ERROR:pyubx2.ubxreader:Unknown protocol header b'$\x97'.
ERROR:pyubx2.ubxreader:Unknown protocol header b'\xb5\xf7'.
ERROR:pyubx2.ubxreader:Unknown protocol header b'$\xd7'.
ERROR:pyubx2.ubxreader:Unknown protocol header b'$\xf7'.
ERROR:pyubx2.ubxreader:Unknown protocol header b'\xd3q'.
ERROR:pyubx2.ubxreader:Unknown protocol header b'\xb5\r'.
ERROR:pyubx2.ubxreader:Unknown protocol header b'\xb5\x02'.
ERROR:pyubx2.ubxreader:Unknown protocol header b'\xb5\x02'.
ERROR:pyubx2.ubxreader:Unknown protocol header b'\xb5\x02'.
ERROR:pyubx2.ubxreader:Message checksum b'\x00\x00' invalid - should be b'\x00\xe5'
ERROR:pyubx2.ubxreader:Unknown protocol header b'\xb5\n'.
ERROR:pyubx2.ubxreader:Unknown protocol header b'$\x00'.
ERROR:pyubx2.ubxreader:Unknown protocol header b'\xb5\n'.
ERROR:pyubx2.ubxreader:Unknown protocol header b'$7'.
ERROR:pyubx2.ubxreader:Unknown protocol header b'\xb5\n'.
ERROR:pyubx2.ubxreader:Unknown protocol header b'\xb5\n'.
ERROR:pyubx2.ubxreader:Unknown protocol header b'\xb5\n'.
ERROR:pyubx2.ubxreader:Unknown protocol header b'\xb5\n'.
ERROR:pyubx2.ubxreader:Unknown protocol header b'$#'.
ERROR:pyubx2.ubxreader:Unknown protocol header b'\xb5\x0e'.
ERROR:pyubx2.ubxreader:Unknown protocol header b'$\x01'.
ERROR:pyubx2.ubxreader:Unknown protocol header b'\xb5\x00'.
ERROR:pyubx2.ubxreader:Message checksum b',0' invalid - should be b'\xd0\xc7'
ERROR:pyubx2.ubxreader:Unknown protocol header b'\xb5\x01'.
ERROR:pyubx2.ubxreader:Unknown protocol header b'$$'.
ERROR:pyubx2.ubxreader:Unknown protocol header b'\xb5\x01'.
ERROR:pyubx2.ubxreader:Unknown protocol header b'\xb5\x01'.
ERROR:pyubx2.ubxreader:Unknown protocol header b'$\xb7'.
ERROR:pyubx2.ubxreader:Unknown protocol header b'$Q'.
ERROR:pyubx2.ubxreader:Unknown protocol header b'\xb5\x01'.
ERROR:pyubx2.ubxreader:Unknown protocol header b'$\x05'.
ERROR:pyubx2.ubxreader:Unknown protocol header b'$\x00'.
ERROR:pyubx2.ubxreader:Unknown protocol header b'$('.
ERROR:pyubx2.ubxreader:Unknown protocol header b'$\x00'.
ERROR:pyubx2.ubxreader:Unknown protocol header b'$+'.
ERROR:pyubx2.ubxreader:Unknown protocol header b'\xb5\x01'.
ERROR:pyubx2.ubxreader:Unknown protocol header b'\xb5\x01'.
ERROR:pyubx2.ubxreader:Unknown protocol header b'$\x14'.
ERROR:pyubx2.ubxreader:Unknown protocol header b'\xb5\xb5'.
ERROR:pyubx2.ubxreader:Unknown protocol header b'\xb5\x01'.
ERROR:pyubx2.ubxreader:Unknown protocol header b'\xb5\x01'.
ERROR:pyubx2.ubxreader:Unknown protocol header b'\xd3<'.
ERROR:pyubx2.ubxreader:Unknown protocol header b'\xb5\x01'.
ERROR:pyubx2.ubxreader:Unknown protocol header b'\xb5\x01'.
ERROR:pyubx2.ubxreader:Unknown protocol header b'\xb5\x01'.
ERROR:pyubx2.ubxreader:Unknown protocol header b'\xb5\x01'.
ERROR:pyubx2.ubxreader:Unknown protocol header b'\xd3\xe8'.
ERROR:pyubx2.ubxreader:Unknown protocol header b'$u'.
ERROR:pyubx2.ubxreader:Unknown protocol header b'\xd3D'.
ERROR:pyubx2.ubxreader:Unknown protocol header b'\xd3q'.
ERROR:pyubx2.ubxreader:Unknown protocol header b'$7'.
ERROR:pyubx2.ubxreader:Unknown protocol header b'$\xd7'.
ERROR:pyubx2.ubxreader:Unknown protocol header b'\xd3q'.
ERROR:pyubx2.ubxreader:Unknown protocol header b'$\xf7'.
ERROR:pyubx2.ubxreader:Unknown protocol header b'$\xd7'.
ERROR:pyubx2.ubxreader:Unknown protocol header b'$s'.
ERROR:pyubx2.ubxreader:Unknown protocol header b'\xb5u'.
ERROR:pyubx2.ubxreader:Unknown protocol header b'\xd3q'.
ERROR:pyubx2.ubxreader:Unknown protocol header b'\xd3q'.
ERROR:pyubx2.ubxreader:Unknown protocol header b'\xb5\r'.
ERROR:pyubx2.ubxreader:Message checksum b'\x03u' invalid - should be b']\xc2'
ERROR:pyubx2.ubxreader:Unknown protocol header b'$\x02'.
ERROR:pyubx2.ubxreader:Unknown protocol header b'$s'.
ERROR:pyubx2.ubxreader:Unknown protocol header b"\xb5'".
ERROR:pyubx2.ubxreader:Unknown protocol header b'\xb5\x02'.
ERROR:pyubx2.ubxreader:Unknown protocol header b'\xb5\x81'.
ERROR:pyubx2.ubxreader:Unknown protocol header b'$v'.
ERROR:pyubx2.ubxreader:Unknown protocol header b'$\x9b'.
ERROR:pyubx2.ubxreader:Unknown protocol header b'$\x00'.
ERROR:pyubx2.ubxreader:Unknown protocol header b'\xb5g'.
ERROR:pyubx2.ubxreader:Unknown protocol header b'\xb5\x01'.
ERROR:pyubx2.ubxreader:Unknown protocol header b'\xb5\x1c'.
ERROR:pyubx2.ubxreader:Unknown protocol header b'\xb5\x01'.
ERROR:pyubx2.ubxreader:Unknown protocol header b'\xb5\x00'.
ERROR:pyubx2.ubxreader:Unknown protocol header b'$\x00'.
ERROR:pyubx2.ubxreader:Unknown protocol header b'$Q'.
ERROR:pyubx2.ubxreader:Unknown protocol header b'$\x00'.
ERROR:pyubx2.ubxreader:Unknown protocol header b'\xb5\x01'.
ERROR:pyubx2.ubxreader:Unknown protocol header b'$\x8b'.
ERROR:pyubx2.ubxreader:Unknown protocol header b'\xb5\xb5'.
ERROR:pyubx2.ubxreader:Unknown protocol header b'$+'.
ERROR:pyubx2.ubxreader:Unknown protocol header b'$\x8b'.
ERROR:pyubx2.ubxreader:Unknown protocol header b'$\x05'.
ERROR:pyubx2.ubxreader:Unknown protocol header b'$\x00'.
ERROR:pyubx2.ubxreader:Unknown protocol header b'$\x1f'.
ERROR:pyubx2.ubxreader:Unknown protocol header b'$\x00'.
ERROR:pyubx2.ubxreader:Unknown protocol header b'$.'.
ERROR:pyubx2.ubxreader:Unknown protocol header b'$\x00'.
ERROR:pyubx2.ubxreader:Unknown protocol header b'$+'.
ERROR:pyubx2.ubxreader:Unknown protocol header b'\xb5\x01'.
ERROR:pyubx2.ubxreader:Unknown protocol header b'\xb5\x01'.
ERROR:pyubx2.ubxreader:Unknown protocol header b'\xb5\x01'.
ERROR:pyubx2.ubxreader:Unknown protocol header b'\xb5\x01'.
ERROR:pyubx2.ubxreader:Unknown protocol header b'$\x14'.
ERROR:pyubx2.ubxreader:Unknown protocol header b'\xb5\x01'.
ERROR:pyubx2.ubxreader:Unknown protocol header b'\xb5\x01'.
ERROR:pyubx2.ubxreader:Unknown protocol header b'\xb5\x01'.
ERROR:pyubx2.ubxreader:Unknown protocol header b'\xb5\x01'.
ERROR:pyubx2.ubxreader:Unknown protocol header b'\xd3<'.
ERROR:pyubx2.ubxreader:Unknown protocol header b'\xb5\x01'.
ERROR:pyubx2.ubxreader:Unknown protocol header b'\xb5\x01'.
ERROR:pyubx2.ubxreader:Message checksum b'\xb5b' invalid - should be b'\xc5 '
ERROR:pyubx2.ubxreader:Unknown protocol header b'\xb5\x01'.
ERROR:pyubx2.ubxreader:Unknown protocol header b'\xb5\x01'.
ERROR:pyubx2.ubxreader:Message checksum b'<\xf6' invalid - should be b'p\x04'
ERROR:pyubx2.ubxreader:Unknown protocol header b'\xb5\x84'.
ERROR:pyubx2.ubxreader:Unknown protocol header b'\xb5u'.
ERROR:pyubx2.ubxreader:Unknown protocol header b'\xd3_'.
ERROR:pyubx2.ubxreader:Unknown protocol header b'\xb5\x02'.
ERROR:pyubx2.ubxreader:Unknown protocol header b'\xb5\xb5'.
ERROR:pyubx2.ubxreader:Unknown protocol header b'\xb5\n'.
ERROR:pyubx2.ubxreader:Unknown protocol header b'\xb5\n'.
ERROR:pyubx2.ubxreader:Message checksum b'\x00\x00' invalid - should be b'zp'
ERROR:pyubx2.ubxreader:Message checksum b'\x04\x00' invalid - should be b'\xde\xd0'
ERROR:pyubx2.ubxreader:Message checksum b'\x00^' invalid - should be b'\xfd\xf5'
ERROR:pyubx2.ubxreader:Unknown protocol header b'$#'.
ERROR:pyubx2.ubxreader:Unknown protocol header b'$\x02'.
ERROR:pyubx2.ubxreader:Unknown protocol header b'\xb5\x0b'.
ERROR:pyubx2.ubxreader:Unknown protocol header b"\xb5'".
ERROR:pyubx2.ubxreader:Message checksum b'\x00\x00' invalid - should be b'\x18X'
ERROR:pyubx2.ubxreader:Unknown protocol header b'\xb5\x02'.
ERROR:pyubx2.ubxreader:Unknown protocol header b'$\xa4'.
ERROR:pyubx2.ubxreader:Unknown protocol header b'\xd3\x93'.
ERROR:pyubx2.ubxreader:Unknown protocol header b'\xd3\xa9'.
ERROR:pyubx2.ubxreader:Unknown protocol header b'$\x81'.
ERROR:pyubx2.ubxreader:Unknown protocol header b'\xb5\xe0'.
ERROR:pyubx2.ubxreader:Unknown protocol header b'$\x00'.
ERROR:pyubx2.ubxreader:Unknown protocol header b'\xb5\xb6'.
ERROR:pyubx2.ubxreader:Unknown protocol header b"\xb5'".
ERROR:pyubx2.ubxreader:Unknown protocol header b'$Q'.
ERROR:pyubx2.ubxreader:Unknown protocol header b'\xb5\x01'.
ERROR:pyubx2.ubxreader:Unknown protocol header b'$+'.
ERROR:pyubx2.ubxreader:Unknown protocol header b'$\x05'.
ERROR:pyubx2.ubxreader:Unknown protocol header b'\xb5\x01'.
ERROR:pyubx2.ubxreader:Unknown protocol header b'$\x00'.
ERROR:pyubx2.ubxreader:Unknown protocol header b'$\x00'.
ERROR:pyubx2.ubxreader:Unknown protocol header b'\xb5\xb5'.
ERROR:pyubx2.ubxreader:Unknown protocol header b'\xb5\xb5'.
ERROR:pyubx2.ubxreader:Unknown protocol header b'\xb5\xb5'.
device reports readiness to read but returned no data (device disconnected or multiple access on port?)
Error in get ublox data thread: device reports readiness to read but returned no data (device disconnected or multiple access on port?)
Error in get ublox data thread: device reports readiness to read but returned no data (device disconnected or multiple access on port?)
Error in get ublox data thread: device reports readiness to read but returned no data (device disconnected or multiple access on port?)
Error in get ublox data thread: device reports readiness to read but returned no data (device disconnected or multiple access on port?)
Error in get ublox data thread: device reports readiness to read but returned no data (device disconnected or multiple access on port?)
Error in get ublox data thread: device reports readiness to read but returned no data (device disconnected or multiple access on port?)
Error in get ublox data thread: device reports readiness to read but returned no data (device disconnected or multiple access on port?)
Error in get ublox data thread: device reports readiness to read but returned no data (device disconnected or multiple access on port?)
Error in get ublox data thread: device reports readiness to read but returned no data (device disconnected or multiple access on port?)
Error in get ublox data thread: device reports readiness to read but returned no data (device disconnected or multiple access on port?)
Error in get ublox data thread: device reports readiness to read but returned no data (device disconnected or multiple access on port?)
Error in get ublox data thread: device reports readiness to read but returned no data (device disconnected or multiple access on port?)
Error in get ublox data thread: device reports readiness to read but returned no data (device disconnected or multiple access on port?)
Error in get ublox data thread: device reports readiness to read but returned no data (device disconnected or multiple access on port?)
Error in get ublox data thread: device reports readiness to read but returned no data (device disconnected or multiple access on port?)
Error in get ublox data thread: device reports readiness to read but returned no data (device disconnected or multiple access on port?)
Error in get ublox data thread: device reports readiness to read but returned no data (device disconnected or multiple access on port?)
Error in get ublox data thread: device reports readiness to read but returned no data (device disconnected or multiple access on port?)
Error in get ublox data thread: device reports readiness to read but returned no data (device disconnected or multiple access on port?)
Error in get ublox data thread: device reports readiness to read but returned no data (device disconnected or multiple access on port?)
Error in get ublox data thread: device reports readiness to read but returned no data (device disconnected or multiple access on port?)
Error in get ublox data thread: device reports readiness to read but returned no data (device disconnected or multiple access on port?)
Error in get ublox data thread: device reports readiness to read but returned no data (device disconnected or multiple access on port?)
Error in get ublox data thread: device reports readiness to read but returned no data (device disconnected or multiple access on port?)
Error in get ublox data thread: device reports readiness to read but returned no data (device disconnected or multiple access on port?)
Error in get ublox data thread: device reports readiness to read but returned no data (device disconnected or multiple access on port?)
Error in get ublox data thread: device reports readiness to read but returned no data (device disconnected or multiple access on port?)
Error in get ublox data thread: device reports readiness to read but returned no data (device disconnected or multiple access on port?)
Error in get ublox data thread: device reports readiness to read but returned no data (device disconnected or multiple access on port?)
Error in get ublox data thread: device reports readiness to read but returned no data (device disconnected or multiple access on port?)
Error in get ublox data thread: device reports readiness to read but returned no data (device disconnected or multiple access on port?)
Error in get ublox data thread: device reports readiness to read but returned no data (device disconnected or multiple access on port?)
Error in get ublox data thread: device reports readiness to read but returned no data (device disconnected or multiple access on port?)
Error in get ublox data thread: device reports readiness to read but returned no data (device disconnected or multiple access on port?)
Error in get ublox data thread: device reports readiness to read but returned no data (device disconnected or multiple access on port?)
Error in get ublox data thread: device reports readiness to read but returned no data (device disconnected or multiple access on port?)
Error in get ublox data thread: device reports readiness to read but returned no data (device disconnected or multiple access on port?)
Error in get ublox data thread: device reports readiness to read but returned no data (device disconnected or multiple access on port?)
Error in get ublox data thread: device reports readiness to read but returned no data (device disconnected or multiple access on port?)
Error in get ublox data thread: device reports readiness to read but returned no data (device disconnected or multiple access on port?)
Error in get ublox data thread: device reports readiness to read but returned no data (device disconnected or multiple access on port?)
Error in get ublox data thread: device reports readiness to read but returned no data (device disconnected or multiple access on port?)
Error in get ublox data thread: device reports readiness to read but returned no data (device disconnected or multiple access on port?)
Error in get ublox data thread: device reports readiness to read but returned no data (device disconnected or multiple access on port?)
Error in get ublox data thread: device reports readiness to read but returned no data (device disconnected or multiple access on port?)
Error in get ublox data thread: device reports readiness to read but returned no data (device disconnected or multiple access on port?)
Error in get ublox data thread: device reports readiness to read but returned no data (device disconnected or multiple access on port?)
Error in get ublox data thread: device reports readiness to read but returned no data (device disconnected or multiple access on port?)
Error in get ublox data thread: device reports readiness to read but returned no data (device disconnected or multiple access on port?)
Error in get ublox data thread: device reports readiness to read but returned no data (device disconnected or multiple access on port?)
Error in get ublox data thread: device reports readiness to read but returned no data (device disconnected or multiple access on port?)
Error in get ublox data thread: device reports readiness to read but returned no data (device disconnected or multiple access on port?)
Error in get ublox data thread: device reports readiness to read but returned no data (device disconnected or multiple access on port?)
Error in get ublox data thread: device reports readiness to read but returned no data (device disconnected or multiple access on port?)
Error in get ublox data thread: device reports readiness to read but returned no data (device disconnected or multiple access on port?)
Error in get ublox data thread: device reports readiness to read but returned no data (device disconnected or multiple access on port?)
Error in get ublox data thread: device reports readiness to read but returned no data (device disconnected or multiple access on port?)
Error in get ublox data thread: device reports readiness to read but returned no data (device disconnected or multiple access on port?)
Error in get ublox data thread: device reports readiness to read but returned no data (device disconnected or multiple access on port?)
Error in get ublox data thread: ERROR:pyubx2.ubxreader:Message checksum b'\xf4\xfb' invalid - should be b'R\n'
ERROR:pyubx2.ubxreader:Unknown protocol header b'\xb5\x01'.
ERROR:pyubx2.ubxreader:Unknown protocol header b'\xb5\x01'.
ERROR:pyubx2.ubxreader:Unknown protocol header b'$\x00'.
ERROR:pyubx2.ubxreader:Unknown protocol header b'\xb5\x01'.
ERROR:pyubx2.ubxreader:Unknown protocol header b'$Q'.
ERROR:pyubx2.ubxreader:Unknown protocol header b'\xb5\x01'.
ERROR:pyubx2.ubxreader:Unknown protocol header b'$\x00'.
ERROR:pyubx2.ubxreader:Unknown protocol header b'\xb5\x01'.
ERROR:pyubx2.ubxreader:Unknown protocol header b'$\x05'.
ERROR:pyubx2.ubxreader:Unknown protocol header b'\xb5\x01'.
ERROR:pyubx2.ubxreader:Unknown protocol header b'$\x00'.
ERROR:pyubx2.ubxreader:Unknown protocol header b'\xb5\x01'.
ERROR:pyubx2.ubxreader:Unknown protocol header b'\xb5\x01'.
ERROR:pyubx2.ubxreader:Unknown protocol header b'\xb5\x01'.
ERROR:pyubx2.ubxreader:Unknown protocol header b'\xb5\x01'.
ERROR:pyubx2.ubxreader:Unknown protocol header b'\xb5\x01'.
ERROR:pyubx2.ubxreader:Unknown protocol header b'\xb5\x01'.
ERROR:pyubx2.ubxreader:Unknown protocol header b'\xb5\x01'.
ERROR:pyubx2.ubxreader:Unknown protocol header b'\xb5\x01'.
ERROR:pyubx2.ubxreader:Unknown protocol header b'\xb5\x01'.
ERROR:pyubx2.ubxreader:Unknown protocol header b'\xb5\x01'.
ERROR:pyubx2.ubxreader:Unknown protocol header b'\xb5\xd1'.
ERROR:pyubx2.ubxreader:Unknown protocol header b'$\xd7'.
ERROR:pyubx2.ubxreader:Unknown protocol header b'\xd3q'.
ERROR:pyubx2.ubxreader:Unknown protocol header b'$\xff'.
ERROR:pyubx2.ubxreader:Unknown protocol header b'$\x17'.
ERROR:pyubx2.ubxreader:Unknown protocol header b'$7'.
ERROR:pyubx2.ubxreader:Unknown protocol header b'$\x17'.
ERROR:pyubx2.ubxreader:Unknown protocol header b'$\xd7'.
ERROR:pyubx2.ubxreader:Unknown protocol header b'$\xd7'.
ERROR:pyubx2.ubxreader:Unknown protocol header b'\xb5u'.
ERROR:pyubx2.ubxreader:Unknown protocol header b'\xb5\r'.
ERROR:pyubx2.ubxreader:Unknown protocol header b'\xb5\x02'.
ERROR:pyubx2.ubxreader:Unknown protocol header b'\xb5\x02'.
ERROR:pyubx2.ubxreader:Unknown protocol header b'$\x00'.
ERROR:pyubx2.ubxreader:Message checksum b'M\xb5' invalid - should be b'\xe9\xc9'
ERROR:pyubx2.ubxreader:Unknown protocol header b'\xb5~'.
ERROR:pyubx2.ubxreader:Unknown protocol header b'\xb5\xb5'.
ERROR:pyubx2.ubxreader:Unknown protocol header b'\xb5\x00'.
ERROR:pyubx2.ubxreader:Unknown protocol header b'\xb5\x0c'.
ERROR:pyubx2.ubxreader:Unknown protocol header b'\xb5\x00'.
ERROR:pyubx2.ubxreader:Unknown protocol header b'\xb5\x02'.
ERROR:pyubx2.ubxreader:Unknown protocol header b'\xb5\xb5'.
ERROR:pyubx2.ubxreader:Message checksum b'\x01\x89' invalid - should be b'\x98\x91'
ERROR:pyubx2.ubxreader:Unknown protocol header b'$.'.
ERROR:pyubx2.ubxreader:Unknown protocol header b'$+'.
ERROR:pyubx2.ubxreader:Unknown protocol header b'\xb5\x01'.
ERROR:pyubx2.ubxreader:Message checksum b'A\xef' invalid - should be b'&\xbb'
ERROR:pyubx2.ubxreader:Unknown protocol header b'\xb5\x01'.
ERROR:pyubx2.ubxreader:Unknown protocol header b'\xb5\x01'.
ERROR:pyubx2.ubxreader:Unknown protocol header b'\xb5\x01'.
ERROR:pyubx2.ubxreader:Unknown protocol header b'\xb5\x01'.
ERROR:pyubx2.ubxreader:Unknown protocol header b'\xb5\x01'.
ERROR:pyubx2.ubxreader:Unknown protocol header b'$\x00'.
ERROR:pyubx2.ubxreader:Unknown protocol header b'$\x00'.
ERROR:pyubx2.ubxreader:Unknown protocol header b'$\x00'.
ERROR:pyubx2.ubxreader:Unknown protocol header b'$\x14'.
ERROR:pyubx2.ubxreader:Unknown protocol header b'\xb5\x01'.
ERROR:pyubx2.ubxreader:Unknown protocol header b'\xb5\x01'.
ERROR:pyubx2.ubxreader:Unknown protocol header b'\xb5\x01'.
ERROR:pyubx2.ubxreader:Unknown protocol header b'\xb5\x01'.
ERROR:pyubx2.ubxreader:Unknown protocol header b'\xb5\x01'.
ERROR:pyubx2.ubxreader:Unknown protocol header b'$\xd7'.
ERROR:pyubx2.ubxreader:Unknown protocol header b'$.'.
ERROR:pyubx2.ubxreader:Unknown protocol header b'\xd3q'.
ERROR:pyubx2.ubxreader:Unknown protocol header b'$\xf7'.
ERROR:pyubx2.ubxreader:Unknown protocol header b'$\x17'.
ERROR:pyubx2.ubxreader:Unknown protocol header b'$\xd7'.
ERROR:pyubx2.ubxreader:Unknown protocol header b'$\xd7'.
ERROR:pyubx2.ubxreader:Unknown protocol header b'$\xf7'.
ERROR:pyubx2.ubxreader:Unknown protocol header b'\xb5u'.
ERROR:pyubx2.ubxreader:Unknown protocol header b'\xb5\x02'.
ERROR:pyubx2.ubxreader:Unknown protocol header b'\xb5\x02'.
ERROR:pyubx2.ubxreader:Unknown protocol header b'\xb5\x02'.
ERROR:pyubx2.ubxreader:Unknown protocol header b'\xb5{'.
ERROR:pyubx2.ubxreader:Unknown protocol header b'\xb5\x02'.
ERROR:pyubx2.ubxreader:Unknown protocol header b'\xb5\x02'.
ERROR:pyubx2.ubxreader:Unknown protocol header b'\xb5\x02'.
ERROR:pyubx2.ubxreader:Unknown protocol header b'\xb5\x9a'.
ERROR:pyubx2.ubxreader:Unknown protocol header b'\xb5\x02'.
ERROR:pyubx2.ubxreader:Unknown protocol header b'\xd3*'.
ERROR:pyubx2.ubxreader:Unknown protocol header b'\xb5\x02'.
ERROR:pyubx2.ubxreader:Unknown protocol header b'$\x00'.
ERROR:pyubx2.ubxreader:Unknown protocol header b'\xb5\x02'.
ERROR:pyubx2.ubxreader:Unknown protocol header b'\xb5\x02'.
ERROR:pyubx2.ubxreader:Unknown protocol header b'$\xaa'.
ERROR:pyubx2.ubxreader:Unknown protocol header b'\xb5\t'.
ERROR:pyubx2.ubxreader:Unknown protocol header b'\xb5\n'.
ERROR:pyubx2.ubxreader:Unknown protocol header b'\xb5\n'.
ERROR:pyubx2.ubxreader:Unknown protocol header b'\xb5\n'.
ERROR:pyubx2.ubxreader:Unknown protocol header b'\xb5\n'.
ERROR:pyubx2.ubxreader:Unknown protocol header b'\xb5\x02'.
ERROR:pyubx2.ubxreader:Unknown protocol header b'\xd3\xff'.
ERROR:pyubx2.ubxreader:Unknown protocol header b'$\x00'.
ERROR:pyubx2.ubxreader:Unknown protocol header b'$\x00'.
ERROR:pyubx2.ubxreader:Unknown protocol header b'\xd3\\'.
ERROR:pyubx2.ubxreader:Unknown protocol header b"\xb5'".
ERROR:pyubx2.ubxreader:Unknown protocol header b'\xb5\xc4'.
ERROR:pyubx2.ubxreader:Unknown protocol header b'\xb5\xb5'.
ERROR:pyubx2.ubxreader:Unknown protocol header b'\xb5\xb5'.
ERROR:pyubx2.ubxreader:Unknown protocol header b'\xb5\xb5'.
ERROR:pyubx2.ubxreader:Unknown protocol header b'\xb5\xb5'.
ERROR:pyubx2.ubxreader:Unknown protocol header b'\xb5\xb5'.
ERROR:pyubx2.ubxreader:Unknown protocol header b'\xb5\xb5'.
ERROR:pyubx2.ubxreader:Unknown protocol header b'$Q'.
ERROR:pyubx2.ubxreader:Unknown protocol header b'$\t'.
ERROR:pyubx2.ubxreader:Unknown protocol header b'\xb5\x01'.
ERROR:pyubx2.ubxreader:Unknown protocol header b'$\x05'.
ERROR:pyubx2.ubxreader:Unknown protocol header b'$\x00'.
ERROR:pyubx2.ubxreader:Unknown protocol header b'$\x00'.
ERROR:pyubx2.ubxreader:Unknown protocol header b'\xb5\x01'.
ERROR:pyubx2.ubxreader:Unknown protocol header b'\xb5\x01'.
ERROR:pyubx2.ubxreader:Unknown protocol header b'\xb5\x01'.
ERROR:pyubx2.ubxreader:Unknown protocol header b'\xb5\x01'.
ERROR:pyubx2.ubxreader:Unknown protocol header b'\xb5\x01'.
ERROR:pyubx2.ubxreader:Unknown protocol header b'\xb5\x01'.
ERROR:pyubx2.ubxreader:Unknown protocol header b'\xb5\x01'.
ERROR:pyubx2.ubxreader:Unknown protocol header b'\xb5\x01'.
ERROR:pyubx2.ubxreader:Unknown protocol header b'\xb5\x01'.
ERROR:pyubx2.ubxreader:Unknown protocol header b'\xb5\x01'.
ERROR:pyubx2.ubxreader:Unknown protocol header b"\xb5'".
ERROR:pyubx2.ubxreader:Unknown protocol header b'$\xf7'.
ERROR:pyubx2.ubxreader:Unknown protocol header b'$7'.
ERROR:pyubx2.ubxreader:Unknown protocol header b'\xd3q'.
ERROR:pyubx2.ubxreader:Unknown protocol header b'$\x17'.
ERROR:pyubx2.ubxreader:Unknown protocol header b'\xb5\x05'.
ERROR:pyubx2.ubxreader:Unknown protocol header b'$\xd7'.
ERROR:pyubx2.ubxreader:Unknown protocol header b'$\xf7'.
ERROR:pyubx2.ubxreader:Unknown protocol header b'\xb5\x84'.
ERROR:pyubx2.ubxreader:Unknown protocol header b'\xb5\x00'.
ERROR:pyubx2.ubxreader:Unknown protocol header b'\xb5\n'.
ERROR:pyubx2.ubxreader:Unknown protocol header b'\xb5\n'.
ERROR:pyubx2.ubxreader:Message checksum b'\x0b\xb5' invalid - should be b'\x13\x9c'
ERROR:pyubx2.ubxreader:Message checksum b'\x07\\' invalid - should be b'8\xab'
ERROR:pyubx2.ubxreader:Unknown protocol header b'\xb5\x01'.
ERROR:pyubx2.ubxreader:Unknown protocol header b'\xb5\x01'.
ERROR:pyubx2.ubxreader:Unknown protocol header b'\xb5\x01'.
ERROR:pyubx2.ubxreader:Unknown protocol header b'$\x00'.
ERROR:pyubx2.ubxreader:Unknown protocol header b'\xb5\x01'.
ERROR:pyubx2.ubxreader:Unknown protocol header b'\xb5\xe8'.
ERROR:pyubx2.ubxreader:Unknown protocol header b'$\x00'.
ERROR:pyubx2.ubxreader:Unknown protocol header b'\xb5\x01'.
ERROR:pyubx2.ubxreader:Unknown protocol header b'\xb5\x01'.
ERROR:pyubx2.ubxreader:Unknown protocol header b'\xb5\x01'.
ERROR:pyubx2.ubxreader:Unknown protocol header b'\xb5\x01'.
ERROR:pyubx2.ubxreader:Unknown protocol header b'\xb5\x01'.
ERROR:pyubx2.ubxreader:Unknown protocol header b'$b'.
ERROR:pyubx2.ubxreader:Unknown protocol header b'\xb5\x01'.
ERROR:pyubx2.ubxreader:Unknown protocol header b'\xb5\x01'.
ERROR:pyubx2.ubxreader:Unknown protocol header b"\xb5'".
ERROR:pyubx2.ubxreader:Unknown protocol header b'$\xda'.
ERROR:pyubx2.ubxreader:Unknown protocol header b'$\xd7'.
ERROR:pyubx2.ubxreader:Unknown protocol header b'$\x17'.
ERROR:pyubx2.ubxreader:Unknown protocol header b'\xd3D'.
ERROR:pyubx2.ubxreader:Unknown protocol header b'$\x13'.
ERROR:pyubx2.ubxreader:Unknown protocol header b'$\xd7'.
ERROR:pyubx2.ubxreader:Unknown protocol header b'$\xf7'.
ERROR:pyubx2.ubxreader:Unknown protocol header b'$\xc6'.
ERROR:pyubx2.ubxreader:Unknown protocol header b'\xb5\x15'.
ERROR:pyubx2.ubxreader:Unknown protocol header b'\xb5\n'.
ERROR:pyubx2.ubxreader:Unknown protocol header b'\xb5x'.
ERROR:pyubx2.ubxreader:Unknown protocol header b'\xb5\x02'.
ERROR:pyubx2.ubxreader:Unknown protocol header b'$1'.
ERROR:pyubx2.ubxreader:Unknown protocol header b'$\x00'.
ERROR:pyubx2.ubxreader:Unknown protocol header b'$\xb5'.
ERROR:pyubx2.ubxreader:Unknown protocol header b'\xb5\xc1'.
ERROR:pyubx2.ubxreader:Unknown protocol header b"\xb5'".
ERROR:pyubx2.ubxreader:Unknown protocol header b"\xb5'".
ERROR:pyubx2.ubxreader:Unknown protocol header b'$\xa4'.
ERROR:pyubx2.ubxreader:Unknown protocol header b'$\x04'.
ERROR:pyubx2.ubxreader:Unknown protocol header b'$\x00'.
ERROR:pyubx2.ubxreader:Unknown protocol header b'\xd3\xc1'.
ERROR:pyubx2.ubxreader:Unknown protocol header b'\xd3.'.
ERROR:pyubx2.ubxreader:Unknown protocol header b'\xb5\x02'.
ERROR:pyubx2.ubxreader:Unknown protocol header b'\xb5\xbf'.
ERROR:pyubx2.ubxreader:Unknown protocol header b'\xb5\x02'.
ERROR:pyubx2.ubxreader:Unknown protocol header b'\xb5\x02'.
ERROR:pyubx2.ubxreader:Unknown protocol header b'\xb5\x02'.
ERROR:pyubx2.ubxreader:Unknown protocol header b'\xb5\x02'.
ERROR:pyubx2.ubxreader:Unknown protocol header b'\xb5\x02'.
ERROR:pyubx2.ubxreader:Unknown protocol header b'\xb5\x02'.
ERROR:pyubx2.ubxreader:Unknown protocol header b'\xb5\x02'.
ERROR:pyubx2.ubxreader:Unknown protocol header b'\xb5\x02'.
ERROR:pyubx2.ubxreader:Unknown protocol header b'\xb5\x01'.
ERROR:pyubx2.ubxreader:Unknown protocol header b'\xb5\x00'.
ERROR:pyubx2.ubxreader:Unknown protocol header b'\xb5\x01'.
ERROR:pyubx2.ubxreader:Unknown protocol header b'\xb5\x01'.
ERROR:pyubx2.ubxreader:Message checksum b'\x00\xd0' invalid - should be b'8\xbc'
ERROR:pyubx2.ubxreader:Unknown protocol header b'\xb5\x01'.
ERROR:pyubx2.ubxreader:Unknown protocol header b'\xb5\x01'.
ERROR:pyubx2.ubxreader:Message checksum b'\xb5b' invalid - should be b'i\x0f'
ERROR:pyubx2.ubxreader:Unknown protocol header b'$\x00'.
ERROR:pyubx2.ubxreader:Unknown protocol header b'\xb5\x01'.
ERROR:pyubx2.ubxreader:Unknown protocol header b'$\x05'.
ERROR:pyubx2.ubxreader:Unknown protocol header b'$\x00'.
ERROR:pyubx2.ubxreader:Unknown protocol header b'\xb5\x01'.
ERROR:pyubx2.ubxreader:Unknown protocol header b'$('.
ERROR:pyubx2.ubxreader:Unknown protocol header b'$0'.
ERROR:pyubx2.ubxreader:Unknown protocol header b'\xb5\x01'.
ERROR:pyubx2.ubxreader:Unknown protocol header b'\xb5\x01'.
ERROR:pyubx2.ubxreader:Unknown protocol header b'\xb5\xb5'.
ERROR:pyubx2.ubxreader:Unknown protocol header b'\xb5\x01'.
ERROR:pyubx2.ubxreader:Unknown protocol header b'\xb5\x01'.
ERROR:pyubx2.ubxreader:Unknown protocol header b'\xb5\x01'.
ERROR:pyubx2.ubxreader:Unknown protocol header b'\xb5\x01'.
ERROR:pyubx2.ubxreader:Unknown protocol header b'\xb5\x02'.
ERROR:pyubx2.ubxreader:Unknown protocol header b'\xb5\xcb'.
ERROR:pyubx2.ubxreader:Unknown protocol header b'\xb5\x02'.
ERROR:pyubx2.ubxreader:Unknown protocol header b"\xb5'".
ERROR:pyubx2.ubxreader:Unknown protocol header b'$\xd7'.
ERROR:pyubx2.ubxreader:Unknown protocol header b'$u'.
ERROR:pyubx2.ubxreader:Unknown protocol header b'$\x17'.
ERROR:pyubx2.ubxreader:Unknown protocol header b'$\x17'.
ERROR:pyubx2.ubxreader:Unknown protocol header b'$\xf7'.
ERROR:pyubx2.ubxreader:Unknown protocol header b'$\xd7'.
ERROR:pyubx2.ubxreader:Unknown protocol header b'\xb5\x84'.
ERROR:pyubx2.ubxreader:Unknown protocol header b'\xb5\n'.
ERROR:pyubx2.ubxreader:Unknown protocol header b'\xb5\n'.
ERROR:pyubx2.ubxreader:Unknown protocol header b'\xb5\n'.
ERROR:pyubx2.ubxreader:Unknown protocol header b'$\x02'.
ERROR:pyubx2.ubxreader:Unknown protocol header b'\xb5\x02'.
ERROR:pyubx2.ubxreader:Unknown protocol header b'$\x10'.
ERROR:pyubx2.ubxreader:Message checksum b'\xa6A' invalid - should be b'\xe3\xd8'
ERROR:pyubx2.ubxreader:Unknown protocol header b'$\x06'.
ERROR:pyubx2.ubxreader:Unknown protocol header b'$k'.
ERROR:pyubx2.ubxreader:Unknown protocol header b'\xb5\x95'.
ERROR:pyubx2.ubxreader:Unknown protocol header b'\xb5\x00'.
ERROR:pyubx2.ubxreader:Unknown protocol header b'\xb5\x01'.
ERROR:pyubx2.ubxreader:Serial stream terminated unexpectedly. 47106 bytes requested, 14885 bytes returned.
ERROR:pyubx2.ubxreader:Unknown protocol header b'\xb5\x02'.
ERROR:pyubx2.ubxreader:Unknown protocol header b'\xb5\x00'.
ERROR:pyubx2.ubxreader:Unknown protocol header b'\xb5\x01'.
ERROR:pyubx2.ubxreader:Message checksum b'U\xb5' invalid - should be b'\xc2\xde'
ERROR:pyubx2.ubxreader:Unknown protocol header b'$\x00'.
ERROR:pyubx2.ubxreader:Unknown protocol header b'\xb5\x01'.
ERROR:pyubx2.ubxreader:Unknown protocol header b'\xb5\x01'.
ERROR:pyubx2.ubxreader:Unknown protocol header b'\xb5\x01'.
ERROR:pyubx2.ubxreader:Unknown protocol header b'\xb5\x01'.
ERROR:pyubx2.ubxreader:Unknown protocol header b'$\x14'.
ERROR:pyubx2.ubxreader:Unknown protocol header b'\xb5\x01'.
ERROR:pyubx2.ubxreader:Unknown protocol header b"\xb5'".
ERROR:pyubx2.ubxreader:Unknown protocol header b'\xd3!'.
ERROR:pyubx2.ubxreader:Unknown protocol header b'$\xd7'.
ERROR:pyubx2.ubxreader:Unknown protocol header b'\xd3q'.
ERROR:pyubx2.ubxreader:Unknown protocol header b'$\xf7'.
ERROR:pyubx2.ubxreader:Unknown protocol header b'$7'.
ERROR:pyubx2.ubxreader:Unknown protocol header b'$\x17'.
ERROR:pyubx2.ubxreader:Unknown protocol header b'$\xf7'.
ERROR:pyubx2.ubxreader:Unknown protocol header b'\xd3D'.
ERROR:pyubx2.ubxreader:Unknown protocol header b'\xb5\r'.
ERROR:pyubx2.ubxreader:Unknown protocol header b'\xb5\x02'.
ERROR:pyubx2.ubxreader:Unknown protocol header b'\xb5\x02'.
ERROR:pyubx2.ubxreader:Unknown protocol header b'\xb5\x02'.
ERROR:pyubx2.ubxreader:Message checksum b'\x18\x00' invalid - should be b'\\&'
ERROR:pyubx2.ubxreader:Unknown protocol header b'\xb5\n'.
ERROR:pyubx2.ubxreader:Unknown protocol header b'\xb5\n'.
ERROR:pyubx2.ubxreader:Unknown protocol header b'\xb5\n'.
ERROR:pyubx2.ubxreader:Unknown protocol header b'$\x02'.
ERROR:pyubx2.ubxreader:Unknown protocol header b"\xb5'".
ERROR:pyubx2.ubxreader:Unknown protocol header b'\xb5\x02'.
ERROR:pyubx2.ubxreader:Unknown protocol header b'$t'.
ERROR:pyubx2.ubxreader:Unknown protocol header b'$J'.
ERROR:pyubx2.ubxreader:Unknown protocol header b'\xd3\x9c'.
ERROR:pyubx2.ubxreader:Unknown protocol header b'$\x9b'.
ERROR:pyubx2.ubxreader:Unknown protocol header b'\xd3s'.
ERROR:pyubx2.ubxreader:Unknown protocol header b'$\xa8'.
ERROR:pyubx2.ubxreader:Unknown protocol header b'$#'.
ERROR:pyubx2.ubxreader:Unknown protocol header b'\xb5\x0f'.
ERROR:pyubx2.ubxreader:Unknown protocol header b'$\xaa'.
ERROR:pyubx2.ubxreader:Unknown protocol header b'$/'.
ERROR:pyubx2.ubxreader:Unknown protocol header b'\xb5\x9a'.
ERROR:pyubx2.ubxreader:Unknown protocol header b'$o'.
ERROR:pyubx2.ubxreader:Unknown protocol header b'\xb5\x01'.
ERROR:pyubx2.ubxreader:Unknown protocol header b'\xb5\x00'.
ERROR:pyubx2.ubxreader:Unknown protocol header b'\xb5\x01'.
ERROR:pyubx2.ubxreader:Unknown protocol header b'\xb5\x01'.
ERROR:pyubx2.ubxreader:Unknown protocol header b'\xb5\x01'.
ERROR:pyubx2.ubxreader:Unknown protocol header b'\xb5\x00'.
ERROR:pyubx2.ubxreader:Unknown protocol header b'$\x00'.
ERROR:pyubx2.ubxreader:Unknown protocol header b'\xb5\x01'.
ERROR:pyubx2.ubxreader:Serial stream terminated unexpectedly. 34818 bytes requested, 18012 bytes returned.
ERROR:pyubx2.ubxreader:Unknown protocol header b'\xd3\xff'.
ERROR:pyubx2.ubxreader:Unknown protocol header b'$\x00'.
ERROR:pyubx2.ubxreader:Unknown protocol header b'$.'.
ERROR:pyubx2.ubxreader:Unknown protocol header b'$+'.
ERROR:pyubx2.ubxreader:Unknown protocol header b'\xb5\x01'.
ERROR:pyubx2.ubxreader:Unknown protocol header b'\xb5\x01'.
ERROR:pyubx2.ubxreader:Unknown protocol header b'$\x00'.
ERROR:pyubx2.ubxreader:Unknown protocol header b'\xb5\x01'.
ERROR:pyubx2.ubxreader:Unknown protocol header b'\xb5\x01'.
ERROR:pyubx2.ubxreader:Serial stream terminated unexpectedly. 28674 bytes requested, 16693 bytes returned.
ERROR:pyubx2.ubxreader:Unknown protocol header b'\xd3\xa1'.
ERROR:pyubx2.ubxreader:Unknown protocol header b'\xb5\n'.
ERROR:pyubx2.ubxreader:Unknown protocol header b'\xb5\n'.
ERROR:pyubx2.ubxreader:Unknown protocol header b'\xb5\n'.
ERROR:pyubx2.ubxreader:Unknown protocol header b'\xb5\n'.
ERROR:pyubx2.ubxreader:Unknown protocol header b'$\x02'.
ERROR:pyubx2.ubxreader:Unknown protocol header b'\xb5/'.
ERROR:pyubx2.ubxreader:Unknown protocol header b'\xb5\x02'.
ERROR:pyubx2.ubxreader:Unknown protocol header b'\xb5\x02'.
ERROR:pyubx2.ubxreader:Unknown protocol header b'\xd3\xe2'.
ERROR:pyubx2.ubxreader:Unknown protocol header b"$'".
ERROR:pyubx2.ubxreader:Unknown protocol header b'$\xfa'.
ERROR:pyubx2.ubxreader:Unknown protocol header b"\xb5'".
ERROR:pyubx2.ubxreader:Unknown protocol header b'\xb5\x02'.
ERROR:pyubx2.ubxreader:Unknown protocol header b'$\x97'.
ERROR:pyubx2.ubxreader:Unknown protocol header b'\xb5q'.
ERROR:pyubx2.ubxreader:Unknown protocol header b'$\x03'.
ERROR:pyubx2.ubxreader:Unknown protocol header b'$\xc3'.
ERROR:pyubx2.ubxreader:Unknown protocol header b'$\x03'.
ERROR:pyubx2.ubxreader:Unknown protocol header b'$\x03'.
ERROR:pyubx2.ubxreader:Unknown protocol header b'\xd3\xdd'.
ERROR:pyubx2.ubxreader:Unknown protocol header b'\xb5\x02'.
ERROR:pyubx2.ubxreader:Unknown protocol header b'\xb5\x02'.
ERROR:pyubx2.ubxreader:Unknown protocol header b'\xd3\xdd'.
ERROR:pyubx2.ubxreader:Unknown protocol header b'\xd3\x08'.
ERROR:pyubx2.ubxreader:Unknown protocol header b'\xd3\xdd'.
ERROR:pyubx2.ubxreader:Unknown protocol header b'\xd3\xdd'.
ERROR:pyubx2.ubxreader:Unknown protocol header b'\xd3\x08'.
ERROR:pyubx2.ubxreader:Unknown protocol header b'\xd3\xdd'.
ERROR:pyubx2.ubxreader:Unknown protocol header b'\xb5\x02'.
ERROR:pyubx2.ubxreader:Unknown protocol header b'\xd3\xdd'.
ERROR:pyubx2.ubxreader:Unknown protocol header b'\xb5\x02'.
ERROR:pyubx2.ubxreader:Unknown protocol header b'\xb5\x02'.
ERROR:pyubx2.ubxreader:Unknown protocol header b'\xd3\xdd'.
ERROR:pyubx2.ubxreader:Unknown protocol header b'\xb5\x02'.
ERROR:pyubx2.ubxreader:Unknown protocol header b'\xb5\x02'.
ERROR:pyubx2.ubxreader:Unknown protocol header b'\xb5\x02'.
ERROR:pyubx2.ubxreader:Unknown protocol header b'\xd3b'.
ERROR:pyubx2.ubxreader:Unknown protocol header b'\xb5\x02'.
ERROR:pyubx2.ubxreader:Unknown protocol header b'$\x00'.
ERROR:pyubx2.ubxreader:Unknown protocol header b'\xb5\x01'.
ERROR:pyubx2.ubxreader:Unknown protocol header b'\xb5\x01'.
ERROR:pyubx2.ubxreader:Unknown protocol header b'$Q'.
ERROR:pyubx2.ubxreader:Unknown protocol header b'$Q'.
ERROR:pyubx2.ubxreader:Unknown protocol header b'\xb5\x02'.
ERROR:pyubx2.ubxreader:Unknown protocol header b'\xb5\x01'.
ERROR:pyubx2.ubxreader:Unknown protocol header b'$$'.
ERROR:pyubx2.ubxreader:Unknown protocol header b'$\x00'.
ERROR:pyubx2.ubxreader:Unknown protocol header b'$\x00'.
ERROR:pyubx2.ubxreader:Unknown protocol header b'$\x05'.
ERROR:pyubx2.ubxreader:Unknown protocol header b'$\x00'.
ERROR:pyubx2.ubxreader:Unknown protocol header b'$\xd1'.
ERROR:pyubx2.ubxreader:Unknown protocol header b'\xb5\x01'.
ERROR:pyubx2.ubxreader:Unknown protocol header b'$\x00'.
ERROR:pyubx2.ubxreader:Unknown protocol header b'$\x00'.
ERROR:pyubx2.ubxreader:Unknown protocol header b'\xb5\x01'.
ERROR:pyubx2.ubxreader:Unknown protocol header b'$\xd7'.
ERROR:pyubx2.ubxreader:Unknown protocol header b'$\xf7'.
ERROR:pyubx2.ubxreader:Unknown protocol header b'$\x17'.
ERROR:pyubx2.ubxreader:Unknown protocol header b'\xb5\x84'.
ERROR:pyubx2.ubxreader:Unknown protocol header b'$\xd7'.
ERROR:pyubx2.ubxreader:Unknown protocol header b'\xd3q'.
ERROR:pyubx2.ubxreader:Unknown protocol header b'$s'.
ERROR:pyubx2.ubxreader:Unknown protocol header b'$.'.
ERROR:pyubx2.ubxreader:Unknown protocol header b'\xd3\x11'.
ERROR:pyubx2.ubxreader:Unknown protocol header b'\xd3q'.
ERROR:pyubx2.ubxreader:Unknown protocol header b'\xb5\x02'.
ERROR:pyubx2.ubxreader:Unknown protocol header b'\xb5\n'.
ERROR:pyubx2.ubxreader:Unknown protocol header b'\xb5\n'.
ERROR:pyubx2.ubxreader:Unknown protocol header b'\xb5\n'.
ERROR:pyubx2.ubxreader:Unknown protocol header b'\xb5\n'.
ERROR:pyubx2.ubxreader:Unknown protocol header b'\xb5\n'.
ERROR:pyubx2.ubxreader:Unknown protocol header b'\xb5\n'.
ERROR:pyubx2.ubxreader:Unknown protocol header b'\xb5\n'.
ERROR:pyubx2.ubxreader:Unknown protocol header b'\xb5\x02'.
ERROR:pyubx2.ubxreader:Unknown protocol header b'\xd3\xff'.
ERROR:pyubx2.ubxreader:Unknown protocol header b'\xd3E'.
ERROR:pyubx2.ubxreader:Unknown protocol header b'$\x97'.
ERROR:pyubx2.ubxreader:Unknown protocol header b'\xb5\xa7'.
ERROR:pyubx2.ubxreader:Unknown protocol header b'$\x03'.
ERROR:pyubx2.ubxreader:Unknown protocol header b'\xb5\x01'.
ERROR:pyubx2.ubxreader:Unknown protocol header b'\xb5\x01'.
ERROR:pyubx2.ubxreader:Unknown protocol header b'\xb5\x01'.
ERROR:pyubx2.ubxreader:Unknown protocol header b'$\x00'.
ERROR:pyubx2.ubxreader:Unknown protocol header b'\xb5\x01'.
ERROR:pyubx2.ubxreader:Unknown protocol header b'\xb5\x01'.
ERROR:pyubx2.ubxreader:Unknown protocol header b'$\x00'.
ERROR:pyubx2.ubxreader:Unknown protocol header b'\xb5\x01'.
ERROR:pyubx2.ubxreader:Unknown protocol header b'$\xd1'.
ERROR:pyubx2.ubxreader:Unknown protocol header b'$\x01'.
ERROR:pyubx2.ubxreader:Unknown protocol header b'$\x00'.
ERROR:pyubx2.ubxreader:Message checksum b'E\xb5' invalid - should be b'\xbcP'
ERROR:pyubx2.ubxreader:Unknown protocol header b'\xb5\x01'.
ERROR:pyubx2.ubxreader:Unknown protocol header b'\xb5\x01'.
ERROR:pyubx2.ubxreader:Unknown protocol header b'\xb5\x01'.
ERROR:pyubx2.ubxreader:Unknown protocol header b'\xb5\x01'.
ERROR:pyubx2.ubxreader:Unknown protocol header b'\xb5\x01'.
ERROR:pyubx2.ubxreader:Unknown protocol header b'\xb5\x01'.
ERROR:pyubx2.ubxreader:Unknown protocol header b'\xb5\x01'.
ERROR:pyubx2.ubxreader:Unknown protocol header b'\xb5\x01'.
ERROR:pyubx2.ubxreader:Unknown protocol header b'\xb5\x01'.
ERROR:pyubx2.ubxreader:Unknown protocol header b"\xb5'".
ERROR:pyubx2.ubxreader:Unknown protocol header b'\xb5\x91'.
ERROR:pyubx2.ubxreader:Unknown protocol header b'$\xd7'.
ERROR:pyubx2.ubxreader:Unknown protocol header b'\xd3\x11'.
ERROR:pyubx2.ubxreader:Unknown protocol header b'$\xf7'.
ERROR:pyubx2.ubxreader:Unknown protocol header b'$\x17'.
ERROR:pyubx2.ubxreader:Unknown protocol header b'$.'.
ERROR:pyubx2.ubxreader:Unknown protocol header b'$\x97'.
ERROR:pyubx2.ubxreader:Unknown protocol header b'$.'.
ERROR:pyubx2.ubxreader:Unknown protocol header b'$.'.
ERROR:pyubx2.ubxreader:Unknown protocol header b'$w'.
ERROR:pyubx2.ubxreader:Unknown protocol header b'$\xf7'.
ERROR:pyubx2.ubxreader:Unknown protocol header b'\xb5\x84'.
ERROR:pyubx2.ubxreader:Unknown protocol header b'\xd3q'.
ERROR:pyubx2.ubxreader:Unknown protocol header b'$.'.
ERROR:pyubx2.ubxreader:Unknown protocol header b'\xb5\n'.
ERROR:pyubx2.ubxreader:Unknown protocol header b'\xb5\n'.
ERROR:pyubx2.ubxreader:Unknown protocol header b'\xb5\n'.
ERROR:pyubx2.ubxreader:Unknown protocol header b'\xb5\x00'.
ERROR:pyubx2.ubxreader:Unknown protocol header b'\xd3\xff'.
ERROR:pyubx2.ubxreader:Unknown protocol header b'$\x03'.
ERROR:pyubx2.ubxreader:Unknown protocol header b'\xd3U'.
ERROR:pyubx2.ubxreader:Unknown protocol header b'$\x15'.
ERROR:pyubx2.ubxreader:Unknown protocol header b'\xd3w'.
ERROR:pyubx2.ubxreader:Unknown protocol header b'\xb5\n'.
ERROR:pyubx2.ubxreader:Unknown protocol header b'$\x03'.
ERROR:pyubx2.ubxreader:Unknown protocol header b'$\x11'.
ERROR:pyubx2.ubxreader:Unknown protocol header b'$$'.
ERROR:pyubx2.ubxreader:Unknown protocol header b'$6'.
ERROR:pyubx2.ubxreader:Unknown protocol header b'$\x00'.
ERROR:pyubx2.ubxreader:Unknown protocol header b'\xb5\x01'.
ERROR:pyubx2.ubxreader:Unknown protocol header b'$\x00'.
ERROR:pyubx2.ubxreader:Unknown protocol header b'$\x00'.
ERROR:pyubx2.ubxreader:Message checksum b'\xad\xb5' invalid - should be b'\x9e\x1a'
ERROR:pyubx2.ubxreader:Unknown protocol header b'\xb5\x01'.
ERROR:pyubx2.ubxreader:Unknown protocol header b'\xb5\x01'.
ERROR:pyubx2.ubxreader:Unknown protocol header b'\xb5\x01'.
ERROR:pyubx2.ubxreader:Unknown protocol header b'\xb5\x01'.
ERROR:pyubx2.ubxreader:Unknown protocol header b'\xb5\x01'.
ERROR:pyubx2.ubxreader:Unknown protocol header b'\xb5\x01'.
ERROR:pyubx2.ubxreader:Unknown protocol header b'\xb5\x01'.
ERROR:pyubx2.ubxreader:Unknown protocol header b"\xb5'".
ERROR:pyubx2.ubxreader:Unknown protocol header b'$\xdc'.
ERROR:pyubx2.ubxreader:Unknown protocol header b'$\xd8'.
ERROR:pyubx2.ubxreader:Unknown protocol header b'\xd3q'.
ERROR:pyubx2.ubxreader:Unknown protocol header b'$\xf7'.
ERROR:pyubx2.ubxreader:Unknown protocol header b'$\x17'.
ERROR:pyubx2.ubxreader:Unknown protocol header b'\xb5\x84'.
ERROR:pyubx2.ubxreader:Unknown protocol header b'\xd3q'.
ERROR:pyubx2.ubxreader:Unknown protocol header b'$.'.
ERROR:pyubx2.ubxreader:Unknown protocol header b'\xd3q'.
ERROR:pyubx2.ubxreader:Unknown protocol header b'$.'.
ERROR:pyubx2.ubxreader:Unknown protocol header b'\xb5\r'.
ERROR:pyubx2.ubxreader:Unknown protocol header b'\xb5\n'.
ERROR:pyubx2.ubxreader:Unknown protocol header b'\xb5\n'.
ERROR:pyubx2.ubxreader:Unknown protocol header b'\xb5\x02'.
ERROR:pyubx2.ubxreader:Unknown protocol header b'\xb5\x02'.
ERROR:pyubx2.ubxreader:Unknown protocol header b'\xb5\x02'.
ERROR:pyubx2.ubxreader:Unknown protocol header b'\xb5\x02'.
ERROR:pyubx2.ubxreader:Unknown protocol header b'\xb5\n'.
ERROR:pyubx2.ubxreader:Unknown protocol header b'\xb5\n'.
ERROR:pyubx2.ubxreader:Unknown protocol header b'\xb5\n'.
ERROR:pyubx2.ubxreader:Unknown protocol header b'$\x00'.
ERROR:pyubx2.ubxreader:Unknown protocol header b'\xb5\n'.
ERROR:pyubx2.ubxreader:Unknown protocol header b'$\x0f'.
ERROR:pyubx2.ubxreader:Unknown protocol header b'\xb5\n'.
ERROR:pyubx2.ubxreader:Unknown protocol header b'$\x00'.
ERROR:pyubx2.ubxreader:Unknown protocol header b'\xb5\n'.
ERROR:pyubx2.ubxreader:Unknown protocol header b'$\x02'.
ERROR:pyubx2.ubxreader:Unknown protocol header b'\xb5\x02'.
ERROR:pyubx2.ubxreader:Unknown protocol header b'\xb5\x02'.
ERROR:pyubx2.ubxreader:Unknown protocol header b'\xb5\x02'.
ERROR:pyubx2.ubxreader:Unknown protocol header b'\xb5\x02'.
ERROR:pyubx2.ubxreader:Message checksum b'\x03]' invalid - should be b'\x0b\xa2'
ERROR:pyubx2.ubxreader:Unknown protocol header b'$,'.
ERROR:pyubx2.ubxreader:Unknown protocol header b'$\x00'.
ERROR:pyubx2.ubxreader:Unknown protocol header b'$\x00'.
ERROR:pyubx2.ubxreader:Unknown protocol header b'$\x05'.
ERROR:pyubx2.ubxreader:Unknown protocol header b'\xb5\x01'.
ERROR:pyubx2.ubxreader:Unknown protocol header b'$\x01'.
ERROR:pyubx2.ubxreader:Unknown protocol header b'$\x00'.
ERROR:pyubx2.ubxreader:Unknown protocol header b'\xb5\x01'.
ERROR:pyubx2.ubxreader:Message checksum b'\xf9\xb5' invalid - should be b'\xea\xb5'
ERROR:pyubx2.ubxreader:Unknown protocol header b'\xb5\n'.
ERROR:pyubx2.ubxreader:Unknown protocol header b'\xb5\n'.
ERROR:pyubx2.ubxreader:Unknown protocol header b'\xb5\n'.
ERROR:pyubx2.ubxreader:Unknown protocol header b'\xb5\n'.
ERROR:pyubx2.ubxreader:Unknown protocol header b'\xb5\n'.
ERROR:pyubx2.ubxreader:Unknown protocol header b'$\x02'.
ERROR:pyubx2.ubxreader:Unknown protocol header b'\xb5\x02'.
ERROR:pyubx2.ubxreader:Unknown protocol header b'\xb5v'.
ERROR:pyubx2.ubxreader:Unknown protocol header b"\xb5'".
ERROR:pyubx2.ubxreader:Unknown protocol header b"\xb5'".
ERROR:pyubx2.ubxreader:Unknown protocol header b'\xb5\x02'.
ERROR:pyubx2.ubxreader:Unknown protocol header b'$5'.
ERROR:pyubx2.ubxreader:Unknown protocol header b'\xb5\xaf'.
ERROR:pyubx2.ubxreader:Unknown protocol header b'$\xff'.
ERROR:pyubx2.ubxreader:Unknown protocol header b'$\x03'.
ERROR:pyubx2.ubxreader:Unknown protocol header b'\xb5\x02'.
ERROR:pyubx2.ubxreader:Unknown protocol header b'\xd3\xdd'.
ERROR:pyubx2.ubxreader:Unknown protocol header b'\xb5\x02'.
ERROR:pyubx2.ubxreader:Unknown protocol header b'\xd3\x8c'.
ERROR:pyubx2.ubxreader:Unknown protocol header b'\xd3\xdd'.
ERROR:pyubx2.ubxreader:Unknown protocol header b'\xd3\x08'.
ERROR:pyubx2.ubxreader:Unknown protocol header b'\xb5\n'.
ERROR:pyubx2.ubxreader:Message checksum b')\x01' invalid - should be b'\x86\xcb'
ERROR:pyubx2.ubxreader:Unknown protocol header b'\xb5\xcd'.
ERROR:pyubx2.ubxreader:Unknown protocol header b'\xb5\x00'.
ERROR:pyubx2.ubxreader:Unknown protocol header b'\xb5\x12'.
ERROR:pyubx2.ubxreader:Unknown protocol header b"\xb5'".
ERROR:pyubx2.ubxreader:Unknown protocol header b'\xd3\xe9'.
ERROR:pyubx2.ubxreader:Unknown protocol header b'$\x91'.
ERROR:pyubx2.ubxreader:Unknown protocol header b'\xd3\x1d'.
ERROR:pyubx2.ubxreader:Unknown protocol header b'$\x03'.
ERROR:pyubx2.ubxreader:Unknown protocol header b'\xb5\x13'.
ERROR:pyubx2.ubxreader:Unknown protocol header b'\xb5\x02'.
ERROR:pyubx2.ubxreader:Unknown protocol header b'\xb5\x02'.
ERROR:pyubx2.ubxreader:Unknown protocol header b'\xb5\x02'.
ERROR:pyubx2.ubxreader:Unknown protocol header b'\xb5\x02'.
ERROR:pyubx2.ubxreader:Unknown protocol header b'\xb5\x02'.
ERROR:pyubx2.ubxreader:Unknown protocol header b'\xb5\x02'.
ERROR:pyubx2.ubxreader:Unknown protocol header b'\xb5\x02'.
ERROR:pyubx2.ubxreader:Unknown protocol header b'\xb5\x02'.
ERROR:pyubx2.ubxreader:Unknown protocol header b'\xb5\x02'.
ERROR:pyubx2.ubxreader:Unknown protocol header b'\xd3b'.
ERROR:pyubx2.ubxreader:Unknown protocol header b'\xb5\x01'.
ERROR:pyubx2.ubxreader:Unknown protocol header b'\xb5\xca'.
ERROR:pyubx2.ubxreader:Unknown protocol header b'\xb5\xb5'.
ERROR:pyubx2.ubxreader:Unknown protocol header b'\xb5;'.
ERROR:pyubx2.ubxreader:Unknown protocol header b'\xb5\xb5'.
ERROR:pyubx2.ubxreader:Unknown protocol header b'\xb5\n'.
ERROR:pyubx2.ubxreader:Unknown protocol header b'$\x02'.
ERROR:pyubx2.ubxreader:Unknown protocol header b'$-'.
ERROR:pyubx2.ubxreader:Unknown protocol header b"\xb5'".
ERROR:pyubx2.ubxreader:Unknown protocol header b'\xb5\x00'.
ERROR:pyubx2.ubxreader:Unknown protocol header b'\xb5\x01'.
ERROR:pyubx2.ubxreader:Unknown protocol header b'$\x00'.
ERROR:pyubx2.ubxreader:Unknown protocol header b'$\x00'.
ERROR:pyubx2.ubxreader:Unknown protocol header b'$\x00'.
ERROR:pyubx2.ubxreader:Unknown protocol header b'$\x05'.
ERROR:pyubx2.ubxreader:Unknown protocol header b'\xb5\x01'.
ERROR:pyubx2.ubxreader:Unknown protocol header b'$0'.
ERROR:pyubx2.ubxreader:Unknown protocol header b'$\x00'.
ERROR:pyubx2.ubxreader:Unknown protocol header b'$\x00'.
ERROR:pyubx2.ubxreader:Unknown protocol header b'\xb5\x01'.
ERROR:pyubx2.ubxreader:Unknown protocol header b'\xb5\x00'.
ERROR:pyubx2.ubxreader:Unknown protocol header b'\xb5\xb5'.
ERROR:pyubx2.ubxreader:Message checksum b'\x7f\xeb' invalid - should be b'\xaa\xec'
ERROR:pyubx2.ubxreader:Unknown protocol header b'$\xe0'.
ERROR:pyubx2.ubxreader:Unknown protocol header b'\xd3A'.
ERROR:pyubx2.ubxreader:Unknown protocol header b'\xd3G'.
ERROR:pyubx2.ubxreader:Unknown protocol header b'\xb5\x18'.
ERROR:pyubx2.ubxreader:Unknown protocol header b'\xd3\x1c'.
ERROR:pyubx2.ubxreader:Unknown protocol header b'$\xbc'.
ERROR:pyubx2.ubxreader:Unknown protocol header b'\xb5\x1b'.
ERROR:pyubx2.ubxreader:Unknown protocol header b'$\x06'.
ERROR:pyubx2.ubxreader:Unknown protocol header b'\xb5\xb5'.
ERROR:pyubx2.ubxreader:Unknown protocol header b'\xb5\xb5'.
ERROR:pyubx2.ubxreader:Unknown protocol header b'\xb5\x98'.
ERROR:pyubx2.ubxreader:Unknown protocol header b'\xb5\x01'.
ERROR:pyubx2.ubxreader:Unknown protocol header b'\xb5\x01'.
ERROR:pyubx2.ubxreader:Unknown protocol header b'\xb5\x01'.
ERROR:pyubx2.ubxreader:Unknown protocol header b'\xb5\x01'.
ERROR:pyubx2.ubxreader:Unknown protocol header b'$+'.
ERROR:pyubx2.ubxreader:Unknown protocol header b'\xb5\x01'.
ERROR:pyubx2.ubxreader:Unknown protocol header b'$X'.
ERROR:pyubx2.ubxreader:Unknown protocol header b'$\x00'.
ERROR:pyubx2.ubxreader:Unknown protocol header b'$('.
ERROR:pyubx2.ubxreader:Unknown protocol header b'$\x07'.
ERROR:pyubx2.ubxreader:Unknown protocol header b'\xb5\x01'.
ERROR:pyubx2.ubxreader:Unknown protocol header b'\xb5\x01'.
ERROR:pyubx2.ubxreader:Unknown protocol header b'\xb5\x01'.
ERROR:pyubx2.ubxreader:Unknown protocol header b'\xb5\x01'.
ERROR:pyubx2.ubxreader:Unknown protocol header b'\xb5\x01'.
ERROR:pyubx2.ubxreader:Unknown protocol header b'\xb5\x01'.
ERROR:pyubx2.ubxreader:Unknown protocol header b'\xb5\x01'.
ERROR:pyubx2.ubxreader:Unknown protocol header b'\xb5\x01'.
ERROR:pyubx2.ubxreader:Unknown protocol header b'\xb5\x01'.
ERROR:pyubx2.ubxreader:Unknown protocol header b'\xb5\x01'.
ERROR:pyubx2.ubxreader:Unknown protocol header b'\xb5\x01'.
ERROR:pyubx2.ubxreader:Unknown protocol header b'\xb5\x01'.
ERROR:pyubx2.ubxreader:Unknown protocol header b'\xb5\x00'.
ERROR:pyubx2.ubxreader:Unknown protocol header b'\xb5\xc4'.
ERROR:pyubx2.ubxreader:Unknown protocol header b'$\x83'.
ERROR:pyubx2.ubxreader:Unknown protocol header b'$\x83'.
ERROR:pyubx2.ubxreader:Unknown protocol header b'$\xdd'.
ERROR:pyubx2.ubxreader:Unknown protocol header b'$\xa0'.
ERROR:pyubx2.ubxreader:Unknown protocol header b'$}'.
ERROR:pyubx2.ubxreader:Unknown protocol header b'$\x92'.
ERROR:pyubx2.ubxreader:Unknown protocol header b'\xd3\xf9'.
ERROR:pyubx2.ubxreader:Unknown protocol header b'\xb5('.
ERROR:pyubx2.ubxreader:Unknown protocol header b'\xb5('.
ERROR:pyubx2.ubxreader:Unknown protocol header b'\xd3b'.
ERROR:pyubx2.ubxreader:Unknown protocol header b'\xb5\n'.
ERROR:pyubx2.ubxreader:Unknown protocol header b'\xb5\n'.
ERROR:pyubx2.ubxreader:Unknown protocol header b'\xb5\x02'.
ERROR:pyubx2.ubxreader:Unknown protocol header b'\xb5$'.
ERROR:pyubx2.ubxreader:Unknown protocol header b'\xb54'.
ERROR:pyubx2.ubxreader:Unknown protocol header b'\xb5\x0c'.
ERROR:pyubx2.ubxreader:Unknown protocol header b'$^'.
ERROR:pyubx2.ubxreader:Unknown protocol header b'\xb5('.
ERROR:pyubx2.ubxreader:Unknown protocol header b'\xd3\xf7'.
ERROR:pyubx2.ubxreader:Unknown protocol header b'\xd3\xe0'.
ERROR:pyubx2.ubxreader:Unknown protocol header b'$\xfb'.
ERROR:pyubx2.ubxreader:Unknown protocol header b'$\x00'.
ERROR:pyubx2.ubxreader:Unknown protocol header b'\xb5\x18'.
ERROR:pyubx2.ubxreader:Unknown protocol header b'\xb5\x18'.
ERROR:pyubx2.ubxreader:Unknown protocol header b'\xb5\x18'.
ERROR:pyubx2.ubxreader:Unknown protocol header b'\xb5\xb5'.
ERROR:pyubx2.ubxreader:Unknown protocol header b'$$'.
ERROR:pyubx2.ubxreader:Message checksum b'A\xef' invalid - should be b'\x87m'
ERROR:pyubx2.ubxreader:Unknown protocol header b'$\x1a'.
ERROR:pyubx2.ubxreader:Unknown protocol header b'$\xaf'.
ERROR:pyubx2.ubxreader:Unknown protocol header b'\xb5\x01'.
ERROR:pyubx2.ubxreader:Unknown protocol header b'\xb5\x01'.
ERROR:pyubx2.ubxreader:Unknown protocol header b'\xb5\x01'.
ERROR:pyubx2.ubxreader:Unknown protocol header b'$\x00'.
ERROR:pyubx2.ubxreader:Unknown protocol header b'\xb5\x01'.
ERROR:pyubx2.ubxreader:Unknown protocol header b'$+'.
ERROR:pyubx2.ubxreader:Unknown protocol header b'\xb5\x01'.
ERROR:pyubx2.ubxreader:Unknown protocol header b'\xd3_'.
ERROR:pyubx2.ubxreader:Unknown protocol header b'$\x05'.
ERROR:pyubx2.ubxreader:Unknown protocol header b'$\x00'.
ERROR:pyubx2.ubxreader:Unknown protocol header b'$0'.
ERROR:pyubx2.ubxreader:Unknown protocol header b'$\x00'.
ERROR:pyubx2.ubxreader:Unknown protocol header b'$\x00'.
ERROR:pyubx2.ubxreader:Unknown protocol header b'\xb5\x01'.
ERROR:pyubx2.ubxreader:Unknown protocol header b'\xb5\x01'.
ERROR:pyubx2.ubxreader:Unknown protocol header b'$\x14'.
ERROR:pyubx2.ubxreader:Serial stream terminated unexpectedly. 26626 bytes requested, 18236 bytes returned.
ERROR:pyubx2.ubxreader:Unknown protocol header b'\xb5\x02'.
ERROR:pyubx2.ubxreader:Message checksum b'\x00\x00' invalid - should be b'\x00\xa1'
ERROR:pyubx2.ubxreader:Unknown protocol header b'$/'.
ERROR:pyubx2.ubxreader:Unknown protocol header b'\xd3\x1c'.
ERROR:pyubx2.ubxreader:Unknown protocol header b'\xb5\xff'.
ERROR:pyubx2.ubxreader:Unknown protocol header b'\xd3\x0c'.
ERROR:pyubx2.ubxreader:Unknown protocol header b"\xb5'".
ERROR:pyubx2.ubxreader:Unknown protocol header b'\xb5\x01'.
ERROR:pyubx2.ubxreader:Unknown protocol header b'$\x02'.
ERROR:pyubx2.ubxreader:Unknown protocol header b'$\x9e'.
ERROR:pyubx2.ubxreader:Unknown protocol header b'\xb5\xb7'.
ERROR:pyubx2.ubxreader:Unknown protocol header b'$\x00'.
ERROR:pyubx2.ubxreader:Unknown protocol header b'$\xd1'.
ERROR:pyubx2.ubxreader:Unknown protocol header b'\xd3\xee'.
ERROR:pyubx2.ubxreader:Unknown protocol header b'\xd3a'.
ERROR:pyubx2.ubxreader:Unknown protocol header b'\xb5\xfc'.
ERROR:pyubx2.ubxreader:Unknown protocol header b'$+'.
ERROR:pyubx2.ubxreader:Unknown protocol header b'$\x03'.
ERROR:pyubx2.ubxreader:Unknown protocol header b'\xb5\x01'.
ERROR:pyubx2.ubxreader:Unknown protocol header b'\xb5\x01'.
ERROR:pyubx2.ubxreader:Unknown protocol header b'$\x00'.
ERROR:pyubx2.ubxreader:Unknown protocol header b'$\x00'.
ERROR:pyubx2.ubxreader:Unknown protocol header b'\xb5\x01'.
ERROR:pyubx2.ubxreader:Unknown protocol header b'$\x05'.
ERROR:pyubx2.ubxreader:Unknown protocol header b'$\x1f'.
ERROR:pyubx2.ubxreader:Message checksum b'[\xb5' invalid - should be b'*\x86'
ERROR:pyubx2.ubxreader:Unknown protocol header b'\xb5\x01'.
ERROR:pyubx2.ubxreader:Unknown protocol header b'\xb5\x01'.
ERROR:pyubx2.ubxreader:Unknown protocol header b'\xb5\x01'.
ERROR:pyubx2.ubxreader:Unknown protocol header b'\xb5\x01'.
ERROR:pyubx2.ubxreader:Unknown protocol header b'\xb5\x01'.
ERROR:pyubx2.ubxreader:Unknown protocol header b'\xb5\x01'.
ERROR:pyubx2.ubxreader:Unknown protocol header b"\xb5'".
ERROR:pyubx2.ubxreader:Unknown protocol header b'\xb5\xd1'.
ERROR:pyubx2.ubxreader:Unknown protocol header b'$\x97'.
ERROR:pyubx2.ubxreader:Unknown protocol header b'$\xf7'.
ERROR:pyubx2.ubxreader:Unknown protocol header b'\xb5\x84'.
ERROR:pyubx2.ubxreader:Unknown protocol header b'\xb5\x15'.
ERROR:pyubx2.ubxreader:Unknown protocol header b'$\x17'.
ERROR:pyubx2.ubxreader:Unknown protocol header b'\xd3q'.
device reports readiness to read but returned no data (device disconnected or multiple access on port?)
Error in get ublox data thread: device reports readiness to read but returned no data (device disconnected or multiple access on port?)
Error in get ublox data thread: device reports readiness to read but returned no data (device disconnected or multiple access on port?)
Error in get ublox data thread: device reports readiness to read but returned no data (device disconnected or multiple access on port?)
Error in get ublox data thread: device reports readiness to read but returned no data (device disconnected or multiple access on port?)
Error in get ublox data thread: device reports readiness to read but returned no data (device disconnected or multiple access on port?)
Error in get ublox data thread: device reports readiness to read but returned no data (device disconnected or multiple access on port?)
Error in get ublox data thread: device reports readiness to read but returned no data (device disconnected or multiple access on port?)
Error in get ublox data thread: device reports readiness to read but returned no data (device disconnected or multiple access on port?)
Error in get ublox data thread: device reports readiness to read but returned no data (device disconnected or multiple access on port?)
Error in get ublox data thread: device reports readiness to read but returned no data (device disconnected or multiple access on port?)
Error in get ublox data thread: device reports readiness to read but returned no data (device disconnected or multiple access on port?)
Error in get ublox data thread: device reports readiness to read but returned no data (device disconnected or multiple access on port?)
Error in get ublox data thread: device reports readiness to read but returned no data (device disconnected or multiple access on port?)
Error in get ublox data thread: device reports readiness to read but returned no data (device disconnected or multiple access on port?)
Error in get ublox data thread: device reports readiness to read but returned no data (device disconnected or multiple access on port?)
Error in get ublox data thread: device reports readiness to read but returned no data (device disconnected or multiple access on port?)
Error in get ublox data thread: device reports readiness to read but returned no data (device disconnected or multiple access on port?)
Error in get ublox data thread: device reports readiness to read but returned no data (device disconnected or multiple access on port?)
Error in get ublox data thread: device reports readiness to read but returned no data (device disconnected or multiple access on port?)
Error in get ublox data thread: device reports readiness to read but returned no data (device disconnected or multiple access on port?)
Error in get ublox data thread: device reports readiness to read but returned no data (device disconnected or multiple access on port?)
Error in get ublox data thread: device reports readiness to read but returned no data (device disconnected or multiple access on port?)
Error in get ublox data thread: device reports readiness to read but returned no data (device disconnected or multiple access on port?)
Error in get ublox data thread: device reports readiness to read but returned no data (device disconnected or multiple access on port?)
Error in get ublox data thread: device reports readiness to read but returned no data (device disconnected or multiple access on port?)
Error in get ublox data thread: device reports readiness to read but returned no data (device disconnected or multiple access on port?)
Error in get ublox data thread: device reports readiness to read but returned no data (device disconnected or multiple access on port?)
Error in get ublox data thread: device reports readiness to read but returned no data (device disconnected or multiple access on port?)
Error in get ublox data thread: device reports readiness to read but returned no data (device disconnected or multiple access on port?)
Error in get ublox data thread: device reports readiness to read but returned no data (device disconnected or multiple access on port?)
Error in get ublox data thread: device reports readiness to read but returned no data (device disconnected or multiple access on port?)
Error in get ublox data thread: device reports readiness to read but returned no data (device disconnected or multiple access on port?)
Error in get ublox data thread: device reports readiness to read but returned no data (device disconnected or multiple access on port?)
Error in get ublox data thread: device reports readiness to read but returned no data (device disconnected or multiple access on port?)
Error in get ublox data thread: device reports readiness to read but returned no data (device disconnected or multiple access on port?)
Error in get ublox data thread: device reports readiness to read but returned no data (device disconnected or multiple access on port?)
Error in get ublox data thread: device reports readiness to read but returned no data (device disconnected or multiple access on port?)
Error in get ublox data thread: device reports readiness to read but returned no data (device disconnected or multiple access on port?)
Error in get ublox data thread: device reports readiness to read but returned no data (device disconnected or multiple access on port?)
Error in get ublox data thread: device reports readiness to read but returned no data (device disconnected or multiple access on port?)
Error in get ublox data thread: device reports readiness to read but returned no data (device disconnected or multiple access on port?)
Error in get ublox data thread: device reports readiness to read but returned no data (device disconnected or multiple access on port?)
Error in get ublox data thread: device reports readiness to read but returned no data (device disconnected or multiple access on port?)
Error in get ublox data thread: device reports readiness to read but returned no data (device disconnected or multiple access on port?)
Error in get ublox data thread: device reports readiness to read but returned no data (device disconnected or multiple access on port?)
Error in get ublox data thread: device reports readiness to read but returned no data (device disconnected or multiple access on port?)
Error in get ublox data thread: device reports readiness to read but returned no data (device disconnected or multiple access on port?)
Error in get ublox data thread: device reports readiness to read but returned no data (device disconnected or multiple access on port?)
Error in get ublox data thread: device reports readiness to read but returned no data (device disconnected or multiple access on port?)
Error in get ublox data thread: device reports readiness to read but returned no data (device disconnected or multiple access on port?)
Error in get ublox data thread: device reports readiness to read but returned no data (device disconnected or multiple access on port?)
Error in get ublox data thread: device reports readiness to read but returned no data (device disconnected or multiple access on port?)
Error in get ublox data thread: device reports readiness to read but returned no data (device disconnected or multiple access on port?)
Error in get ublox data thread: device reports readiness to read but returned no data (device disconnected or multiple access on port?)
Error in get ublox data thread: device reports readiness to read but returned no data (device disconnected or multiple access on port?)
Error in get ublox data thread: device reports readiness to read but returned no data (device disconnected or multiple access on port?)
Error in get ublox data thread: device reports readiness to read but returned no data (device disconnected or multiple access on port?)
Error in get ublox data thread: device reports readiness to read but returned no data (device disconnected or multiple access on port?)
Error in get ublox data thread: device reports readiness to read but returned no data (device disconnected or multiple access on port?)
Error in get ublox data thread: ERROR:pyubx2.ubxreader:Unknown protocol header b'\xb5\xb5'.
ERROR:pyubx2.ubxreader:Unknown protocol header b'\xb5\xb5'.
ERROR:pyubx2.ubxreader:Unknown protocol header b'$$'.
ERROR:pyubx2.ubxreader:Unknown protocol header b'$\r'.
ERROR:pyubx2.ubxreader:Message checksum b'\x16\x00' invalid - should be b'\x00\x00'
ERROR:pyubx2.ubxreader:Unknown protocol header b'\xb5\xb5'.
ERROR:pyubx2.ubxreader:Unknown protocol header b'\xb5\xb5'.
ERROR:pyubx2.ubxreader:Unknown protocol header b'$$'.
ERROR:pyubx2.ubxreader:Unknown protocol header b'\xb5\x16'.
ERROR:pyubx2.ubxreader:Message checksum b'36' invalid - should be b'\x8f\x93'
ERROR:pyubx2.ubxreader:Unknown protocol header b'\xb5\x01'.
ERROR:pyubx2.ubxreader:Unknown protocol header b'$$'.
ERROR:pyubx2.ubxreader:Unknown protocol header b'$\x00'.
ERROR:pyubx2.ubxreader:Unknown protocol header b'\xb5\x01'.
ERROR:pyubx2.ubxreader:Unknown protocol header b'$\x05'.
ERROR:pyubx2.ubxreader:Unknown protocol header b'$\x00'.
ERROR:pyubx2.ubxreader:Unknown protocol header b'$\x00'.
ERROR:pyubx2.ubxreader:Unknown protocol header b'\xb5\x01'.
ERROR:pyubx2.ubxreader:Unknown protocol header b'\xb5\x01'.
ERROR:pyubx2.ubxreader:Unknown protocol header b'$\\'.
ERROR:pyubx2.ubxreader:Unknown protocol header b'\xb5\x01'.
ERROR:pyubx2.ubxreader:Unknown protocol header b'\xb5\x01'.
ERROR:pyubx2.ubxreader:Unknown protocol header b'\xb5\x01'.
ERROR:pyubx2.ubxreader:Unknown protocol header b'\xb5\x01'.
ERROR:pyubx2.ubxreader:Unknown protocol header b'\xb5\x01'.
ERROR:pyubx2.ubxreader:Unknown protocol header b'\xb5\x01'.
ERROR:pyubx2.ubxreader:Unknown protocol header b'\xb5\x01'.
ERROR:pyubx2.ubxreader:Unknown protocol header b'\xb5\x01'.
ERROR:pyubx2.ubxreader:Unknown protocol header b'\xb5\x01'.
ERROR:pyubx2.ubxreader:Unknown protocol header b'\xb5\x01'.
ERROR:pyubx2.ubxreader:Unknown protocol header b'\xb5\x01'.
ERROR:pyubx2.ubxreader:Unknown protocol header b'\xb5\x02'.
ERROR:pyubx2.ubxreader:Unknown protocol header b'\xd3\xfa'.
ERROR:pyubx2.ubxreader:Unknown protocol header b'$\xd7'.
ERROR:pyubx2.ubxreader:Unknown protocol header b'$\xf7'.
ERROR:pyubx2.ubxreader:Unknown protocol header b'$\x17'.
ERROR:pyubx2.ubxreader:Unknown protocol header b'$\x97'.
ERROR:pyubx2.ubxreader:Unknown protocol header b'\xb5z'.
ERROR:pyubx2.ubxreader:Unknown protocol header b'$\x17'.
ERROR:pyubx2.ubxreader:Unknown protocol header b'$.'.
ERROR:pyubx2.ubxreader:Unknown protocol header b'\xb5\n'.
ERROR:pyubx2.ubxreader:Unknown protocol header b'\xb5\n'.
ERROR:pyubx2.ubxreader:Unknown protocol header b'\xb5\n'.
ERROR:pyubx2.ubxreader:Unknown protocol header b'\xb5\n'.
ERROR:pyubx2.ubxreader:Unknown protocol header b'\xb5\n'.
ERROR:pyubx2.ubxreader:Unknown protocol header b'$\x02'.
ERROR:pyubx2.ubxreader:Unknown protocol header b'\xb5\x02'.
ERROR:pyubx2.ubxreader:Unknown protocol header b'\xb5\xfc'.
ERROR:pyubx2.ubxreader:Unknown protocol header b'$\xf5'.
ERROR:pyubx2.ubxreader:Unknown protocol header b'\xb5\x17'.
ERROR:pyubx2.ubxreader:Unknown protocol header b'\xb5\x02'.
ERROR:pyubx2.ubxreader:Unknown protocol header b'\xd3\xbd'.
INFO:werkzeug:192.168.5.70 - - [14/Apr/2025 09:40:19] "GET /socket.io/?EIO=4&transport=polling&t=POpgymv HTTP/1.1" 200 -
INFO:werkzeug:192.168.5.70 - - [14/Apr/2025 09:40:19] "POST /socket.io/?EIO=4&transport=polling&t=POpgynK&sid=SaYczhlbn4oo3pQRAAAE HTTP/1.1" 200 -
INFO:werkzeug:192.168.5.70 - - [14/Apr/2025 09:40:19] "GET /socket.io/?EIO=4&transport=polling&t=POpgynK.0&sid=SaYczhlbn4oo3pQRAAAE HTTP/1.1" 200 -
INFO:werkzeug:192.168.5.70 - - [14/Apr/2025 09:40:19] "[33mGET /favicon.ico HTTP/1.1[0m" 404 -
ERROR:pyubx2.ubxreader:Serial stream terminated unexpectedly. 56387 bytes requested, 14482 bytes returned.
ERROR:pyubx2.ubxreader:Unknown protocol header b'\xb5\x02'.
ERROR:pyubx2.ubxreader:Unknown protocol header b'\xb5\x02'.
ERROR:pyubx2.ubxreader:Unknown protocol header b'\xb5\x02'.
ERROR:pyubx2.ubxreader:Unknown protocol header b'\xb5\x02'.
ERROR:pyubx2.ubxreader:Unknown protocol header b'\xb5\x02'.
ERROR:pyubx2.ubxreader:Unknown protocol header b'\xb5\x02'.
ERROR:pyubx2.ubxreader:Unknown protocol header b'\xb5\x02'.
ERROR:pyubx2.ubxreader:Unknown protocol header b'\xb5\x02'.
ERROR:pyubx2.ubxreader:Unknown protocol header b'\xb5\x02'.
ERROR:pyubx2.ubxreader:Unknown protocol header b'\xb5\x02'.
ERROR:pyubx2.ubxreader:Unknown protocol header b'\xb5\x02'.
ERROR:pyubx2.ubxreader:Message checksum b'75' invalid - should be b'b\x0c'
ERROR:pyubx2.ubxreader:Unknown protocol header b'$\x00'.
ERROR:pyubx2.ubxreader:Unknown protocol header b'$\x00'.
ERROR:pyubx2.ubxreader:Unknown protocol header b'$\xd1'.
ERROR:pyubx2.ubxreader:Unknown protocol header b'$\x01'.
ERROR:pyubx2.ubxreader:Unknown protocol header b'\xb5\x01'.
ERROR:pyubx2.ubxreader:Unknown protocol header b'$3'.
ERROR:pyubx2.ubxreader:Unknown protocol header b'\xb5\xff'.
ERROR:pyubx2.ubxreader:Unknown protocol header b'\xd3;'.
ERROR:pyubx2.ubxreader:Message checksum b'\xab\xb5' invalid - should be b'\xb1\x87'
ERROR:pyubx2.ubxreader:Unknown protocol header b'\xb5\x02'.
ERROR:pyubx2.ubxreader:Unknown protocol header b'\xd3;'.
ERROR:pyubx2.ubxreader:Unknown protocol header b'\xb5\n'.
ERROR:pyubx2.ubxreader:Unknown protocol header b'\xb5\n'.
ERROR:pyubx2.ubxreader:Unknown protocol header b'\xb5\n'.
ERROR:pyubx2.ubxreader:Unknown protocol header b'\xb5\n'.
ERROR:pyubx2.ubxreader:Unknown protocol header b'\xb5\n'.
ERROR:pyubx2.ubxreader:Message checksum b'y\xb5' invalid - should be b'\xd2\xd4'
ERROR:pyubx2.ubxreader:Unknown protocol header b'\xb5\x01'.
ERROR:pyubx2.ubxreader:Unknown protocol header b'\xb5\x01'.
ERROR:pyubx2.ubxreader:Unknown protocol header b'\xb5\x01'.
ERROR:pyubx2.ubxreader:Unknown protocol header b'\xd3b'.
ERROR:pyubx2.ubxreader:Unknown protocol header b'$\xd7'.
ERROR:pyubx2.ubxreader:Unknown protocol header b'$.'.
ERROR:pyubx2.ubxreader:Unknown protocol header b'$\xf7'.
ERROR:pyubx2.ubxreader:Unknown protocol header b'$\x17'.
ERROR:pyubx2.ubxreader:Unknown protocol header b'$.'.
ERROR:pyubx2.ubxreader:Unknown protocol header b'$.'.
ERROR:pyubx2.ubxreader:Unknown protocol header b'$\xf7'.
ERROR:pyubx2.ubxreader:Unknown protocol header b'\xb5\x84'.
ERROR:pyubx2.ubxreader:Unknown protocol header b'$.'.
ERROR:pyubx2.ubxreader:Unknown protocol header b'$\x17'.
ERROR:pyubx2.ubxreader:Unknown protocol header b'$.'.
ERROR:pyubx2.ubxreader:Unknown protocol header b'\xd3b'.
ERROR:pyubx2.ubxreader:Unknown protocol header b'$\x10'.
ERROR:pyubx2.ubxreader:Unknown protocol header b'\xb5\x02'.
ERROR:pyubx2.ubxreader:Unknown protocol header b'$\x82'.
ERROR:pyubx2.ubxreader:Unknown protocol header b'\xb5\x02'.
ERROR:pyubx2.ubxreader:Unknown protocol header b'\xb5\x02'.
ERROR:pyubx2.ubxreader:Unknown protocol header b'\xb5\x02'.
ERROR:pyubx2.ubxreader:Unknown protocol header b'\xb5\x02'.
ERROR:pyubx2.ubxreader:Unknown protocol header b'\xb5\x02'.
ERROR:pyubx2.ubxreader:Unknown protocol header b'\xb5\n'.
ERROR:pyubx2.ubxreader:Unknown protocol header b'\xb5\n'.
ERROR:pyubx2.ubxreader:Unknown protocol header b'\xb5\n'.
ERROR:pyubx2.ubxreader:Unknown protocol header b'\xb5\n'.
ERROR:pyubx2.ubxreader:Unknown protocol header b'$b'.
ERROR:pyubx2.ubxreader:Unknown protocol header b'$\x02'.
ERROR:pyubx2.ubxreader:Unknown protocol header b'\xd3;'.
ERROR:pyubx2.ubxreader:Unknown protocol header b'\xb5\x02'.
ERROR:pyubx2.ubxreader:Unknown protocol header b'\xd3;'.
ERROR:pyubx2.ubxreader:Unknown protocol header b'\xb5\x02'.
ERROR:pyubx2.ubxreader:Unknown protocol header b'\xb5\x02'.
ERROR:pyubx2.ubxreader:Unknown protocol header b'$>'.
ERROR:pyubx2.ubxreader:Unknown protocol header b'$&'.
ERROR:pyubx2.ubxreader:Unknown protocol header b'\xd3\xff'.
ERROR:pyubx2.ubxreader:Unknown protocol header b'\xb5\xb5'.
ERROR:pyubx2.ubxreader:Unknown protocol header b'\xb5\x90'.
ERROR:pyubx2.ubxreader:Unknown protocol header b'\xb5\x00'.
ERROR:pyubx2.ubxreader:Unknown protocol header b'\xb5;'.
ERROR:pyubx2.ubxreader:Unknown protocol header b'\xb5\n'.
ERROR:pyubx2.ubxreader:Unknown protocol header b'\xb5\x01'.
ERROR:pyubx2.ubxreader:Unknown protocol header b'$\t'.
ERROR:pyubx2.ubxreader:Unknown protocol header b'$\x05'.
ERROR:pyubx2.ubxreader:Unknown protocol header b'\xb5\x01'.
ERROR:pyubx2.ubxreader:Unknown protocol header b'$\x00'.
ERROR:pyubx2.ubxreader:Unknown protocol header b'\xb5\x01'.
ERROR:pyubx2.ubxreader:Unknown protocol header b'\xb5\x01'.
ERROR:pyubx2.ubxreader:Unknown protocol header b'\xb5\x01'.
ERROR:pyubx2.ubxreader:Unknown protocol header b'\xb5\x01'.
ERROR:pyubx2.ubxreader:Unknown protocol header b'\xb5\x01'.
ERROR:pyubx2.ubxreader:Unknown protocol header b'\xb5\x01'.
ERROR:pyubx2.ubxreader:Unknown protocol header b'\xb5\x01'.
ERROR:pyubx2.ubxreader:Message checksum b'c\xb5' invalid - should be b'g\xff'
ERROR:pyubx2.ubxreader:Unknown protocol header b"\xb5'".
ERROR:pyubx2.ubxreader:Unknown protocol header b'\xd3\x95'.
ERROR:pyubx2.ubxreader:Unknown protocol header b'$\xa0'.
ERROR:pyubx2.ubxreader:Unknown protocol header b'$.'.
ERROR:pyubx2.ubxreader:Unknown protocol header b'\xd3q'.
ERROR:pyubx2.ubxreader:Unknown protocol header b'$.'.
ERROR:pyubx2.ubxreader:Unknown protocol header b'\xd3q'.
ERROR:pyubx2.ubxreader:Unknown protocol header b'$\x17'.
ERROR:pyubx2.ubxreader:Unknown protocol header b'$.'.
ERROR:pyubx2.ubxreader:Unknown protocol header b'$.'.
ERROR:pyubx2.ubxreader:Unknown protocol header b'\xd3q'.
ERROR:pyubx2.ubxreader:Unknown protocol header b'\xb5\x02'.
ERROR:pyubx2.ubxreader:Unknown protocol header b'$ '.
ERROR:pyubx2.ubxreader:Unknown protocol header b'\xb5\x02'.
ERROR:pyubx2.ubxreader:Unknown protocol header b'\xb5\x02'.
ERROR:pyubx2.ubxreader:Unknown protocol header b'\xb5\x02'.
ERROR:pyubx2.ubxreader:Unknown protocol header b'\xd3b'.
ERROR:pyubx2.ubxreader:Unknown protocol header b'$\x00'.
ERROR:pyubx2.ubxreader:Unknown protocol header b'\xb5\x02'.
ERROR:pyubx2.ubxreader:Unknown protocol header b'\xb5\x02'.
ERROR:pyubx2.ubxreader:Unknown protocol header b'\xb5\x02'.
ERROR:pyubx2.ubxreader:Unknown protocol header b'\xb5\n'.
ERROR:pyubx2.ubxreader:Unknown protocol header b'\xb5\n'.
ERROR:pyubx2.ubxreader:Unknown protocol header b'\xb5\n'.
ERROR:pyubx2.ubxreader:Unknown protocol header b'\xb5\n'.
ERROR:pyubx2.ubxreader:Unknown protocol header b'$\x02'.
ERROR:pyubx2.ubxreader:Message checksum b'(\x01' invalid - should be b'\x9aS'
ERROR:pyubx2.ubxreader:Unknown protocol header b'$\x00'.
ERROR:pyubx2.ubxreader:Unknown protocol header b'$\xa3'.
ERROR:pyubx2.ubxreader:Message checksum b'9,' invalid - should be b'IE'
ERROR:pyubx2.ubxreader:Serial stream terminated unexpectedly. 49157 bytes requested, 20049 bytes returned.
ERROR:pyubx2.ubxreader:Serial stream terminated unexpectedly. 49410 bytes requested, 15632 bytes returned.
ERROR:pyubx2.ubxreader:Unknown protocol header b'\xb5\n'.
ERROR:pyubx2.ubxreader:Unknown protocol header b'\xb5\n'.
ERROR:pyubx2.ubxreader:Unknown protocol header b'\xb5$'.
ERROR:pyubx2.ubxreader:Unknown protocol header b'\xb5\xb5'.
ERROR:pyubx2.ubxreader:Unknown protocol header b'$\x02'.
ERROR:pyubx2.ubxreader:Unknown protocol header b'\xb5\xb5'.
ERROR:pyubx2.ubxreader:Serial stream terminated unexpectedly. 16957 bytes requested, 14630 bytes returned.
ERROR:pyubx2.ubxreader:Unknown protocol header b'\xb5\n'.
ERROR:pyubx2.ubxreader:Unknown protocol header b'\xb5\n'.
ERROR:pyubx2.ubxreader:Unknown protocol header b'\xb5\x02'.
ERROR:pyubx2.ubxreader:Unknown protocol header b'$\x01'.
ERROR:pyubx2.ubxreader:Unknown protocol header b'\xd3\x10'.
ERROR:pyubx2.ubxreader:Unknown protocol header b"\xb5'".
ERROR:pyubx2.ubxreader:Unknown protocol header b"\xb5'".
ERROR:pyubx2.ubxreader:Unknown protocol header b'\xb5\x02'.
ERROR:pyubx2.ubxreader:Unknown protocol header b'\xb5\xb4'.
ERROR:pyubx2.ubxreader:Unknown protocol header b'\xb5\xf7'.
ERROR:pyubx2.ubxreader:Unknown protocol header b'\xd3A'.
ERROR:pyubx2.ubxreader:Unknown protocol header b'\xd3\xf3'.
ERROR:pyubx2.ubxreader:Unknown protocol header b'$x'.
ERROR:pyubx2.ubxreader:Unknown protocol header b'\xd3\xe5'.
ERROR:pyubx2.ubxreader:Unknown protocol header b'\xd3\xd8'.
ERROR:pyubx2.ubxreader:Unknown protocol header b'$r'.
ERROR:pyubx2.ubxreader:Unknown protocol header b'\xb5\x7f'.
ERROR:pyubx2.ubxreader:Unknown protocol header b'\xd3E'.
ERROR:pyubx2.ubxreader:Unknown protocol header b'\xb5\x01'.
ERROR:pyubx2.ubxreader:Unknown protocol header b'\xb5\x01'.
ERROR:pyubx2.ubxreader:Unknown protocol header b'$\x00'.
ERROR:pyubx2.ubxreader:Unknown protocol header b'\xb5\xb5'.
ERROR:pyubx2.ubxreader:Unknown protocol header b'\xb5\xbf'.
ERROR:pyubx2.ubxreader:Message checksum b'\xaa\xaa' invalid - should be b'\xab\x13'
ERROR:pyubx2.ubxreader:Unknown protocol header b'\xb5\x90'.
ERROR:pyubx2.ubxreader:Message checksum b'\x00\x02' invalid - should be b'\x88\x1e'
ERROR:pyubx2.ubxreader:Unknown protocol header b'$\x00'.
ERROR:pyubx2.ubxreader:Unknown protocol header b'\xb5\x01'.
ERROR:pyubx2.ubxreader:Unknown protocol header b'\xb5\x01'.
ERROR:pyubx2.ubxreader:Unknown protocol header b'\xb5\x01'.
ERROR:pyubx2.ubxreader:Unknown protocol header b'\xb5\x01'.
ERROR:pyubx2.ubxreader:Unknown protocol header b'\xb5\x01'.
ERROR:pyubx2.ubxreader:Unknown protocol header b'\xb5\x01'.
ERROR:pyubx2.ubxreader:Unknown protocol header b'\xb5\x01'.
ERROR:pyubx2.ubxreader:Unknown protocol header b'\xb5\x01'.
ERROR:pyubx2.ubxreader:Unknown protocol header b'\xb5\x01'.
ERROR:pyubx2.ubxreader:Unknown protocol header b'\xb5\x02'.
ERROR:pyubx2.ubxreader:Unknown protocol header b'\xd3\xaa'.
ERROR:pyubx2.ubxreader:Unknown protocol header b'\xb5\x02'.
ERROR:pyubx2.ubxreader:Message checksum b'\r\xe3' invalid - should be b'\xf2k'
ERROR:pyubx2.ubxreader:Unknown protocol header b'\xd3A'.
ERROR:pyubx2.ubxreader:Unknown protocol header b'\xd3A'.
ERROR:pyubx2.ubxreader:Unknown protocol header b'$l'.
ERROR:pyubx2.ubxreader:Unknown protocol header b'$\x00'.
ERROR:pyubx2.ubxreader:Unknown protocol header b'\xd3A'.
ERROR:pyubx2.ubxreader:Unknown protocol header b'${'.
ERROR:pyubx2.ubxreader:Unknown protocol header b'\xd3r'.
ERROR:pyubx2.ubxreader:Unknown protocol header b'\xb5\x01'.
ERROR:pyubx2.ubxreader:Unknown protocol header b'\xb5\x01'.
ERROR:pyubx2.ubxreader:Unknown protocol header b'\xb5\x14'.
ERROR:pyubx2.ubxreader:Unknown protocol header b'$$'.
ERROR:pyubx2.ubxreader:Unknown protocol header b'\xb5\xb5'.
ERROR:pyubx2.ubxreader:Unknown protocol header b'$\x00'.
ERROR:pyubx2.ubxreader:Unknown protocol header b'\xb5\x02'.
ERROR:pyubx2.ubxreader:Unknown protocol header b'\xb5\n'.
ERROR:pyubx2.ubxreader:Unknown protocol header b'\xb5\n'.
ERROR:pyubx2.ubxreader:Unknown protocol header b'\xb5\n'.
ERROR:pyubx2.ubxreader:Unknown protocol header b'\xb5\n'.
ERROR:pyubx2.ubxreader:Unknown protocol header b'\xb5\n'.
ERROR:pyubx2.ubxreader:Unknown protocol header b'$0'.
ERROR:pyubx2.ubxreader:Unknown protocol header b'\xb5\xff'.
ERROR:pyubx2.ubxreader:Unknown protocol header b"\xb5'".
ERROR:pyubx2.ubxreader:Unknown protocol header b"\xb5'".
ERROR:pyubx2.ubxreader:Unknown protocol header b'\xb5\xc4'.
ERROR:pyubx2.ubxreader:Unknown protocol header b'\xd3\xe9'.
ERROR:pyubx2.ubxreader:Unknown protocol header b'\xd3{'.
ERROR:pyubx2.ubxreader:Unknown protocol header b'$\x00'.
ERROR:pyubx2.ubxreader:Unknown protocol header b'\xd3A'.
ERROR:pyubx2.ubxreader:Unknown protocol header b'\xb5\x02'.
ERROR:pyubx2.ubxreader:Unknown protocol header b'\xb5\x02'.
ERROR:pyubx2.ubxreader:Unknown protocol header b'\xd3\xa5'.
ERROR:pyubx2.ubxreader:Unknown protocol header b'\xb5\x02'.
ERROR:pyubx2.ubxreader:Unknown protocol header b'\xb5\xbf'.
ERROR:pyubx2.ubxreader:Unknown protocol header b'$\n'.
ERROR:pyubx2.ubxreader:Unknown protocol header b'\xb5\x02'.
ERROR:pyubx2.ubxreader:Unknown protocol header b'\xb5\x02'.
ERROR:pyubx2.ubxreader:Unknown protocol header b'\xb5\x02'.
ERROR:pyubx2.ubxreader:Unknown protocol header b'\xb5\x02'.
ERROR:pyubx2.ubxreader:Unknown protocol header b'\xb5\x02'.
ERROR:pyubx2.ubxreader:Message checksum b'\xfa\xb5' invalid - should be b"\xba'"
ERROR:pyubx2.ubxreader:Unknown protocol header b'\xb5\x02'.
ERROR:pyubx2.ubxreader:Unknown protocol header b'\xb5\x02'.
ERROR:pyubx2.ubxreader:Message checksum b'/\xb5' invalid - should be b'P\xc2'
ERROR:pyubx2.ubxreader:Unknown protocol header b'\xb5\x02'.
ERROR:pyubx2.ubxreader:Unknown protocol header b'\xb5\x02'.
ERROR:pyubx2.ubxreader:Unknown protocol header b'\xb5\x02'.
ERROR:pyubx2.ubxreader:Message checksum b'50' invalid - should be b'\xed\xc3'
ERROR:pyubx2.ubxreader:Unknown protocol header b'\xb5\x02'.
ERROR:pyubx2.ubxreader:Unknown protocol header b'\xb5\xf7'.
ERROR:pyubx2.ubxreader:Unknown protocol header b'$Q'.
ERROR:pyubx2.ubxreader:Unknown protocol header b'\xb5\x02'.
ERROR:pyubx2.ubxreader:Unknown protocol header b'$Q'.
ERROR:pyubx2.ubxreader:Unknown protocol header b'$+'.
ERROR:pyubx2.ubxreader:Unknown protocol header b'$\x00'.
ERROR:pyubx2.ubxreader:Unknown protocol header b'\xb5\x01'.
ERROR:pyubx2.ubxreader:Unknown protocol header b'$\x05'.
ERROR:pyubx2.ubxreader:Unknown protocol header b'$\x00'.
ERROR:pyubx2.ubxreader:Unknown protocol header b'$\x1f'.
ERROR:pyubx2.ubxreader:Unknown protocol header b'$\x00'.
ERROR:pyubx2.ubxreader:Unknown protocol header b'$+'.
ERROR:pyubx2.ubxreader:Unknown protocol header b'\xb5\x01'.
ERROR:pyubx2.ubxreader:Unknown protocol header b'\xb5\x01'.
ERROR:pyubx2.ubxreader:Message checksum b'\x9c\xb5' invalid - should be b'\x9c\x02'
ERROR:pyubx2.ubxreader:Message checksum b'q\xb5' invalid - should be b'B|'
ERROR:pyubx2.ubxreader:Unknown protocol header b'\xd3W'.
ERROR:pyubx2.ubxreader:Unknown protocol header b'\xb5\x19'.
ERROR:pyubx2.ubxreader:Unknown protocol header b'\xb5\xcb'.
ERROR:pyubx2.ubxreader:Unknown protocol header b'$b'.
ERROR:pyubx2.ubxreader:Message checksum b'\x00\x00' invalid - should be b'cd'
ERROR:pyubx2.ubxreader:Message checksum b'>\xd1' invalid - should be b'\x92Z'
ERROR:pyubx2.ubxreader:Unknown protocol header b'$u'.
ERROR:pyubx2.ubxreader:Unknown protocol header b'\xd3\xa1'.
ERROR:pyubx2.ubxreader:Unknown protocol header b'$\x17'.
ERROR:pyubx2.ubxreader:Unknown protocol header b'\xd3W'.
ERROR:pyubx2.ubxreader:Unknown protocol header b'$b'.
ERROR:pyubx2.ubxreader:Unknown protocol header b'$y'.
ERROR:pyubx2.ubxreader:Unknown protocol header b'$\xd7'.
ERROR:pyubx2.ubxreader:Unknown protocol header b'$\xd7'.
ERROR:pyubx2.ubxreader:Unknown protocol header b'$\xf7'.
ERROR:pyubx2.ubxreader:Unknown protocol header b'\xd3D'.
ERROR:pyubx2.ubxreader:Unknown protocol header b'\xd3\xa1'.
ERROR:pyubx2.ubxreader:Unknown protocol header b'$.'.
ERROR:pyubx2.ubxreader:Unknown protocol header b'\xd3q'.
ERROR:pyubx2.ubxreader:Message checksum b'\x00\x00' invalid - should be b'\xf9Q'
ERROR:pyubx2.ubxreader:Message checksum b'\x00\x00' invalid - should be b'$t'
ERROR:pyubx2.ubxreader:Unknown protocol header b'\xb5\x02'.
ERROR:pyubx2.ubxreader:Unknown protocol header b'$$'.
ERROR:pyubx2.ubxreader:Unknown protocol header b'\xb5+'.
ERROR:pyubx2.ubxreader:Unknown protocol header b"\xb5'".
ERROR:pyubx2.ubxreader:Unknown protocol header b'$+'.
ERROR:pyubx2.ubxreader:Unknown protocol header b'$X'.
ERROR:pyubx2.ubxreader:Unknown protocol header b'$\x07'.
ERROR:pyubx2.ubxreader:Unknown protocol header b'$+'.
ERROR:pyubx2.ubxreader:Unknown protocol header b'\xb5\x01'.
ERROR:pyubx2.ubxreader:Unknown protocol header b'\xb5\x01'.
ERROR:pyubx2.ubxreader:Unknown protocol header b'\xb5\x01'.
ERROR:pyubx2.ubxreader:Unknown protocol header b'\xb5\xb5'.
ERROR:pyubx2.ubxreader:Unknown protocol header b'\xb5\x01'.
ERROR:pyubx2.ubxreader:Unknown protocol header b'\xb5\x01'.
ERROR:pyubx2.ubxreader:Unknown protocol header b'\xb5\x01'.
ERROR:pyubx2.ubxreader:Serial stream terminated unexpectedly. 59394 bytes requested, 18192 bytes returned.
device reports readiness to read but returned no data (device disconnected or multiple access on port?)
Error in get ublox data thread: device reports readiness to read but returned no data (device disconnected or multiple access on port?)
Error in get ublox data thread: device reports readiness to read but returned no data (device disconnected or multiple access on port?)
Error in get ublox data thread: device reports readiness to read but returned no data (device disconnected or multiple access on port?)
Error in get ublox data thread: device reports readiness to read but returned no data (device disconnected or multiple access on port?)
Error in get ublox data thread: device reports readiness to read but returned no data (device disconnected or multiple access on port?)
Error in get ublox data thread: device reports readiness to read but returned no data (device disconnected or multiple access on port?)
Error in get ublox data thread: device reports readiness to read but returned no data (device disconnected or multiple access on port?)
Error in get ublox data thread: device reports readiness to read but returned no data (device disconnected or multiple access on port?)
Error in get ublox data thread: device reports readiness to read but returned no data (device disconnected or multiple access on port?)
Error in get ublox data thread: device reports readiness to read but returned no data (device disconnected or multiple access on port?)
Error in get ublox data thread: device reports readiness to read but returned no data (device disconnected or multiple access on port?)
Error in get ublox data thread: device reports readiness to read but returned no data (device disconnected or multiple access on port?)
Error in get ublox data thread: device reports readiness to read but returned no data (device disconnected or multiple access on port?)
Error in get ublox data thread: device reports readiness to read but returned no data (device disconnected or multiple access on port?)
Error in get ublox data thread: device reports readiness to read but returned no data (device disconnected or multiple access on port?)
Error in get ublox data thread: device reports readiness to read but returned no data (device disconnected or multiple access on port?)
Error in get ublox data thread: device reports readiness to read but returned no data (device disconnected or multiple access on port?)
Error in get ublox data thread: device reports readiness to read but returned no data (device disconnected or multiple access on port?)
Error in get ublox data thread: device reports readiness to read but returned no data (device disconnected or multiple access on port?)
Error in get ublox data thread: device reports readiness to read but returned no data (device disconnected or multiple access on port?)
Error in get ublox data thread: device reports readiness to read but returned no data (device disconnected or multiple access on port?)
Error in get ublox data thread: device reports readiness to read but returned no data (device disconnected or multiple access on port?)
Error in get ublox data thread: device reports readiness to read but returned no data (device disconnected or multiple access on port?)
Error in get ublox data thread: device reports readiness to read but returned no data (device disconnected or multiple access on port?)
Error in get ublox data thread: device reports readiness to read but returned no data (device disconnected or multiple access on port?)
Error in get ublox data thread: device reports readiness to read but returned no data (device disconnected or multiple access on port?)
Error in get ublox data thread: device reports readiness to read but returned no data (device disconnected or multiple access on port?)
Error in get ublox data thread: device reports readiness to read but returned no data (device disconnected or multiple access on port?)
Error in get ublox data thread: device reports readiness to read but returned no data (device disconnected or multiple access on port?)
Error in get ublox data thread: device reports readiness to read but returned no data (device disconnected or multiple access on port?)
Error in get ublox data thread: device reports readiness to read but returned no data (device disconnected or multiple access on port?)
Error in get ublox data thread: device reports readiness to read but returned no data (device disconnected or multiple access on port?)
Error in get ublox data thread: device reports readiness to read but returned no data (device disconnected or multiple access on port?)
Error in get ublox data thread: device reports readiness to read but returned no data (device disconnected or multiple access on port?)
Error in get ublox data thread: device reports readiness to read but returned no data (device disconnected or multiple access on port?)
Error in get ublox data thread: device reports readiness to read but returned no data (device disconnected or multiple access on port?)
Error in get ublox data thread: device reports readiness to read but returned no data (device disconnected or multiple access on port?)
Error in get ublox data thread: device reports readiness to read but returned no data (device disconnected or multiple access on port?)
Error in get ublox data thread: device reports readiness to read but returned no data (device disconnected or multiple access on port?)
Error in get ublox data thread: device reports readiness to read but returned no data (device disconnected or multiple access on port?)
Error in get ublox data thread: device reports readiness to read but returned no data (device disconnected or multiple access on port?)
Error in get ublox data thread: device reports readiness to read but returned no data (device disconnected or multiple access on port?)
Error in get ublox data thread: device reports readiness to read but returned no data (device disconnected or multiple access on port?)
Error in get ublox data thread: device reports readiness to read but returned no data (device disconnected or multiple access on port?)
Error in get ublox data thread: device reports readiness to read but returned no data (device disconnected or multiple access on port?)
Error in get ublox data thread: device reports readiness to read but returned no data (device disconnected or multiple access on port?)
Error in get ublox data thread: device reports readiness to read but returned no data (device disconnected or multiple access on port?)
Error in get ublox data thread: device reports readiness to read but returned no data (device disconnected or multiple access on port?)
Error in get ublox data thread: device reports readiness to read but returned no data (device disconnected or multiple access on port?)
Error in get ublox data thread: device reports readiness to read but returned no data (device disconnected or multiple access on port?)
Error in get ublox data thread: device reports readiness to read but returned no data (device disconnected or multiple access on port?)
Error in get ublox data thread: device reports readiness to read but returned no data (device disconnected or multiple access on port?)
Error in get ublox data thread: device reports readiness to read but returned no data (device disconnected or multiple access on port?)
Error in get ublox data thread: device reports readiness to read but returned no data (device disconnected or multiple access on port?)
Error in get ublox data thread: device reports readiness to read but returned no data (device disconnected or multiple access on port?)
Error in get ublox data thread: device reports readiness to read but returned no data (device disconnected or multiple access on port?)
Error in get ublox data thread: device reports readiness to read but returned no data (device disconnected or multiple access on port?)
Error in get ublox data thread: device reports readiness to read but returned no data (device disconnected or multiple access on port?)
Error in get ublox data thread: device reports readiness to read but returned no data (device disconnected or multiple access on port?)
Error in get ublox data thread: ERROR:pyubx2.ubxreader:Unknown protocol header b'\xb5\xb5'.
ERROR:pyubx2.ubxreader:Unknown protocol header b'\xd3\xe3'.
ERROR:pyubx2.ubxreader:Unknown protocol header b'$\x04'.
ERROR:pyubx2.ubxreader:Unknown protocol header b'\xd3A'.
ERROR:pyubx2.ubxreader:Unknown protocol header b'\xd3w'.
ERROR:pyubx2.ubxreader:Unknown protocol header b'$\x85'.
ERROR:pyubx2.ubxreader:Unknown protocol header b'\xd3\x94'.
ERROR:pyubx2.ubxreader:Unknown protocol header b'\xd3g'.
ERROR:pyubx2.ubxreader:Unknown protocol header b'\xb5\x01'.
ERROR:pyubx2.ubxreader:Unknown protocol header b'\xb5\x01'.
ERROR:pyubx2.ubxreader:Unknown protocol header b'\xb5\x01'.
ERROR:pyubx2.ubxreader:Unknown protocol header b'\xb5\x01'.
ERROR:pyubx2.ubxreader:Unknown protocol header b'\xb5\x01'.
ERROR:pyubx2.ubxreader:Unknown protocol header b'$\x07'.
ERROR:pyubx2.ubxreader:Unknown protocol header b'$\x00'.
ERROR:pyubx2.ubxreader:Unknown protocol header b'$Q'.
ERROR:pyubx2.ubxreader:Unknown protocol header b'$.'.
ERROR:pyubx2.ubxreader:Unknown protocol header b'$\x01'.
ERROR:pyubx2.ubxreader:Unknown protocol header b'$X'.
ERROR:pyubx2.ubxreader:Unknown protocol header b'\xb5\x01'.
ERROR:pyubx2.ubxreader:Unknown protocol header b'$\x07'.
ERROR:pyubx2.ubxreader:Unknown protocol header b'$+'.
ERROR:pyubx2.ubxreader:Unknown protocol header b'\xb5\x01'.
ERROR:pyubx2.ubxreader:Unknown protocol header b'$\x07'.
ERROR:pyubx2.ubxreader:Unknown protocol header b'$\x14'.
ERROR:pyubx2.ubxreader:Unknown protocol header b'$:'.
ERROR:pyubx2.ubxreader:Unknown protocol header b'\xb5\xb5'.
ERROR:pyubx2.ubxreader:Unknown protocol header b'\xb5\xb5'.
ERROR:pyubx2.ubxreader:Unknown protocol header b'\xb5\xb5'.
ERROR:pyubx2.ubxreader:Unknown protocol header b'\xb5\xb5'.
ERROR:pyubx2.ubxreader:Unknown protocol header b'\xb5\xb5'.
ERROR:pyubx2.ubxreader:Unknown protocol header b'\xb5\xb5'.
ERROR:pyubx2.ubxreader:Unknown protocol header b'\xb5\x02'.
ERROR:pyubx2.ubxreader:Unknown protocol header b'\xd3\x89'.
ERROR:pyubx2.ubxreader:Unknown protocol header b'\xb5\n'.
ERROR:pyubx2.ubxreader:Unknown protocol header b'\xb5\n'.
ERROR:pyubx2.ubxreader:Unknown protocol header b'\xb5\n'.
ERROR:pyubx2.ubxreader:Message checksum b'.\xb5' invalid - should be b'\xc8\xc8'
ERROR:pyubx2.ubxreader:Unknown protocol header b'\xb5\n'.
ERROR:pyubx2.ubxreader:Unknown protocol header b'\xd3\xff'.
ERROR:pyubx2.ubxreader:Unknown protocol header b'\xd3\x17'.
ERROR:pyubx2.ubxreader:Unknown protocol header b"\xb5'".
ERROR:pyubx2.ubxreader:Unknown protocol header b"\xb5'".
ERROR:pyubx2.ubxreader:Unknown protocol header b'\xb5\x02'.
ERROR:pyubx2.ubxreader:Unknown protocol header b'\xd3\xe8'.
ERROR:pyubx2.ubxreader:Unknown protocol header b'\xb5\x8e'.
ERROR:pyubx2.ubxreader:Unknown protocol header b'\xd3\x1a'.
ERROR:pyubx2.ubxreader:Unknown protocol header b'\xd3v'.
ERROR:pyubx2.ubxreader:Unknown protocol header b'\xb5o'.
ERROR:pyubx2.ubxreader:Unknown protocol header b'\xd3\xd4'.
ERROR:pyubx2.ubxreader:Unknown protocol header b'$\xc3'.
ERROR:pyubx2.ubxreader:Unknown protocol header b'\xb5s'.
ERROR:pyubx2.ubxreader:Unknown protocol header b'$\x02'.
ERROR:pyubx2.ubxreader:Unknown protocol header b'\xb5\x01'.
ERROR:pyubx2.ubxreader:Unknown protocol header b'\xb5\x01'.
ERROR:pyubx2.ubxreader:Unknown protocol header b'$\x00'.
ERROR:pyubx2.ubxreader:Unknown protocol header b'\xb5\x01'.
ERROR:pyubx2.ubxreader:Unknown protocol header b'$Q'.
ERROR:pyubx2.ubxreader:Unknown protocol header b'$\x00'.
ERROR:pyubx2.ubxreader:Unknown protocol header b'\xb5\x01'.
ERROR:pyubx2.ubxreader:Unknown protocol header b'$-'.
ERROR:pyubx2.ubxreader:Unknown protocol header b'\xb5\x01'.
ERROR:pyubx2.ubxreader:Message checksum b'\xd6\xb5' invalid - should be b'N\xae'
ERROR:pyubx2.ubxreader:Unknown protocol header b'$/'.
ERROR:pyubx2.ubxreader:Unknown protocol header b'\xb5\x1d'.
ERROR:pyubx2.ubxreader:Unknown protocol header b'\xb5\xf5'.
ERROR:pyubx2.ubxreader:Unknown protocol header b'$\x00'.
ERROR:pyubx2.ubxreader:Unknown protocol header b"\xb5'".
ERROR:pyubx2.ubxreader:Unknown protocol header b"\xb5'".
ERROR:pyubx2.ubxreader:Unknown protocol header b'\xb5\x02'.
ERROR:pyubx2.ubxreader:Unknown protocol header b'$p'.
ERROR:pyubx2.ubxreader:Unknown protocol header b'$\x00'.
ERROR:pyubx2.ubxreader:Unknown protocol header b'$\x00'.
ERROR:pyubx2.ubxreader:Unknown protocol header b'\xd3\xc4'.
ERROR:pyubx2.ubxreader:Unknown protocol header b'\xb5\x01'.
ERROR:pyubx2.ubxreader:Unknown protocol header b'\xb5\x01'.
ERROR:pyubx2.ubxreader:Unknown protocol header b'\xb5\x01'.
ERROR:pyubx2.ubxreader:Unknown protocol header b'\xb5\x01'.
ERROR:pyubx2.ubxreader:Unknown protocol header b'$\x00'.
ERROR:pyubx2.ubxreader:Unknown protocol header b'$\x00'.
ERROR:pyubx2.ubxreader:Unknown protocol header b'$Q'.
ERROR:pyubx2.ubxreader:Unknown protocol header b'$\t'.
ERROR:pyubx2.ubxreader:Unknown protocol header b'$\x05'.
ERROR:pyubx2.ubxreader:Unknown protocol header b'$$'.
ERROR:pyubx2.ubxreader:Unknown protocol header b'$\x00'.
ERROR:pyubx2.ubxreader:Unknown protocol header b'$\x00'.
ERROR:pyubx2.ubxreader:Unknown protocol header b'$\x07'.
ERROR:pyubx2.ubxreader:Unknown protocol header b'$\xb5'.
ERROR:pyubx2.ubxreader:Message checksum b'\xd6\xb5' invalid - should be b'\xbc\xe1'
ERROR:pyubx2.ubxreader:Unknown protocol header b'$\x14'.
ERROR:pyubx2.ubxreader:Unknown protocol header b'\xb5\n'.
ERROR:pyubx2.ubxreader:Unknown protocol header b'\xb5\n'.
ERROR:pyubx2.ubxreader:Message checksum b'\x00\x00' invalid - should be b'~\x80'
ERROR:pyubx2.ubxreader:Unknown protocol header b'\xb5\n'.
ERROR:pyubx2.ubxreader:Unknown protocol header b'\xb5\n'.
ERROR:pyubx2.ubxreader:Unknown protocol header b'\xb5\n'.
ERROR:pyubx2.ubxreader:Unknown protocol header b'\xb5\n'.
ERROR:pyubx2.ubxreader:Unknown protocol header b'\xb5\n'.
ERROR:pyubx2.ubxreader:Unknown protocol header b'\xb5\n'.
ERROR:pyubx2.ubxreader:Unknown protocol header b'\xb5\x02'.
ERROR:pyubx2.ubxreader:Unknown protocol header b'\xb5\x07'.
ERROR:pyubx2.ubxreader:Unknown protocol header b'$\x01'.
ERROR:pyubx2.ubxreader:Unknown protocol header b'\xb52'.
ERROR:pyubx2.ubxreader:Unknown protocol header b'\xb5"'.
ERROR:pyubx2.ubxreader:Unknown protocol header b"\xb5'".
ERROR:pyubx2.ubxreader:Unknown protocol header b'$\xba'.
ERROR:pyubx2.ubxreader:Unknown protocol header b'\xd3\xd9'.
ERROR:pyubx2.ubxreader:Unknown protocol header b'\xd3z'.
ERROR:pyubx2.ubxreader:Unknown protocol header b'\xd3K'.
ERROR:pyubx2.ubxreader:Unknown protocol header b'\xb5\x92'.
ERROR:pyubx2.ubxreader:Unknown protocol header b'$\x00'.
ERROR:pyubx2.ubxreader:Unknown protocol header b'\xd3A'.
ERROR:pyubx2.ubxreader:Unknown protocol header b'\xb5\x97'.
ERROR:pyubx2.ubxreader:Unknown protocol header b'\xd3m'.
ERROR:pyubx2.ubxreader:Unknown protocol header b'\xb50'.
ERROR:pyubx2.ubxreader:Unknown protocol header b'\xd3\x8d'.
ERROR:pyubx2.ubxreader:Unknown protocol header b'\xd3\x98'.
ERROR:pyubx2.ubxreader:Unknown protocol header b'\xb5\x02'.
ERROR:pyubx2.ubxreader:Unknown protocol header b'\xb5\x02'.
ERROR:pyubx2.ubxreader:Unknown protocol header b'\xb5\x02'.
ERROR:pyubx2.ubxreader:Unknown protocol header b'\xb5\x02'.
ERROR:pyubx2.ubxreader:Unknown protocol header b'\xb5\x02'.
ERROR:pyubx2.ubxreader:Unknown protocol header b'\xb5\x02'.
ERROR:pyubx2.ubxreader:Unknown protocol header b'\xb5\x02'.
ERROR:pyubx2.ubxreader:Unknown protocol header b'\xb5\x02'.
ERROR:pyubx2.ubxreader:Message checksum b'\xb5b' invalid - should be b'\xcb\xaf'
ERROR:pyubx2.ubxreader:Message checksum b'\xd1\xb5' invalid - should be b'Zn'
ERROR:pyubx2.ubxreader:Unknown protocol header b'\xb5\x02'.
ERROR:pyubx2.ubxreader:Unknown protocol header b'\xb5\x02'.
ERROR:pyubx2.ubxreader:Unknown protocol header b'\xb5\x02'.
ERROR:pyubx2.ubxreader:Unknown protocol header b'\xb5\x02'.
ERROR:pyubx2.ubxreader:Unknown protocol header b'\xb5\x01'.
ERROR:pyubx2.ubxreader:Unknown protocol header b'\xb5\x01'.
ERROR:pyubx2.ubxreader:Message checksum b'\x00\x00' invalid - should be b'8\xbc'
ERROR:pyubx2.ubxreader:Unknown protocol header b'$\x00'.
ERROR:pyubx2.ubxreader:Unknown protocol header b'\xb5\x01'.
ERROR:pyubx2.ubxreader:Unknown protocol header b'$$'.
ERROR:pyubx2.ubxreader:Unknown protocol header b'$\x00'.
ERROR:pyubx2.ubxreader:Unknown protocol header b'$\x00'.
ERROR:pyubx2.ubxreader:Unknown protocol header b'\xb5\x02'.
ERROR:pyubx2.ubxreader:Unknown protocol header b'\xb5\x01'.
ERROR:pyubx2.ubxreader:Unknown protocol header b'$\x00'.
ERROR:pyubx2.ubxreader:Serial stream terminated unexpectedly. 28674 bytes requested, 17561 bytes returned.
ERROR:pyubx2.ubxreader:Unknown protocol header b'\xb5\n'.
ERROR:pyubx2.ubxreader:Unknown protocol header b'\xb5\n'.
ERROR:pyubx2.ubxreader:Message checksum b'E\xb5' invalid - should be b'Rn'
ERROR:pyubx2.ubxreader:Unknown protocol header b'\xb5\n'.
ERROR:pyubx2.ubxreader:Unknown protocol header b'\xb5\n'.
ERROR:pyubx2.ubxreader:Unknown protocol header b'\xb5\x02'.
ERROR:pyubx2.ubxreader:Unknown protocol header b'\xb5\x02'.
ERROR:pyubx2.ubxreader:Unknown protocol header b'\xb5\x02'.
ERROR:pyubx2.ubxreader:Unknown protocol header b'\xd3\xff'.
ERROR:pyubx2.ubxreader:Unknown protocol header b"\xb5'".
ERROR:pyubx2.ubxreader:Unknown protocol header b'\xb5\x02'.
ERROR:pyubx2.ubxreader:Unknown protocol header b'$9'.
ERROR:pyubx2.ubxreader:Unknown protocol header b'\xb5B'.
ERROR:pyubx2.ubxreader:Unknown protocol header b'\xb5\xc0'.
ERROR:pyubx2.ubxreader:Unknown protocol header b'$Q'.
ERROR:pyubx2.ubxreader:Unknown protocol header b'\xb5\x02'.
ERROR:pyubx2.ubxreader:Unknown protocol header b'\xb5\x02'.
ERROR:pyubx2.ubxreader:Unknown protocol header b'\xb5\x02'.
ERROR:pyubx2.ubxreader:Unknown protocol header b'$b'.
ERROR:pyubx2.ubxreader:Unknown protocol header b'$Q'.
ERROR:pyubx2.ubxreader:Unknown protocol header b'\xb5\x01'.
ERROR:pyubx2.ubxreader:Unknown protocol header b'$$'.
ERROR:pyubx2.ubxreader:Unknown protocol header b'$\x00'.
ERROR:pyubx2.ubxreader:Unknown protocol header b'$\x00'.
ERROR:pyubx2.ubxreader:Unknown protocol header b'\xb5\x01'.
ERROR:pyubx2.ubxreader:Unknown protocol header b'$\x05'.
ERROR:pyubx2.ubxreader:Unknown protocol header b'$-'.
ERROR:pyubx2.ubxreader:Unknown protocol header b'\xb5\x01'.
ERROR:pyubx2.ubxreader:Unknown protocol header b'\xb5\x01'.
ERROR:pyubx2.ubxreader:Unknown protocol header b'$\xc9'.
ERROR:pyubx2.ubxreader:Unknown protocol header b'\xb5\x01'.
ERROR:pyubx2.ubxreader:Unknown protocol header b'\xb5\x01'.
ERROR:pyubx2.ubxreader:Unknown protocol header b'\xb5\x01'.
ERROR:pyubx2.ubxreader:Unknown protocol header b'\xb5\x01'.
ERROR:pyubx2.ubxreader:Unknown protocol header b'\xb5\x01'.
ERROR:pyubx2.ubxreader:Unknown protocol header b'\xb5\x01'.
ERROR:pyubx2.ubxreader:Unknown protocol header b'\xb5\x01'.
ERROR:pyubx2.ubxreader:Unknown protocol header b'\xb5\x01'.
ERROR:pyubx2.ubxreader:Unknown protocol header b'\xb5\x01'.
ERROR:pyubx2.ubxreader:Unknown protocol header b'\xd3q'.
ERROR:pyubx2.ubxreader:Unknown protocol header b'$\xf7'.
ERROR:pyubx2.ubxreader:Unknown protocol header b'$\x17'.
ERROR:pyubx2.ubxreader:Unknown protocol header b'$\x97'.
ERROR:pyubx2.ubxreader:Unknown protocol header b'\xb5\x02'.
ERROR:pyubx2.ubxreader:Unknown protocol header b'\xb5\xb5'.
ERROR:pyubx2.ubxreader:Unknown protocol header b'\xb5\xb5'.
ERROR:pyubx2.ubxreader:Unknown protocol header b'\xb5v'.
ERROR:pyubx2.ubxreader:Unknown protocol header b'$\x00'.
ERROR:pyubx2.ubxreader:Unknown protocol header b'\xd3\xff'.
ERROR:pyubx2.ubxreader:Unknown protocol header b'\xb5\xff'.
ERROR:pyubx2.ubxreader:Unknown protocol header b"\xb5'".
ERROR:pyubx2.ubxreader:Unknown protocol header b'\xb5\x02'.
ERROR:pyubx2.ubxreader:Unknown protocol header b'\xb5\xec'.
ERROR:pyubx2.ubxreader:Unknown protocol header b'$\x9f'.
ERROR:pyubx2.ubxreader:Unknown protocol header b'\xb5\x01'.
ERROR:pyubx2.ubxreader:Unknown protocol header b'\xb5\x01'.
ERROR:pyubx2.ubxreader:Unknown protocol header b'\xb5\x01'.
ERROR:pyubx2.ubxreader:Unknown protocol header b'\xb5\x01'.
ERROR:pyubx2.ubxreader:Unknown protocol header b'$\x00'.
ERROR:pyubx2.ubxreader:Unknown protocol header b'$Q'.
ERROR:pyubx2.ubxreader:Unknown protocol header b'\xb5\x01'.
ERROR:pyubx2.ubxreader:Unknown protocol header b'$\x00'.
ERROR:pyubx2.ubxreader:Unknown protocol header b'$\x00'.
ERROR:pyubx2.ubxreader:Unknown protocol header b'$\x05'.
ERROR:pyubx2.ubxreader:Unknown protocol header b'$\x00'.
ERROR:pyubx2.ubxreader:Unknown protocol header b'\xb5\x01'.
ERROR:pyubx2.ubxreader:Unknown protocol header b'\xb5\x01'.
ERROR:pyubx2.ubxreader:Unknown protocol header b'$\xb5'.
ERROR:pyubx2.ubxreader:Unknown protocol header b'\xb5\x01'.
ERROR:pyubx2.ubxreader:Unknown protocol header b'\xb5\x01'.
ERROR:pyubx2.ubxreader:Unknown protocol header b'\xb5\x01'.
ERROR:pyubx2.ubxreader:Unknown protocol header b'\xb5\x01'.
ERROR:pyubx2.ubxreader:Unknown protocol header b'\xb5\xe4'.
ERROR:pyubx2.ubxreader:Unknown protocol header b'\xd3n'.
ERROR:pyubx2.ubxreader:Unknown protocol header b'\xb5\x01'.
ERROR:pyubx2.ubxreader:Unknown protocol header b'\xb5\x01'.
ERROR:pyubx2.ubxreader:Unknown protocol header b'\xb5\x01'.
ERROR:pyubx2.ubxreader:Unknown protocol header b'\xb5\x01'.
ERROR:pyubx2.ubxreader:Unknown protocol header b'\xb5\x91'.
ERROR:pyubx2.ubxreader:Unknown protocol header b'$.'.
ERROR:pyubx2.ubxreader:Unknown protocol header b'\xd3q'.
ERROR:pyubx2.ubxreader:Unknown protocol header b'\xd3\x05'.
ERROR:pyubx2.ubxreader:Unknown protocol header b'\xb5\x15'.
ERROR:pyubx2.ubxreader:Unknown protocol header b'$\xd7'.
ERROR:pyubx2.ubxreader:Unknown protocol header b'\xd3z'.
ERROR:pyubx2.ubxreader:Unknown protocol header b'\xd3q'.
ERROR:pyubx2.ubxreader:Unknown protocol header b'\xb5\x02'.
ERROR:pyubx2.ubxreader:Unknown protocol header b'\xb5\x02'.
ERROR:pyubx2.ubxreader:Unknown protocol header b'$\x00'.
ERROR:pyubx2.ubxreader:Unknown protocol header b'$\x16'.
ERROR:pyubx2.ubxreader:Unknown protocol header b'\xd3\xff'.
ERROR:pyubx2.ubxreader:Unknown protocol header b'\xb5\xff'.
ERROR:pyubx2.ubxreader:Unknown protocol header b"\xb5'".
ERROR:pyubx2.ubxreader:Unknown protocol header b"\xb5'".
ERROR:pyubx2.ubxreader:Unknown protocol header b'\xb5\x02'.
ERROR:pyubx2.ubxreader:Unknown protocol header b'\xb5\x8e'.
ERROR:pyubx2.ubxreader:Unknown protocol header b'\xb5\x02'.
ERROR:pyubx2.ubxreader:Unknown protocol header b'\xb5\x02'.
ERROR:pyubx2.ubxreader:Unknown protocol header b'\xb5\x02'.
ERROR:pyubx2.ubxreader:Unknown protocol header b'\xb5\x02'.
ERROR:pyubx2.ubxreader:Unknown protocol header b'\xb5\x02'.
ERROR:pyubx2.ubxreader:Unknown protocol header b'\xb5\x02'.
ERROR:pyubx2.ubxreader:Unknown protocol header b'\xb5\x02'.
ERROR:pyubx2.ubxreader:Unknown protocol header b'\xb5\x02'.
ERROR:pyubx2.ubxreader:Unknown protocol header b'\xb5\x01'.
ERROR:pyubx2.ubxreader:Unknown protocol header b'\xb5\x01'.
ERROR:pyubx2.ubxreader:Unknown protocol header b'\xb5\x01'.
ERROR:pyubx2.ubxreader:Unknown protocol header b'\xb5\x01'.
ERROR:pyubx2.ubxreader:Unknown protocol header b'\xb5\x01'.
ERROR:pyubx2.ubxreader:Unknown protocol header b'\xb5\x01'.
ERROR:pyubx2.ubxreader:Unknown protocol header b'\xb5\x01'.
ERROR:pyubx2.ubxreader:Unknown protocol header b'$\xd7'.
ERROR:pyubx2.ubxreader:Unknown protocol header b'$\xf7'.
ERROR:pyubx2.ubxreader:Unknown protocol header b'$\xa0'.
ERROR:pyubx2.ubxreader:Unknown protocol header b'$.'.
ERROR:pyubx2.ubxreader:Unknown protocol header b'\xd3q'.
ERROR:pyubx2.ubxreader:Unknown protocol header b'\xd3q'.
ERROR:pyubx2.ubxreader:Unknown protocol header b'\xb5\n'.
ERROR:pyubx2.ubxreader:Unknown protocol header b'\xb5\x02'.
ERROR:pyubx2.ubxreader:Unknown protocol header b'\xb56'.
ERROR:pyubx2.ubxreader:Unknown protocol header b"\xb5'".
ERROR:pyubx2.ubxreader:Unknown protocol header b'\xb5\x02'.
ERROR:pyubx2.ubxreader:Unknown protocol header b'$i'.
ERROR:pyubx2.ubxreader:Unknown protocol header b'$\x98'.
ERROR:pyubx2.ubxreader:Unknown protocol header b'$\x00'.
ERROR:pyubx2.ubxreader:Unknown protocol header b'\xb5\x9d'.
ERROR:pyubx2.ubxreader:Unknown protocol header b'\xb5\x7f'.
ERROR:pyubx2.ubxreader:Unknown protocol header b'$\x0e'.
ERROR:pyubx2.ubxreader:Unknown protocol header b'$='.
ERROR:pyubx2.ubxreader:Unknown protocol header b'$\x03'.
ERROR:pyubx2.ubxreader:Unknown protocol header b'\xb5\x01'.
ERROR:pyubx2.ubxreader:Unknown protocol header b'\xb5\xb5'.
ERROR:pyubx2.ubxreader:Unknown protocol header b'\xb5\xb5'.
ERROR:pyubx2.ubxreader:Unknown protocol header b'\xb5\xb5'.
ERROR:pyubx2.ubxreader:Unknown protocol header b'\xb5\x02'.
ERROR:pyubx2.ubxreader:Unknown protocol header b'\xb5\n'.
ERROR:pyubx2.ubxreader:Unknown protocol header b'\xb5\n'.
ERROR:pyubx2.ubxreader:Unknown protocol header b'\xb5\n'.
ERROR:pyubx2.ubxreader:Unknown protocol header b'\xd3b'.
ERROR:pyubx2.ubxreader:Unknown protocol header b'\xb5\n'.
ERROR:pyubx2.ubxreader:Unknown protocol header b'$\x02'.
ERROR:pyubx2.ubxreader:Unknown protocol header b'$\x01'.
ERROR:pyubx2.ubxreader:Unknown protocol header b"\xb5'".
ERROR:pyubx2.ubxreader:Unknown protocol header b'\xd3T'.
ERROR:pyubx2.ubxreader:Unknown protocol header b'\xb5\x07'.
ERROR:pyubx2.ubxreader:Unknown protocol header b'$O'.
ERROR:pyubx2.ubxreader:Unknown protocol header b'$\x00'.
ERROR:pyubx2.ubxreader:Unknown protocol header b'$\x03'.
ERROR:pyubx2.ubxreader:Unknown protocol header b'\xb5\x96'.
ERROR:pyubx2.ubxreader:Unknown protocol header b'\xb5v'.
ERROR:pyubx2.ubxreader:Unknown protocol header b'\xb5H'.
ERROR:pyubx2.ubxreader:Unknown protocol header b'\xb5\x01'.
ERROR:pyubx2.ubxreader:Unknown protocol header b'\xb5\x01'.
ERROR:pyubx2.ubxreader:Unknown protocol header b'\xb5\x01'.
ERROR:pyubx2.ubxreader:Unknown protocol header b'\xb5\x01'.
ERROR:pyubx2.ubxreader:Unknown protocol header b'\xb5\x01'.
ERROR:pyubx2.ubxreader:Unknown protocol header b'$\x05'.
ERROR:pyubx2.ubxreader:Unknown protocol header b'\xb5\x01'.
ERROR:pyubx2.ubxreader:Unknown protocol header b'$\x00'.
ERROR:pyubx2.ubxreader:Unknown protocol header b'\xb5\x01'.
ERROR:pyubx2.ubxreader:Unknown protocol header b'\xb5\x01'.
ERROR:pyubx2.ubxreader:Unknown protocol header b'\xb5\x01'.
ERROR:pyubx2.ubxreader:Unknown protocol header b'\xb5\x01'.
ERROR:pyubx2.ubxreader:Unknown protocol header b'\xb5\x01'.
ERROR:pyubx2.ubxreader:Unknown protocol header b'\xb5\x01'.
ERROR:pyubx2.ubxreader:Unknown protocol header b'\xb5\x01'.
ERROR:pyubx2.ubxreader:Unknown protocol header b'\xb5\x01'.
ERROR:pyubx2.ubxreader:Unknown protocol header b'\xb5\x01'.
ERROR:pyubx2.ubxreader:Unknown protocol header b'\xb5\xd1'.
ERROR:pyubx2.ubxreader:Unknown protocol header b'$\xdc'.
ERROR:pyubx2.ubxreader:Unknown protocol header b'\xd3u'.
ERROR:pyubx2.ubxreader:Unknown protocol header b'$d'.
ERROR:pyubx2.ubxreader:Unknown protocol header b'$\x97'.
ERROR:pyubx2.ubxreader:Unknown protocol header b'\xb5\r'.
ERROR:pyubx2.ubxreader:Unknown protocol header b'\xb5\xb5'.
ERROR:pyubx2.ubxreader:Unknown protocol header b'\xb5\xb5'.
ERROR:pyubx2.ubxreader:Unknown protocol header b'\xb5\xb5'.
ERROR:pyubx2.ubxreader:Unknown protocol header b'\xb5\xb5'.
ERROR:pyubx2.ubxreader:Unknown protocol header b'\xb5\n'.
ERROR:pyubx2.ubxreader:Unknown protocol header b'\xb5\n'.
ERROR:pyubx2.ubxreader:Unknown protocol header b'\xb5\n'.
ERROR:pyubx2.ubxreader:Unknown protocol header b'\xb5\n'.
ERROR:pyubx2.ubxreader:Unknown protocol header b'$\x02'.
ERROR:pyubx2.ubxreader:Unknown protocol header b'\xb5\xff'.
ERROR:pyubx2.ubxreader:Unknown protocol header b"\xb5'".
ERROR:pyubx2.ubxreader:Unknown protocol header b'\xb5u'.
ERROR:pyubx2.ubxreader:Unknown protocol header b'\xd3j'.
ERROR:pyubx2.ubxreader:Unknown protocol header b'\xb5E'.
ERROR:pyubx2.ubxreader:Unknown protocol header b'$\x05'.
ERROR:pyubx2.ubxreader:Unknown protocol header b'$\x03'.
ERROR:pyubx2.ubxreader:Unknown protocol header b'\xb5\x01'.
ERROR:pyubx2.ubxreader:Unknown protocol header b'$\x00'.
ERROR:pyubx2.ubxreader:Unknown protocol header b'\xb5\x01'.
ERROR:pyubx2.ubxreader:Unknown protocol header b'$\x00'.
ERROR:pyubx2.ubxreader:Unknown protocol header b'$Q'.
ERROR:pyubx2.ubxreader:Unknown protocol header b'\xb5\x01'.
ERROR:pyubx2.ubxreader:Unknown protocol header b'$\x05'.
ERROR:pyubx2.ubxreader:Unknown protocol header b'\xb5\x01'.
ERROR:pyubx2.ubxreader:Unknown protocol header b'$\x07'.
ERROR:pyubx2.ubxreader:Unknown protocol header b'$+'.
ERROR:pyubx2.ubxreader:Unknown protocol header b'$\x00'.
ERROR:pyubx2.ubxreader:Unknown protocol header b'\xb5\x01'.
ERROR:pyubx2.ubxreader:Unknown protocol header b'\xb5\x01'.
ERROR:pyubx2.ubxreader:Unknown protocol header b'\xb5\x01'.
ERROR:pyubx2.ubxreader:Unknown protocol header b'\xb5\x01'.
ERROR:pyubx2.ubxreader:Unknown protocol header b'\xb5\x01'.
ERROR:pyubx2.ubxreader:Unknown protocol header b'\xb5\x01'.
ERROR:pyubx2.ubxreader:Unknown protocol header b'\xb5\x01'.
ERROR:pyubx2.ubxreader:Unknown protocol header b'\xb5\x01'.
ERROR:pyubx2.ubxreader:Unknown protocol header b'\xb5\x01'.
ERROR:pyubx2.ubxreader:Unknown protocol header b'\xb5\x01'.
ERROR:pyubx2.ubxreader:Unknown protocol header b'\xb5\x01'.
ERROR:pyubx2.ubxreader:Unknown protocol header b'\xb5\x01'.
ERROR:pyubx2.ubxreader:Unknown protocol header b'\xd3Q'.
ERROR:pyubx2.ubxreader:Unknown protocol header b'$\x02'.
ERROR:pyubx2.ubxreader:Unknown protocol header b'\xb5\x00'.
ERROR:pyubx2.ubxreader:Unknown protocol header b'\xb5\n'.
ERROR:pyubx2.ubxreader:Unknown protocol header b'\xb5\n'.
ERROR:pyubx2.ubxreader:Unknown protocol header b'\xb5\n'.
ERROR:pyubx2.ubxreader:Unknown protocol header b'\xb5\n'.
ERROR:pyubx2.ubxreader:Unknown protocol header b'$\x02'.
ERROR:pyubx2.ubxreader:Unknown protocol header b'$\x01'.
ERROR:pyubx2.ubxreader:Unknown protocol header b'$\x00'.
ERROR:pyubx2.ubxreader:Unknown protocol header b'$\xff'.
ERROR:pyubx2.ubxreader:Unknown protocol header b'\xd3Y'.
ERROR:pyubx2.ubxreader:Unknown protocol header b"\xb5'".
ERROR:pyubx2.ubxreader:Unknown protocol header b'\xb5\x02'.
ERROR:pyubx2.ubxreader:Unknown protocol header b'\xb5_'.
ERROR:pyubx2.ubxreader:Unknown protocol header b'\xd3\xc4'.
ERROR:pyubx2.ubxreader:Unknown protocol header b'\xb5w'.
ERROR:pyubx2.ubxreader:Unknown protocol header b'\xb5\x18'.
ERROR:pyubx2.ubxreader:Unknown protocol header b'\xb5\x06'.
ERROR:pyubx2.ubxreader:Unknown protocol header b'\xb5\x02'.
ERROR:pyubx2.ubxreader:Unknown protocol header b'\xb5\x02'.
ERROR:pyubx2.ubxreader:Unknown protocol header b'\xb5\x02'.
ERROR:pyubx2.ubxreader:Unknown protocol header b'\xb5\x02'.
ERROR:pyubx2.ubxreader:Unknown protocol header b'\xb5\x02'.
ERROR:pyubx2.ubxreader:Unknown protocol header b'\xb5\x02'.
ERROR:pyubx2.ubxreader:Unknown protocol header b'\xb5\x02'.
ERROR:pyubx2.ubxreader:Unknown protocol header b'\xb5\x02'.
ERROR:pyubx2.ubxreader:Unknown protocol header b'\xb5\x02'.
ERROR:pyubx2.ubxreader:Unknown protocol header b'\xb5\x02'.
ERROR:pyubx2.ubxreader:Unknown protocol header b'\xb5\x01'.
ERROR:pyubx2.ubxreader:Unknown protocol header b'\xb5\x01'.
ERROR:pyubx2.ubxreader:Unknown protocol header b'\xb5\x01'.
ERROR:pyubx2.ubxreader:Unknown protocol header b'\xb5\x01'.
ERROR:pyubx2.ubxreader:Unknown protocol header b'\xb5\xb5'.
ERROR:pyubx2.ubxreader:Unknown protocol header b'\xb5\x01'.
ERROR:pyubx2.ubxreader:Unknown protocol header b'\xb55'.
ERROR:pyubx2.ubxreader:Unknown protocol header b'$X'.
ERROR:pyubx2.ubxreader:Unknown protocol header b'\xb5\x01'.
ERROR:pyubx2.ubxreader:Unknown protocol header b'$\x00'.
ERROR:pyubx2.ubxreader:Unknown protocol header b'\xb5\x01'.
ERROR:pyubx2.ubxreader:Unknown protocol header b'\xb5\x01'.
ERROR:pyubx2.ubxreader:Unknown protocol header b'\xb5\x01'.
ERROR:pyubx2.ubxreader:Unknown protocol header b'\xb5\x01'.
ERROR:pyubx2.ubxreader:Unknown protocol header b'\xb5\x01'.
ERROR:pyubx2.ubxreader:Unknown protocol header b'\xb5\x01'.
ERROR:pyubx2.ubxreader:Unknown protocol header b'\xb5\x01'.
ERROR:pyubx2.ubxreader:Unknown protocol header b'\xb5\x01'.
ERROR:pyubx2.ubxreader:Unknown protocol header b'$\x97'.
ERROR:pyubx2.ubxreader:Unknown protocol header b'$\xd7'.
ERROR:pyubx2.ubxreader:Unknown protocol header b'$\xd7'.
ERROR:pyubx2.ubxreader:Unknown protocol header b'$.'.
ERROR:pyubx2.ubxreader:Unknown protocol header b'\xb5\x02'.
ERROR:pyubx2.ubxreader:Unknown protocol header b'$)'.
ERROR:pyubx2.ubxreader:Unknown protocol header b'\xb5\x0c'.
ERROR:pyubx2.ubxreader:Unknown protocol header b'\xb5\x01'.
ERROR:pyubx2.ubxreader:Unknown protocol header b'$\x00'.
ERROR:pyubx2.ubxreader:Unknown protocol header b'\xb5\x01'.
ERROR:pyubx2.ubxreader:Unknown protocol header b'$\x00'.
ERROR:pyubx2.ubxreader:Unknown protocol header b'\xb5\x01'.
ERROR:pyubx2.ubxreader:Unknown protocol header b'$\x05'.
ERROR:pyubx2.ubxreader:Unknown protocol header b'$\x00'.
ERROR:pyubx2.ubxreader:Unknown protocol header b'\xb5\x01'.
ERROR:pyubx2.ubxreader:Unknown protocol header b'$\x00'.
ERROR:pyubx2.ubxreader:Unknown protocol header b'$\x00'.
ERROR:pyubx2.ubxreader:Serial stream terminated unexpectedly. 26626 bytes requested, 19112 bytes returned.
ERROR:pyubx2.ubxreader:Unknown protocol header b'\xb5\xb5'.
ERROR:pyubx2.ubxreader:Message checksum b'w\x06' invalid - should be b'?O'
ERROR:pyubx2.ubxreader:Unknown protocol header b'\xb50'.
ERROR:pyubx2.ubxreader:Unknown protocol header b'$\x01'.
ERROR:pyubx2.ubxreader:Unknown protocol header b'\xd3\xff'.
ERROR:pyubx2.ubxreader:Unknown protocol header b'$\x05'.
ERROR:pyubx2.ubxreader:Unknown protocol header b'\xb5\xc4'.
ERROR:pyubx2.ubxreader:Unknown protocol header b'\xb5\x01'.
ERROR:pyubx2.ubxreader:Unknown protocol header b'$\x00'.
ERROR:pyubx2.ubxreader:Unknown protocol header b'\xb5\x01'.
ERROR:pyubx2.ubxreader:Unknown protocol header b'\xb5\x01'.
ERROR:pyubx2.ubxreader:Unknown protocol header b'\xb5\x01'.
ERROR:pyubx2.ubxreader:Unknown protocol header b'$+'.
ERROR:pyubx2.ubxreader:Unknown protocol header b'$\x00'.
ERROR:pyubx2.ubxreader:Unknown protocol header b'\xb5\xb5'.
ERROR:pyubx2.ubxreader:Unknown protocol header b'$\x05'.
ERROR:pyubx2.ubxreader:Unknown protocol header b'$\x00'.
ERROR:pyubx2.ubxreader:Unknown protocol header b'\xb5\x01'.
ERROR:pyubx2.ubxreader:Unknown protocol header b'$0'.
ERROR:pyubx2.ubxreader:Unknown protocol header b'$\x07'.
ERROR:pyubx2.ubxreader:Unknown protocol header b'$\x00'.
ERROR:pyubx2.ubxreader:Unknown protocol header b'\xb5\x01'.
ERROR:pyubx2.ubxreader:Unknown protocol header b'\xb5\x01'.
ERROR:pyubx2.ubxreader:Unknown protocol header b'\xb5\x01'.
ERROR:pyubx2.ubxreader:Unknown protocol header b'\xb5\x01'.
ERROR:pyubx2.ubxreader:Unknown protocol header b'\xb5\x01'.
ERROR:pyubx2.ubxreader:Message checksum b'\x00\x00' invalid - should be b'\x87\x14'
ERROR:pyubx2.ubxreader:Unknown protocol header b'$\x07'.
ERROR:pyubx2.ubxreader:Unknown protocol header b'$Q'.
ERROR:pyubx2.ubxreader:Unknown protocol header b'$Q'.
ERROR:pyubx2.ubxreader:Unknown protocol header b'$$'.
ERROR:pyubx2.ubxreader:Unknown protocol header b'$\x05'.
ERROR:pyubx2.ubxreader:Unknown protocol header b'$\x00'.
ERROR:pyubx2.ubxreader:Unknown protocol header b'$\xd1'.
ERROR:pyubx2.ubxreader:Unknown protocol header b'$\x00'.
ERROR:pyubx2.ubxreader:Unknown protocol header b'$\x00'.
ERROR:pyubx2.ubxreader:Unknown protocol header b'\xb5\x01'.
ERROR:pyubx2.ubxreader:Message checksum b'\x01\x00' invalid - should be b'\xc9='
ERROR:pyubx2.ubxreader:Unknown protocol header b'\xb5\x01'.
ERROR:pyubx2.ubxreader:Unknown protocol header b'\xb5\x01'.
ERROR:pyubx2.ubxreader:Unknown protocol header b'\xb5\x01'.
ERROR:pyubx2.ubxreader:Unknown protocol header b'\xb5\x01'.
ERROR:pyubx2.ubxreader:Unknown protocol header b'\xb5\x01'.
ERROR:pyubx2.ubxreader:Unknown protocol header b'\xb5a'.
ERROR:pyubx2.ubxreader:Unknown protocol header b'\xb5\n'.
ERROR:pyubx2.ubxreader:Unknown protocol header b'\xb5\n'.
ERROR:pyubx2.ubxreader:Unknown protocol header b'\xb56'.
ERROR:pyubx2.ubxreader:Unknown protocol header b'\xb5\n'.
ERROR:pyubx2.ubxreader:Unknown protocol header b'\xb5\n'.
ERROR:pyubx2.ubxreader:Unknown protocol header b'\xb5\n'.
ERROR:pyubx2.ubxreader:Unknown protocol header b'$\x02'.
ERROR:pyubx2.ubxreader:Unknown protocol header b'\xb5\x02'.
ERROR:pyubx2.ubxreader:Unknown protocol header b'\xb5\x02'.
ERROR:pyubx2.ubxreader:Unknown protocol header b'\xb5\x02'.
ERROR:pyubx2.ubxreader:Unknown protocol header b'\xb5\x02'.
ERROR:pyubx2.ubxreader:Unknown protocol header b'\xb5\x02'.
ERROR:pyubx2.ubxreader:Unknown protocol header b'\xb5\x02'.
ERROR:pyubx2.ubxreader:Unknown protocol header b'\xb5\x02'.
ERROR:pyubx2.ubxreader:Unknown protocol header b'\xb5\x02'.
ERROR:pyubx2.ubxreader:Unknown protocol header b'\xb5\x02'.
ERROR:pyubx2.ubxreader:Unknown protocol header b'\xb5\x02'.
ERROR:pyubx2.ubxreader:Unknown protocol header b'\xb5\x02'.
ERROR:pyubx2.ubxreader:Unknown protocol header b'$\xff'.
ERROR:pyubx2.ubxreader:Unknown protocol header b"\xb5'".
ERROR:pyubx2.ubxreader:Unknown protocol header b"\xb5'".
ERROR:pyubx2.ubxreader:Unknown protocol header b'$\xe6'.
ERROR:pyubx2.ubxreader:Unknown protocol header b'$\x98'.
ERROR:pyubx2.ubxreader:Unknown protocol header b'\xb5\x0e'.
ERROR:pyubx2.ubxreader:Unknown protocol header b'\xd3D'.
ERROR:pyubx2.ubxreader:Unknown protocol header b'\xd3\x92'.
ERROR:pyubx2.ubxreader:Unknown protocol header b'$\x03'.
ERROR:pyubx2.ubxreader:Unknown protocol header b'$\x03'.
ERROR:pyubx2.ubxreader:Unknown protocol header b'\xb5\x01'.
ERROR:pyubx2.ubxreader:Unknown protocol header b'\xb5\x01'.
ERROR:pyubx2.ubxreader:Unknown protocol header b'\xb5\x01'.
ERROR:pyubx2.ubxreader:Unknown protocol header b'$\x00'.
ERROR:pyubx2.ubxreader:Unknown protocol header b'\xb5\x01'.
ERROR:pyubx2.ubxreader:Unknown protocol header b'$\x05'.
ERROR:pyubx2.ubxreader:Unknown protocol header b'$\x00'.
ERROR:pyubx2.ubxreader:Unknown protocol header b'\xb5\x01'.
ERROR:pyubx2.ubxreader:Unknown protocol header b'$\x00'.
ERROR:pyubx2.ubxreader:Message checksum b'\x91\xb5' invalid - should be b'b\x8f'
ERROR:pyubx2.ubxreader:Unknown protocol header b'\xb5\x01'.
ERROR:pyubx2.ubxreader:Unknown protocol header b'\xd3q'.
ERROR:pyubx2.ubxreader:Unknown protocol header b'$\x17'.
ERROR:pyubx2.ubxreader:Unknown protocol header b'$d'.
ERROR:pyubx2.ubxreader:Unknown protocol header b'$\x97'.
ERROR:pyubx2.ubxreader:Unknown protocol header b'\xb5\r'.
ERROR:pyubx2.ubxreader:Unknown protocol header b'\xb5\x02'.
ERROR:pyubx2.ubxreader:Unknown protocol header b'\xb5\x02'.
ERROR:pyubx2.ubxreader:Unknown protocol header b'\xb5\x02'.
ERROR:pyubx2.ubxreader:Unknown protocol header b'\xb5\x02'.
ERROR:pyubx2.ubxreader:Unknown protocol header b'\xb5\x02'.
ERROR:pyubx2.ubxreader:Unknown protocol header b'\xb5\x02'.
ERROR:pyubx2.ubxreader:Unknown protocol header b'\xb5\x02'.
ERROR:pyubx2.ubxreader:Unknown protocol header b'\xb5\n'.
ERROR:pyubx2.ubxreader:Unknown protocol header b'\xb5\n'.
ERROR:pyubx2.ubxreader:Unknown protocol header b'\xb5\n'.
ERROR:pyubx2.ubxreader:Unknown protocol header b'$\x00'.
ERROR:pyubx2.ubxreader:Unknown protocol header b'\xb5\n'.
ERROR:pyubx2.ubxreader:Unknown protocol header b'\xb5\n'.
ERROR:pyubx2.ubxreader:Unknown protocol header b'\xb5\n'.
ERROR:pyubx2.ubxreader:Unknown protocol header b'$\x00'.
ERROR:pyubx2.ubxreader:Unknown protocol header b'\xb5\n'.
ERROR:pyubx2.ubxreader:Unknown protocol header b'\xb5\n'.
ERROR:pyubx2.ubxreader:Unknown protocol header b'\xb5\n'.
ERROR:pyubx2.ubxreader:Unknown protocol header b'\xb5\x02'.
ERROR:pyubx2.ubxreader:Unknown protocol header b'\xd3T'.
ERROR:pyubx2.ubxreader:Unknown protocol header b'$('.
ERROR:pyubx2.ubxreader:Unknown protocol header b'$\xcd'.
ERROR:pyubx2.ubxreader:Unknown protocol header b"\xb5'".
ERROR:pyubx2.ubxreader:Unknown protocol header b'$,'.
ERROR:pyubx2.ubxreader:Unknown protocol header b'\xb5k'.
ERROR:pyubx2.ubxreader:Unknown protocol header b'\xb5\x08'.
ERROR:pyubx2.ubxreader:Unknown protocol header b'$\xff'.
ERROR:pyubx2.ubxreader:Unknown protocol header b'\xb5\xc6'.
ERROR:pyubx2.ubxreader:Unknown protocol header b'\xb5\x1c'.
ERROR:pyubx2.ubxreader:Unknown protocol header b'\xb5\x13'.
ERROR:pyubx2.ubxreader:Unknown protocol header b'$\x00'.
ERROR:pyubx2.ubxreader:Unknown protocol header b'$\xff'.
ERROR:pyubx2.ubxreader:Unknown protocol header b'\xb5\x18'.
ERROR:pyubx2.ubxreader:Unknown protocol header b'\xb5\x06'.
ERROR:pyubx2.ubxreader:Message checksum b'\xb5b' invalid - should be b's['
ERROR:pyubx2.ubxreader:Unknown protocol header b'\xb5\x02'.
ERROR:pyubx2.ubxreader:Unknown protocol header b'\xb5\x02'.
ERROR:pyubx2.ubxreader:Unknown protocol header b'\xb5\x02'.
ERROR:pyubx2.ubxreader:Unknown protocol header b'\xb5\x02'.
ERROR:pyubx2.ubxreader:Unknown protocol header b'\xb5\x02'.
ERROR:pyubx2.ubxreader:Unknown protocol header b'\xb5\x02'.
ERROR:pyubx2.ubxreader:Unknown protocol header b'\xb5\x01'.
ERROR:pyubx2.ubxreader:Unknown protocol header b'\xb5\x01'.
ERROR:pyubx2.ubxreader:Unknown protocol header b'$\x00'.
ERROR:pyubx2.ubxreader:Unknown protocol header b'\xb5\x0e'.
ERROR:pyubx2.ubxreader:Unknown protocol header b'\xb5\xb5'.
ERROR:pyubx2.ubxreader:Unknown protocol header b'\xb5\x00'.
ERROR:pyubx2.ubxreader:Unknown protocol header b'\xb5$'.
ERROR:pyubx2.ubxreader:Unknown protocol header b'$$'.
ERROR:pyubx2.ubxreader:Unknown protocol header b'\xb5\x03'.
ERROR:pyubx2.ubxreader:Message checksum b'u\xf7' invalid - should be b'z>'
ERROR:pyubx2.ubxreader:Unknown protocol header b'$]'.
ERROR:pyubx2.ubxreader:Unknown protocol header b'\xd3q'.
ERROR:pyubx2.ubxreader:Unknown protocol header b'\xd3q'.
ERROR:pyubx2.ubxreader:Unknown protocol header b'\xb5\x02'.
ERROR:pyubx2.ubxreader:Unknown protocol header b'\xb5\x02'.
ERROR:pyubx2.ubxreader:Unknown protocol header b'\xb5\x02'.
ERROR:pyubx2.ubxreader:Unknown protocol header b'\xb5\n'.
ERROR:pyubx2.ubxreader:Unknown protocol header b'\xb5\x02'.
ERROR:pyubx2.ubxreader:Unknown protocol header b'\xb5\n'.
ERROR:pyubx2.ubxreader:Unknown protocol header b'\xb5\n'.
ERROR:pyubx2.ubxreader:Unknown protocol header b'\xb5\n'.
ERROR:pyubx2.ubxreader:Unknown protocol header b'\xb5\n'.
ERROR:pyubx2.ubxreader:Unknown protocol header b'\xb5\n'.
ERROR:pyubx2.ubxreader:Unknown protocol header b'\xb5\n'.
ERROR:pyubx2.ubxreader:Unknown protocol header b'\xb5\x02'.
ERROR:pyubx2.ubxreader:Unknown protocol header b'\xb5\x02'.
ERROR:pyubx2.ubxreader:Unknown protocol header b'\xd3\xff'.
ERROR:pyubx2.ubxreader:Unknown protocol header b'\xb5\x07'.
ERROR:pyubx2.ubxreader:Unknown protocol header b"\xb5'".
ERROR:pyubx2.ubxreader:Unknown protocol header b'\xb5\x02'.
ERROR:pyubx2.ubxreader:Unknown protocol header b'\xb5\x02'.
ERROR:pyubx2.ubxreader:Unknown protocol header b'\xb5\x02'.
ERROR:pyubx2.ubxreader:Unknown protocol header b'\xb5\x02'.
ERROR:pyubx2.ubxreader:Unknown protocol header b'\xb5\x02'.
ERROR:pyubx2.ubxreader:Unknown protocol header b'\xb5\x02'.
ERROR:pyubx2.ubxreader:Unknown protocol header b'\xb5\x02'.
ERROR:pyubx2.ubxreader:Unknown protocol header b'\xb5\x02'.
ERROR:pyubx2.ubxreader:Unknown protocol header b'\xb5\x02'.
ERROR:pyubx2.ubxreader:Unknown protocol header b'\xb5\x02'.
ERROR:pyubx2.ubxreader:Unknown protocol header b'\xb5\x02'.
ERROR:pyubx2.ubxreader:Unknown protocol header b'\xb5\x01'.
ERROR:pyubx2.ubxreader:Unknown protocol header b'\xb5\x01'.
ERROR:pyubx2.ubxreader:Unknown protocol header b'\xb5\x01'.
ERROR:pyubx2.ubxreader:Unknown protocol header b'\xb5\x01'.
ERROR:pyubx2.ubxreader:Unknown protocol header b'\xb5\x01'.
ERROR:pyubx2.ubxreader:Unknown protocol header b'\xb5!'.
ERROR:pyubx2.ubxreader:Unknown protocol header b'$\x00'.
ERROR:pyubx2.ubxreader:Unknown protocol header b'$\x00'.
ERROR:pyubx2.ubxreader:Unknown protocol header b'\xb5\x02'.
ERROR:pyubx2.ubxreader:Unknown protocol header b'\xb5\x02'.
ERROR:pyubx2.ubxreader:Unknown protocol header b'\xb5\x01'.
ERROR:pyubx2.ubxreader:Unknown protocol header b'$\x05'.
ERROR:pyubx2.ubxreader:Unknown protocol header b'$\x00'.
ERROR:pyubx2.ubxreader:Unknown protocol header b'$\x00'.
ERROR:pyubx2.ubxreader:Unknown protocol header b'$\x00'.
ERROR:pyubx2.ubxreader:Unknown protocol header b'\xb5\x01'.
ERROR:pyubx2.ubxreader:Unknown protocol header b'\xb5\x01'.
ERROR:pyubx2.ubxreader:Unknown protocol header b'$\x87'.
ERROR:pyubx2.ubxreader:Unknown protocol header b'$\x14'.
ERROR:pyubx2.ubxreader:Unknown protocol header b'\xb5\x01'.
ERROR:pyubx2.ubxreader:Unknown protocol header b'\xb5\x01'.
ERROR:pyubx2.ubxreader:Unknown protocol header b'\xb5\x01'.
ERROR:pyubx2.ubxreader:Unknown protocol header b'\xb5\x01'.
ERROR:pyubx2.ubxreader:Unknown protocol header b'\xb5\x01'.
ERROR:pyubx2.ubxreader:Unknown protocol header b'\xb5\x01'.
ERROR:pyubx2.ubxreader:Unknown protocol header b'$\xb4'.
ERROR:pyubx2.ubxreader:Unknown protocol header b'\xb5\x01'.
ERROR:pyubx2.ubxreader:Unknown protocol header b'\xb5\x01'.
ERROR:pyubx2.ubxreader:Unknown protocol header b'\xb5\x01'.
ERROR:pyubx2.ubxreader:Unknown protocol header b'\xb5\x01'.
ERROR:pyubx2.ubxreader:Unknown protocol header b'\xb5\x01'.
ERROR:pyubx2.ubxreader:Unknown protocol header b"\xb5'".
ERROR:pyubx2.ubxreader:Unknown protocol header b'$\x17'.
ERROR:pyubx2.ubxreader:Unknown protocol header b'$\x97'.
ERROR:pyubx2.ubxreader:Unknown protocol header b'$w'.
ERROR:pyubx2.ubxreader:Unknown protocol header b'\xd3D'.
ERROR:pyubx2.ubxreader:Unknown protocol header b'$.'.
ERROR:pyubx2.ubxreader:Unknown protocol header b'$\x17'.
ERROR:pyubx2.ubxreader:Unknown protocol header b'\xb5\n'.
ERROR:pyubx2.ubxreader:Unknown protocol header b'\xb5\n'.
ERROR:pyubx2.ubxreader:Unknown protocol header b'\xb5\r'.
ERROR:pyubx2.ubxreader:Unknown protocol header b'\xb5\n'.
ERROR:pyubx2.ubxreader:Unknown protocol header b'\xb5\n'.
ERROR:pyubx2.ubxreader:Unknown protocol header b'\xb5\n'.
ERROR:pyubx2.ubxreader:Unknown protocol header b'\xb5\n'.
ERROR:pyubx2.ubxreader:Unknown protocol header b'$\x02'.
ERROR:pyubx2.ubxreader:Message checksum b's\xb5' invalid - should be b'\xf2\xd8'
ERROR:pyubx2.ubxreader:Unknown protocol header b"\xb5'".
ERROR:pyubx2.ubxreader:Unknown protocol header b'\xb5\x02'.
ERROR:pyubx2.ubxreader:Unknown protocol header b'\xd3A'.
ERROR:pyubx2.ubxreader:Message checksum b'\xc2\xb5' invalid - should be b'8\xca'
ERROR:pyubx2.ubxreader:Unknown protocol header b'\xb5\x01'.
ERROR:pyubx2.ubxreader:Unknown protocol header b'\xb5\x01'.
ERROR:pyubx2.ubxreader:Unknown protocol header b'\xb5\x90'.
ERROR:pyubx2.ubxreader:Unknown protocol header b'\xb5\xb5'.
ERROR:pyubx2.ubxreader:Unknown protocol header b'\xb5\x00'.
ERROR:pyubx2.ubxreader:Serial stream terminated unexpectedly. 65288 bytes requested, 15784 bytes returned.
ERROR:pyubx2.ubxreader:Unknown protocol header b'\xb5\x01'.
ERROR:pyubx2.ubxreader:Unknown protocol header b'$\x00'.
ERROR:pyubx2.ubxreader:Unknown protocol header b'\xb5\x01'.
ERROR:pyubx2.ubxreader:Unknown protocol header b'\xb5\x01'.
ERROR:pyubx2.ubxreader:Unknown protocol header b'$Q'.
ERROR:pyubx2.ubxreader:Unknown protocol header b'$\t'.
ERROR:pyubx2.ubxreader:Unknown protocol header b'$\x05'.
ERROR:pyubx2.ubxreader:Unknown protocol header b'$5'.
ERROR:pyubx2.ubxreader:Serial stream terminated unexpectedly. 30725 bytes requested, 18918 bytes returned.
ERROR:pyubx2.ubxreader:Unknown protocol header b'\xb5\x00'.
ERROR:pyubx2.ubxreader:Unknown protocol header b'\xb5\n'.
ERROR:pyubx2.ubxreader:Unknown protocol header b'$\x8a'.
ERROR:pyubx2.ubxreader:Unknown protocol header b'\xb5\n'.
ERROR:pyubx2.ubxreader:Unknown protocol header b'\xb5\n'.
ERROR:pyubx2.ubxreader:Unknown protocol header b'\xb5\n'.
ERROR:pyubx2.ubxreader:Unknown protocol header b'\xb5\n'.
ERROR:pyubx2.ubxreader:Unknown protocol header b'\xb5\x02'.
ERROR:pyubx2.ubxreader:Unknown protocol header b'\xb5\x02'.
ERROR:pyubx2.ubxreader:Unknown protocol header b'$\x00'.
ERROR:pyubx2.ubxreader:Unknown protocol header b'\xb5\x02'.
ERROR:pyubx2.ubxreader:Unknown protocol header b'\xb5\xbf'.
ERROR:pyubx2.ubxreader:Unknown protocol header b'\xd3\xff'.
ERROR:pyubx2.ubxreader:Unknown protocol header b'\xb5\xf3'.
ERROR:pyubx2.ubxreader:Unknown protocol header b'\xd3\x19'.
ERROR:pyubx2.ubxreader:Unknown protocol header b'$O'.
ERROR:pyubx2.ubxreader:Unknown protocol header b'\xb5j'.
ERROR:pyubx2.ubxreader:Unknown protocol header b'\xb5u'.
ERROR:pyubx2.ubxreader:Unknown protocol header b'\xb5\x82'.
ERROR:pyubx2.ubxreader:Unknown protocol header b'$\x03'.
ERROR:pyubx2.ubxreader:Unknown protocol header b'\xb5\x01'.
ERROR:pyubx2.ubxreader:Unknown protocol header b'\xb5\x13'.
ERROR:pyubx2.ubxreader:Unknown protocol header b'$\r'.
ERROR:pyubx2.ubxreader:Unknown protocol header b'\xb5\x02'.
ERROR:pyubx2.ubxreader:Unknown protocol header b'$\x00'.
ERROR:pyubx2.ubxreader:Unknown protocol header b'\xb5\x01'.
ERROR:pyubx2.ubxreader:Unknown protocol header b'\xb5\x01'.
ERROR:pyubx2.ubxreader:Unknown protocol header b'$Q'.
ERROR:pyubx2.ubxreader:Unknown protocol header b'\xb5\x01'.
ERROR:pyubx2.ubxreader:Unknown protocol header b'$$'.
ERROR:pyubx2.ubxreader:Unknown protocol header b'\xb5\x01'.
ERROR:pyubx2.ubxreader:Unknown protocol header b'$\x05'.
ERROR:pyubx2.ubxreader:Unknown protocol header b'\xb5\x01'.
ERROR:pyubx2.ubxreader:Unknown protocol header b'$\x00'.
ERROR:pyubx2.ubxreader:Unknown protocol header b'\xb5\x01'.
ERROR:pyubx2.ubxreader:Unknown protocol header b'\xb5\xb5'.
ERROR:pyubx2.ubxreader:Unknown protocol header b'\xb5\xb5'.
ERROR:pyubx2.ubxreader:Unknown protocol header b'\xb5\x00'.
ERROR:pyubx2.ubxreader:Unknown protocol header b"\xb5'".
ERROR:pyubx2.ubxreader:Unknown protocol header b"\xb5'".
ERROR:pyubx2.ubxreader:Unknown protocol header b'$\x00'.
ERROR:pyubx2.ubxreader:Unknown protocol header b'$\xc9'.
ERROR:pyubx2.ubxreader:Unknown protocol header b'$\xa1'.
ERROR:pyubx2.ubxreader:Unknown protocol header b'\xb5\x02'.
ERROR:pyubx2.ubxreader:Unknown protocol header b'\xb5\x02'.
ERROR:pyubx2.ubxreader:Unknown protocol header b'\xb5\x89'.
ERROR:pyubx2.ubxreader:Unknown protocol header b'\xb5\x01'.
ERROR:pyubx2.ubxreader:Unknown protocol header b'\xb5\x01'.
ERROR:pyubx2.ubxreader:Unknown protocol header b'\xb5\x01'.
ERROR:pyubx2.ubxreader:Unknown protocol header b'\xb5\x01'.
ERROR:pyubx2.ubxreader:Unknown protocol header b"\xb5'".
ERROR:pyubx2.ubxreader:Unknown protocol header b'$.'.
ERROR:pyubx2.ubxreader:Unknown protocol header b'$\xf7'.
ERROR:pyubx2.ubxreader:Unknown protocol header b'$\x17'.
ERROR:pyubx2.ubxreader:Unknown protocol header b'$j'.
ERROR:pyubx2.ubxreader:Unknown protocol header b'\xd3D'.
ERROR:pyubx2.ubxreader:Message checksum b'\x00\x00' invalid - should be b'\x1fd'
ERROR:pyubx2.ubxreader:Unknown protocol header b'\xb5\n'.
ERROR:pyubx2.ubxreader:Unknown protocol header b'\xb5\n'.
ERROR:pyubx2.ubxreader:Unknown protocol header b'$\x1d'.
ERROR:pyubx2.ubxreader:Unknown protocol header b'\xd3\xff'.
ERROR:pyubx2.ubxreader:Unknown protocol header b"\xb5'".
ERROR:pyubx2.ubxreader:Unknown protocol header b'\xb5\x9c'.
ERROR:pyubx2.ubxreader:Unknown protocol header b'$3'.
ERROR:pyubx2.ubxreader:Unknown protocol header b'\xd33'.
ERROR:pyubx2.ubxreader:Unknown protocol header b'\xb5\x89'.
ERROR:pyubx2.ubxreader:Unknown protocol header b'\xb5\x02'.
ERROR:pyubx2.ubxreader:Unknown protocol header b'\xd3\xa5'.
ERROR:pyubx2.ubxreader:Unknown protocol header b'\xb5\x02'.
ERROR:pyubx2.ubxreader:Unknown protocol header b'\xb5\x02'.
ERROR:pyubx2.ubxreader:Unknown protocol header b'\xb5\x02'.
ERROR:pyubx2.ubxreader:Unknown protocol header b'\xb5\x02'.
ERROR:pyubx2.ubxreader:Unknown protocol header b'\xb5\x02'.
ERROR:pyubx2.ubxreader:Unknown protocol header b'$\n'.
ERROR:pyubx2.ubxreader:Unknown protocol header b'\xb5\x02'.
ERROR:pyubx2.ubxreader:Unknown protocol header b'\xb5\x02'.
ERROR:pyubx2.ubxreader:Unknown protocol header b'\xb5\x02'.
ERROR:pyubx2.ubxreader:Unknown protocol header b'\xb5\x02'.
ERROR:pyubx2.ubxreader:Unknown protocol header b'\xb5\x02'.
ERROR:pyubx2.ubxreader:Unknown protocol header b'\xb5\x02'.
ERROR:pyubx2.ubxreader:Unknown protocol header b'\xb5\x02'.
ERROR:pyubx2.ubxreader:Unknown protocol header b'\xb5\x02'.
ERROR:pyubx2.ubxreader:Unknown protocol header b'\xb5\x02'.
ERROR:pyubx2.ubxreader:Unknown protocol header b'\xb5\x02'.
ERROR:pyubx2.ubxreader:Unknown protocol header b'\xb5\x02'.
ERROR:pyubx2.ubxreader:Unknown protocol header b'\xb5\x02'.
ERROR:pyubx2.ubxreader:Unknown protocol header b'\xb5\x01'.
ERROR:pyubx2.ubxreader:Unknown protocol header b'\xb5\x01'.
ERROR:pyubx2.ubxreader:Unknown protocol header b'$\x00'.
ERROR:pyubx2.ubxreader:Unknown protocol header b'$Q'.
ERROR:pyubx2.ubxreader:Unknown protocol header b'$\x00'.
ERROR:pyubx2.ubxreader:Unknown protocol header b'\xb5\x02'.
ERROR:pyubx2.ubxreader:Unknown protocol header b'\xd3_'.
ERROR:pyubx2.ubxreader:Unknown protocol header b'$\x05'.
ERROR:pyubx2.ubxreader:Unknown protocol header b'\xb5\x01'.
ERROR:pyubx2.ubxreader:Unknown protocol header b'\xd3/'.
ERROR:pyubx2.ubxreader:Unknown protocol header b'$\x00'.
ERROR:pyubx2.ubxreader:Message checksum b'\xc9\xb5' invalid - should be b'\x8c$'
ERROR:pyubx2.ubxreader:Unknown protocol header b'$\x14'.
ERROR:pyubx2.ubxreader:Unknown protocol header b'\xb5\x01'.
ERROR:pyubx2.ubxreader:Unknown protocol header b'\xb5\x01'.
ERROR:pyubx2.ubxreader:Unknown protocol header b'\xb5\x01'.
ERROR:pyubx2.ubxreader:Unknown protocol header b'\xb5\x01'.
ERROR:pyubx2.ubxreader:Unknown protocol header b'\xb5\x01'.
ERROR:pyubx2.ubxreader:Unknown protocol header b'\xb5\x01'.
ERROR:pyubx2.ubxreader:Unknown protocol header b'\xb5\x01'.
ERROR:pyubx2.ubxreader:Unknown protocol header b'\xb5\x01'.
ERROR:pyubx2.ubxreader:Unknown protocol header b'\xb5\x01'.
ERROR:pyubx2.ubxreader:Unknown protocol header b'\xd3q'.
ERROR:pyubx2.ubxreader:Unknown protocol header b'$\x17'.
ERROR:pyubx2.ubxreader:Unknown protocol header b'$\x97'.
ERROR:pyubx2.ubxreader:Unknown protocol header b'$\x17'.
ERROR:pyubx2.ubxreader:Unknown protocol header b'\xb5\x02'.
ERROR:pyubx2.ubxreader:Unknown protocol header b'\xb5\xcb'.
ERROR:pyubx2.ubxreader:Unknown protocol header b'\xb5\x02'.
ERROR:pyubx2.ubxreader:Unknown protocol header b'\xb5\n'.
ERROR:pyubx2.ubxreader:Unknown protocol header b'\xb5\n'.
ERROR:pyubx2.ubxreader:Unknown protocol header b'\xb5\n'.
ERROR:pyubx2.ubxreader:Unknown protocol header b'$\x02'.
ERROR:pyubx2.ubxreader:Unknown protocol header b'$\x9e'.
ERROR:pyubx2.ubxreader:Unknown protocol header b'\xd3\xff'.
ERROR:pyubx2.ubxreader:Unknown protocol header b"\xb5'".
ERROR:pyubx2.ubxreader:Unknown protocol header b'\xb53'.
ERROR:pyubx2.ubxreader:Message checksum b'\xebb' invalid - should be b'+\xf7'
ERROR:pyubx2.ubxreader:Unknown protocol header b'\xb5\x01'.
ERROR:pyubx2.ubxreader:Unknown protocol header b'\xb5\x01'.
ERROR:pyubx2.ubxreader:Unknown protocol header b'\xb5\x01'.
ERROR:pyubx2.ubxreader:Unknown protocol header b'$\x00'.
ERROR:pyubx2.ubxreader:Unknown protocol header b'$\x05'.
ERROR:pyubx2.ubxreader:Unknown protocol header b'$\x00'.
ERROR:pyubx2.ubxreader:Unknown protocol header b'\xd3/'.
ERROR:pyubx2.ubxreader:Unknown protocol header b'\xb5\x01'.
ERROR:pyubx2.ubxreader:Message checksum b'%\xb5' invalid - should be b'l\xe0'
ERROR:pyubx2.ubxreader:Unknown protocol header b'\xb5\xfe'.
ERROR:pyubx2.ubxreader:Unknown protocol header b'\xd3\xb5'.
ERROR:pyubx2.ubxreader:Unknown protocol header b'\xb5\x01'.
ERROR:pyubx2.ubxreader:Unknown protocol header b'\xb5\x01'.
ERROR:pyubx2.ubxreader:Unknown protocol header b'\xb5\x01'.
ERROR:pyubx2.ubxreader:Unknown protocol header b'\xb5\x01'.
ERROR:pyubx2.ubxreader:Unknown protocol header b'\xb5\x01'.
ERROR:pyubx2.ubxreader:Unknown protocol header b'\xb5\x01'.
ERROR:pyubx2.ubxreader:Unknown protocol header b'\xb5\x01'.
ERROR:pyubx2.ubxreader:Unknown protocol header b'\xb5\x01'.
ERROR:pyubx2.ubxreader:Unknown protocol header b'\xb5\x01'.
ERROR:pyubx2.ubxreader:Unknown protocol header b'\xb5\x01'.
ERROR:pyubx2.ubxreader:Unknown protocol header b'\xb5\x01'.
ERROR:pyubx2.ubxreader:Unknown protocol header b'\xb5\x01'.
ERROR:pyubx2.ubxreader:Unknown protocol header b'\xb5\x01'.
ERROR:pyubx2.ubxreader:Unknown protocol header b"\xb5'".
ERROR:pyubx2.ubxreader:Unknown protocol header b'$.'.
ERROR:pyubx2.ubxreader:Unknown protocol header b'$\x97'.
device reports readiness to read but returned no data (device disconnected or multiple access on port?)
Error in get ublox data thread: device reports readiness to read but returned no data (device disconnected or multiple access on port?)
Error in get ublox data thread: device reports readiness to read but returned no data (device disconnected or multiple access on port?)
Error in get ublox data thread: device reports readiness to read but returned no data (device disconnected or multiple access on port?)
Error in get ublox data thread: device reports readiness to read but returned no data (device disconnected or multiple access on port?)
Error in get ublox data thread: device reports readiness to read but returned no data (device disconnected or multiple access on port?)
Error in get ublox data thread: device reports readiness to read but returned no data (device disconnected or multiple access on port?)
Error in get ublox data thread: device reports readiness to read but returned no data (device disconnected or multiple access on port?)
Error in get ublox data thread: device reports readiness to read but returned no data (device disconnected or multiple access on port?)
Error in get ublox data thread: device reports readiness to read but returned no data (device disconnected or multiple access on port?)
Error in get ublox data thread: device reports readiness to read but returned no data (device disconnected or multiple access on port?)
Error in get ublox data thread: device reports readiness to read but returned no data (device disconnected or multiple access on port?)
Error in get ublox data thread: device reports readiness to read but returned no data (device disconnected or multiple access on port?)
Error in get ublox data thread: device reports readiness to read but returned no data (device disconnected or multiple access on port?)
Error in get ublox data thread: device reports readiness to read but returned no data (device disconnected or multiple access on port?)
Error in get ublox data thread: device reports readiness to read but returned no data (device disconnected or multiple access on port?)
Error in get ublox data thread: device reports readiness to read but returned no data (device disconnected or multiple access on port?)
Error in get ublox data thread: device reports readiness to read but returned no data (device disconnected or multiple access on port?)
Error in get ublox data thread: device reports readiness to read but returned no data (device disconnected or multiple access on port?)
Error in get ublox data thread: device reports readiness to read but returned no data (device disconnected or multiple access on port?)
Error in get ublox data thread: device reports readiness to read but returned no data (device disconnected or multiple access on port?)
Error in get ublox data thread: device reports readiness to read but returned no data (device disconnected or multiple access on port?)
Error in get ublox data thread: device reports readiness to read but returned no data (device disconnected or multiple access on port?)
Error in get ublox data thread: device reports readiness to read but returned no data (device disconnected or multiple access on port?)
Error in get ublox data thread: device reports readiness to read but returned no data (device disconnected or multiple access on port?)
Error in get ublox data thread: device reports readiness to read but returned no data (device disconnected or multiple access on port?)
Error in get ublox data thread: device reports readiness to read but returned no data (device disconnected or multiple access on port?)
Error in get ublox data thread: device reports readiness to read but returned no data (device disconnected or multiple access on port?)
Error in get ublox data thread: device reports readiness to read but returned no data (device disconnected or multiple access on port?)
Error in get ublox data thread: device reports readiness to read but returned no data (device disconnected or multiple access on port?)
Error in get ublox data thread: device reports readiness to read but returned no data (device disconnected or multiple access on port?)
Error in get ublox data thread: device reports readiness to read but returned no data (device disconnected or multiple access on port?)
Error in get ublox data thread: device reports readiness to read but returned no data (device disconnected or multiple access on port?)
Error in get ublox data thread: device reports readiness to read but returned no data (device disconnected or multiple access on port?)
Error in get ublox data thread: device reports readiness to read but returned no data (device disconnected or multiple access on port?)
Error in get ublox data thread: device reports readiness to read but returned no data (device disconnected or multiple access on port?)
Error in get ublox data thread: device reports readiness to read but returned no data (device disconnected or multiple access on port?)
Error in get ublox data thread: device reports readiness to read but returned no data (device disconnected or multiple access on port?)
Error in get ublox data thread: device reports readiness to read but returned no data (device disconnected or multiple access on port?)
Error in get ublox data thread: device reports readiness to read but returned no data (device disconnected or multiple access on port?)
Error in get ublox data thread: device reports readiness to read but returned no data (device disconnected or multiple access on port?)
Error in get ublox data thread: device reports readiness to read but returned no data (device disconnected or multiple access on port?)
Error in get ublox data thread: device reports readiness to read but returned no data (device disconnected or multiple access on port?)
Error in get ublox data thread: device reports readiness to read but returned no data (device disconnected or multiple access on port?)
Error in get ublox data thread: device reports readiness to read but returned no data (device disconnected or multiple access on port?)
Error in get ublox data thread: device reports readiness to read but returned no data (device disconnected or multiple access on port?)
Error in get ublox data thread: device reports readiness to read but returned no data (device disconnected or multiple access on port?)
Error in get ublox data thread: device reports readiness to read but returned no data (device disconnected or multiple access on port?)
Error in get ublox data thread: device reports readiness to read but returned no data (device disconnected or multiple access on port?)
Error in get ublox data thread: device reports readiness to read but returned no data (device disconnected or multiple access on port?)
Error in get ublox data thread: device reports readiness to read but returned no data (device disconnected or multiple access on port?)
Error in get ublox data thread: device reports readiness to read but returned no data (device disconnected or multiple access on port?)
Error in get ublox data thread: device reports readiness to read but returned no data (device disconnected or multiple access on port?)
Error in get ublox data thread: device reports readiness to read but returned no data (device disconnected or multiple access on port?)
Error in get ublox data thread: device reports readiness to read but returned no data (device disconnected or multiple access on port?)
Error in get ublox data thread: device reports readiness to read but returned no data (device disconnected or multiple access on port?)
Error in get ublox data thread: device reports readiness to read but returned no data (device disconnected or multiple access on port?)
Error in get ublox data thread: device reports readiness to read but returned no data (device disconnected or multiple access on port?)
Error in get ublox data thread: device reports readiness to read but returned no data (device disconnected or multiple access on port?)
Error in get ublox data thread: device reports readiness to read but returned no data (device disconnected or multiple access on port?)
Error in get ublox data thread: ERROR:pyubx2.ubxreader:Unknown protocol header b"\xb5'".
ERROR:pyubx2.ubxreader:Unknown protocol header b'$\x98'.
ERROR:pyubx2.ubxreader:Unknown protocol header b'\xb5\xb5'.
ERROR:pyubx2.ubxreader:Unknown protocol header b'\xb5\x02'.
ERROR:pyubx2.ubxreader:Unknown protocol header b'\xb5\x02'.
ERROR:pyubx2.ubxreader:Unknown protocol header b'\xb5\x02'.
ERROR:pyubx2.ubxreader:Unknown protocol header b'\xb5\x02'.
ERROR:pyubx2.ubxreader:Unknown protocol header b'\xb5\x01'.
ERROR:pyubx2.ubxreader:Unknown protocol header b'\xb5\x01'.
ERROR:pyubx2.ubxreader:Unknown protocol header b'\xb5\x01'.
ERROR:pyubx2.ubxreader:Unknown protocol header b'\xb5\x01'.
ERROR:pyubx2.ubxreader:Unknown protocol header b'$\x00'.
ERROR:pyubx2.ubxreader:Unknown protocol header b'$Q'.
ERROR:pyubx2.ubxreader:Unknown protocol header b'$\x00'.
ERROR:pyubx2.ubxreader:Unknown protocol header b'\xb5\x01'.
ERROR:pyubx2.ubxreader:Unknown protocol header b'$\x00'.
ERROR:pyubx2.ubxreader:Unknown protocol header b'\xb5\x01'.
ERROR:pyubx2.ubxreader:Message checksum b':\x07' invalid - should be b'8\xcc'
ERROR:pyubx2.ubxreader:Unknown protocol header b'\xb5\x01'.
ERROR:pyubx2.ubxreader:Unknown protocol header b'\xb5\x01'.
ERROR:pyubx2.ubxreader:Unknown protocol header b'\xb5\x01'.
ERROR:pyubx2.ubxreader:Unknown protocol header b'\xb5\x01'.
ERROR:pyubx2.ubxreader:Unknown protocol header b'\xb5\x01'.
ERROR:pyubx2.ubxreader:Unknown protocol header b'\xb5\x01'.
ERROR:pyubx2.ubxreader:Unknown protocol header b'\xb5\x01'.
ERROR:pyubx2.ubxreader:Unknown protocol header b'\xb5\x01'.
ERROR:pyubx2.ubxreader:Unknown protocol header b'\xb5\x01'.
ERROR:pyubx2.ubxreader:Unknown protocol header b"\xb5'".
ERROR:pyubx2.ubxreader:Unknown protocol header b'$u'.
ERROR:pyubx2.ubxreader:Unknown protocol header b'$\x17'.
ERROR:pyubx2.ubxreader:Unknown protocol header b'$\x97'.
ERROR:pyubx2.ubxreader:Unknown protocol header b'\xb5\n'.
ERROR:pyubx2.ubxreader:Unknown protocol header b'\xb5\n'.
ERROR:pyubx2.ubxreader:Unknown protocol header b'\xb5\n'.
ERROR:pyubx2.ubxreader:Unknown protocol header b'\xb5\n'.
ERROR:pyubx2.ubxreader:Unknown protocol header b'\xb5\n'.
ERROR:pyubx2.ubxreader:Unknown protocol header b'\xb5\n'.
ERROR:pyubx2.ubxreader:Unknown protocol header b'$\x02'.
ERROR:pyubx2.ubxreader:Message checksum b'\x93\xb5' invalid - should be b'Io'
ERROR:pyubx2.ubxreader:Unknown protocol header b'\xb50'.
ERROR:pyubx2.ubxreader:Unknown protocol header b'\xb5\x02'.
ERROR:pyubx2.ubxreader:Unknown protocol header b'\xb5\x02'.
INFO:werkzeug:192.168.5.70 - - [14/Apr/2025 09:41:02] "GET / HTTP/1.1" 200 -
ERROR:pyubx2.ubxreader:Unknown protocol header b'\xb5\x02'.
ERROR:pyubx2.ubxreader:Unknown protocol header b'\xb5\xd7'.
ERROR:pyubx2.ubxreader:Unknown protocol header b'\xd3\xff'.
ERROR:pyubx2.ubxreader:Unknown protocol header b"\xb5'".
ERROR:pyubx2.ubxreader:Unknown protocol header b"\xb5'".
ERROR:pyubx2.ubxreader:Unknown protocol header b'$\x99'.
ERROR:pyubx2.ubxreader:Unknown protocol header b'$\xfc'.
ERROR:pyubx2.ubxreader:Unknown protocol header b'$\x98'.
ERROR:pyubx2.ubxreader:Unknown protocol header b'$\xde'.
ERROR:pyubx2.ubxreader:Unknown protocol header b'\xd3+'.
ERROR:pyubx2.ubxreader:Unknown protocol header b'\xb5\xa6'.
ERROR:pyubx2.ubxreader:Unknown protocol header b'\xb5\xc5'.
ERROR:pyubx2.ubxreader:Unknown protocol header b'$\xde'.
ERROR:pyubx2.ubxreader:Unknown protocol header b'\xd3\xc4'.
ERROR:pyubx2.ubxreader:Unknown protocol header b'\xd3\xa0'.
ERROR:pyubx2.ubxreader:Unknown protocol header b'$\x03'.
ERROR:pyubx2.ubxreader:Unknown protocol header b'$\t'.
ERROR:pyubx2.ubxreader:Unknown protocol header b'$\x05'.
ERROR:pyubx2.ubxreader:Unknown protocol header b'$\x00'.
ERROR:pyubx2.ubxreader:Unknown protocol header b'$\x00'.
ERROR:pyubx2.ubxreader:Unknown protocol header b'\xb5\x00'.
ERROR:pyubx2.ubxreader:Unknown protocol header b'\xb5\n'.
ERROR:pyubx2.ubxreader:Unknown protocol header b'\xb5\n'.
ERROR:pyubx2.ubxreader:Unknown protocol header b"$'".
ERROR:pyubx2.ubxreader:Unknown protocol header b'\xb5\xff'.
ERROR:pyubx2.ubxreader:Unknown protocol header b'$\xff'.
ERROR:pyubx2.ubxreader:Unknown protocol header b"\xb5'".
ERROR:pyubx2.ubxreader:Unknown protocol header b'\xd3\xf0'.
ERROR:pyubx2.ubxreader:Unknown protocol header b'$\x03'.
ERROR:pyubx2.ubxreader:Unknown protocol header b'$\xc2'.
ERROR:pyubx2.ubxreader:Unknown protocol header b'\xb5n'.
ERROR:pyubx2.ubxreader:Unknown protocol header b'$\x00'.
ERROR:pyubx2.ubxreader:Unknown protocol header b'\xd3\xbf'.
ERROR:pyubx2.ubxreader:Unknown protocol header b'\xd3%'.
ERROR:pyubx2.ubxreader:Unknown protocol header b'$\xca'.
ERROR:pyubx2.ubxreader:Unknown protocol header b'\xb5\x02'.
ERROR:pyubx2.ubxreader:Unknown protocol header b'\xb5\x13'.
ERROR:pyubx2.ubxreader:Unknown protocol header b'\xd3b'.
ERROR:pyubx2.ubxreader:Unknown protocol header b'$\x00'.
ERROR:pyubx2.ubxreader:Unknown protocol header b'\xb5\x02'.
ERROR:pyubx2.ubxreader:Unknown protocol header b'\xb5\x02'.
ERROR:pyubx2.ubxreader:Unknown protocol header b'\xb5\x02'.
ERROR:pyubx2.ubxreader:Message checksum b'\x00\xb2' invalid - should be b'\xef\xa6'
ERROR:pyubx2.ubxreader:Unknown protocol header b'\xd3d'.
ERROR:pyubx2.ubxreader:Unknown protocol header b'$\xed'.
ERROR:pyubx2.ubxreader:Unknown protocol header b'$\xc4'.
ERROR:pyubx2.ubxreader:Unknown protocol header b'$\xc3'.
ERROR:pyubx2.ubxreader:Unknown protocol header b'\xb5\x02'.
ERROR:pyubx2.ubxreader:Unknown protocol header b'$\x00'.
ERROR:pyubx2.ubxreader:Unknown protocol header b'\xb5\x02'.
ERROR:pyubx2.ubxreader:Unknown protocol header b'$\x00'.
ERROR:pyubx2.ubxreader:Unknown protocol header b'\xb5\x02'.
ERROR:pyubx2.ubxreader:Unknown protocol header b'\xb5\x01'.
ERROR:pyubx2.ubxreader:Unknown protocol header b'\xb5\x01'.
ERROR:pyubx2.ubxreader:Unknown protocol header b'\xb5\x00'.
ERROR:pyubx2.ubxreader:Unknown protocol header b'$\x00'.
ERROR:pyubx2.ubxreader:Unknown protocol header b'\xb5\x01'.
ERROR:pyubx2.ubxreader:Unknown protocol header b'$\x00'.
ERROR:pyubx2.ubxreader:Unknown protocol header b'\xb5\x01'.
ERROR:pyubx2.ubxreader:Unknown protocol header b'$\x05'.
ERROR:pyubx2.ubxreader:Unknown protocol header b'$\x1f'.
ERROR:pyubx2.ubxreader:Unknown protocol header b'$\xd1'.
ERROR:pyubx2.ubxreader:Unknown protocol header b'$\x07'.
ERROR:pyubx2.ubxreader:Unknown protocol header b'$\x00'.
ERROR:pyubx2.ubxreader:Unknown protocol header b'\xb5\x01'.
ERROR:pyubx2.ubxreader:Unknown protocol header b'\xb5\x01'.
ERROR:pyubx2.ubxreader:Unknown protocol header b'\xb5\x01'.
ERROR:pyubx2.ubxreader:Unknown protocol header b'\xb5\x01'.
ERROR:pyubx2.ubxreader:Unknown protocol header b'\xb5\x01'.
ERROR:pyubx2.ubxreader:Unknown protocol header b'\xb5\x01'.
ERROR:pyubx2.ubxreader:Unknown protocol header b'\xb5\x01'.
ERROR:pyubx2.ubxreader:Unknown protocol header b'\xb5\x01'.
ERROR:pyubx2.ubxreader:Unknown protocol header b'\xb5\x01'.
ERROR:pyubx2.ubxreader:Unknown protocol header b'\xb5\x01'.
ERROR:pyubx2.ubxreader:Unknown protocol header b'\xb5\x01'.
ERROR:pyubx2.ubxreader:Unknown protocol header b'\xb5\x01'.
ERROR:pyubx2.ubxreader:Unknown protocol header b'\xb5\x01'.
ERROR:pyubx2.ubxreader:Unknown protocol header b'\xb5\x01'.
ERROR:pyubx2.ubxreader:Unknown protocol header b'\xb5\x01'.
ERROR:pyubx2.ubxreader:Unknown protocol header b'\xb5\x01'.
ERROR:pyubx2.ubxreader:Unknown protocol header b'\xb5\x01'.
ERROR:pyubx2.ubxreader:Unknown protocol header b'\xb5\x01'.
ERROR:pyubx2.ubxreader:Unknown protocol header b"\xb5'".
ERROR:pyubx2.ubxreader:Unknown protocol header b'$\xd7'.
ERROR:pyubx2.ubxreader:Unknown protocol header b'\xd3D'.
ERROR:pyubx2.ubxreader:Unknown protocol header b'\xd3\x11'.
ERROR:pyubx2.ubxreader:Unknown protocol header b'$\xf7'.
ERROR:pyubx2.ubxreader:Unknown protocol header b'\xd3D'.
ERROR:pyubx2.ubxreader:Unknown protocol header b'$\x17'.
ERROR:pyubx2.ubxreader:Unknown protocol header b'$7'.
ERROR:pyubx2.ubxreader:Unknown protocol header b'\xd3q'.
ERROR:pyubx2.ubxreader:Unknown protocol header b'$d'.
ERROR:pyubx2.ubxreader:Unknown protocol header b'\xd3q'.
ERROR:pyubx2.ubxreader:Unknown protocol header b'\xb5\r'.
ERROR:pyubx2.ubxreader:Unknown protocol header b'\xb5\x12'.
ERROR:pyubx2.ubxreader:Unknown protocol header b'\xb5\x02'.
ERROR:pyubx2.ubxreader:Unknown protocol header b'\xb5\n'.
ERROR:pyubx2.ubxreader:Unknown protocol header b'$$'.
ERROR:pyubx2.ubxreader:Unknown protocol header b'\xb5\xff'.
ERROR:pyubx2.ubxreader:Unknown protocol header b'$\x00'.
ERROR:pyubx2.ubxreader:Unknown protocol header b'$\xec'.
ERROR:pyubx2.ubxreader:Unknown protocol header b'\xb5\x01'.
ERROR:pyubx2.ubxreader:Unknown protocol header b'\xb5\x01'.
ERROR:pyubx2.ubxreader:Unknown protocol header b'\xb5\x01'.
ERROR:pyubx2.ubxreader:Unknown protocol header b'$\x00'.
ERROR:pyubx2.ubxreader:Unknown protocol header b'$Q'.
ERROR:pyubx2.ubxreader:Unknown protocol header b'$\x00'.
ERROR:pyubx2.ubxreader:Unknown protocol header b'$\x00'.
ERROR:pyubx2.ubxreader:Unknown protocol header b'$\x05'.
ERROR:pyubx2.ubxreader:Unknown protocol header b'$\x00'.
ERROR:pyubx2.ubxreader:Unknown protocol header b'\xb5\x01'.
ERROR:pyubx2.ubxreader:Unknown protocol header b'$\xbe'.
ERROR:pyubx2.ubxreader:Unknown protocol header b'$\x00'.
ERROR:pyubx2.ubxreader:Unknown protocol header b'\xb5\x01'.
ERROR:pyubx2.ubxreader:Unknown protocol header b'$X'.
ERROR:pyubx2.ubxreader:Unknown protocol header b'$\x00'.
ERROR:pyubx2.ubxreader:Unknown protocol header b'$\x1f'.
ERROR:pyubx2.ubxreader:Unknown protocol header b'\xb5\x01'.
ERROR:pyubx2.ubxreader:Unknown protocol header b'$\x00'.
ERROR:pyubx2.ubxreader:Unknown protocol header b'$\x00'.
ERROR:pyubx2.ubxreader:Unknown protocol header b'\xb5\x01'.
ERROR:pyubx2.ubxreader:Unknown protocol header b'\xb5\x01'.
ERROR:pyubx2.ubxreader:Unknown protocol header b'\xb5\x01'.
ERROR:pyubx2.ubxreader:Unknown protocol header b'\xb5\x01'.
ERROR:pyubx2.ubxreader:Unknown protocol header b'\xb5\x00'.
ERROR:pyubx2.ubxreader:Unknown protocol header b'\xb5\x01'.
ERROR:pyubx2.ubxreader:Unknown protocol header b'\xb5\x01'.
ERROR:pyubx2.ubxreader:Unknown protocol header b'\xb5\x01'.
ERROR:pyubx2.ubxreader:Unknown protocol header b'\xb5\x01'.
ERROR:pyubx2.ubxreader:Unknown protocol header b'\xb5\x01'.
ERROR:pyubx2.ubxreader:Unknown protocol header b'$\xd7'.
ERROR:pyubx2.ubxreader:Unknown protocol header b'$\xf7'.
ERROR:pyubx2.ubxreader:Unknown protocol header b'$7'.
ERROR:pyubx2.ubxreader:Unknown protocol header b'${'.
ERROR:pyubx2.ubxreader:Unknown protocol header b'\xd3q'.
ERROR:pyubx2.ubxreader:Unknown protocol header b'$\xf7'.
ERROR:pyubx2.ubxreader:Unknown protocol header b'$.'.
ERROR:pyubx2.ubxreader:Unknown protocol header b'$.'.
ERROR:pyubx2.ubxreader:Unknown protocol header b'\xb5\r'.
ERROR:pyubx2.ubxreader:Unknown protocol header b'\xb5\x02'.
ERROR:pyubx2.ubxreader:Unknown protocol header b'\xb5\x02'.
ERROR:pyubx2.ubxreader:Unknown protocol header b'\xb5\x02'.
ERROR:pyubx2.ubxreader:Unknown protocol header b'\xb5\x02'.
ERROR:pyubx2.ubxreader:Unknown protocol header b'\xb5\x02'.
ERROR:pyubx2.ubxreader:Unknown protocol header b'$\x01'.
ERROR:pyubx2.ubxreader:Unknown protocol header b'$6'.
ERROR:pyubx2.ubxreader:Message checksum b'_\xa6' invalid - should be b'\x16Y'
ERROR:pyubx2.ubxreader:Unknown protocol header b'\xd3\x82'.
ERROR:pyubx2.ubxreader:Unknown protocol header b'\xb5\\'.
ERROR:pyubx2.ubxreader:Unknown protocol header b'\xd3\xd7'.
ERROR:pyubx2.ubxreader:Unknown protocol header b'$\x00'.
ERROR:pyubx2.ubxreader:Unknown protocol header b'$\x04'.
ERROR:pyubx2.ubxreader:Unknown protocol header b'\xb53'.
ERROR:pyubx2.ubxreader:Unknown protocol header b'$\xa6'.
ERROR:pyubx2.ubxreader:Unknown protocol header b'$\x03'.
ERROR:pyubx2.ubxreader:Unknown protocol header b'\xd3\x8e'.
ERROR:pyubx2.ubxreader:Message checksum b'\x05\x00' invalid - should be b'C\xdc'
ERROR:pyubx2.ubxreader:Message checksum b'\r\x00' invalid - should be b'C\xdc'
ERROR:pyubx2.ubxreader:Message checksum b'\x14\x00' invalid - should be b'C\xdc'
ERROR:pyubx2.ubxreader:Unknown protocol header b'\xb5\n'.
ERROR:pyubx2.ubxreader:Unknown protocol header b'\xb5\x01'.
ERROR:pyubx2.ubxreader:Unknown protocol header b'$\x00'.
ERROR:pyubx2.ubxreader:Unknown protocol header b'\xb5\x01'.
ERROR:pyubx2.ubxreader:Unknown protocol header b'$Q'.
ERROR:pyubx2.ubxreader:Unknown protocol header b'$Q'.
ERROR:pyubx2.ubxreader:Unknown protocol header b'\xb5\x01'.
ERROR:pyubx2.ubxreader:Unknown protocol header b'$\x00'.
ERROR:pyubx2.ubxreader:Unknown protocol header b'\xb5\x01'.
ERROR:pyubx2.ubxreader:Unknown protocol header b'$X'.
ERROR:pyubx2.ubxreader:Unknown protocol header b'$\x1f'.
ERROR:pyubx2.ubxreader:Unknown protocol header b'$\xd1'.
ERROR:pyubx2.ubxreader:Unknown protocol header b'\xb5\x01'.
ERROR:pyubx2.ubxreader:Unknown protocol header b'$\x00'.
ERROR:pyubx2.ubxreader:Unknown protocol header b'$\x14'.
ERROR:pyubx2.ubxreader:Unknown protocol header b'\xb5\x01'.
ERROR:pyubx2.ubxreader:Unknown protocol header b'\xb5\x01'.
ERROR:pyubx2.ubxreader:Unknown protocol header b'\xb5\x01'.
ERROR:pyubx2.ubxreader:Unknown protocol header b'\xb5\x01'.
ERROR:pyubx2.ubxreader:Unknown protocol header b'\xb5\x01'.
ERROR:pyubx2.ubxreader:Unknown protocol header b'\xb5\x01'.
ERROR:pyubx2.ubxreader:Unknown protocol header b'\xb5\x01'.
ERROR:pyubx2.ubxreader:Unknown protocol header b"\xb5'".
ERROR:pyubx2.ubxreader:Unknown protocol header b'$\xd7'.
ERROR:pyubx2.ubxreader:Unknown protocol header b'\xd3D'.
ERROR:pyubx2.ubxreader:Unknown protocol header b'$.'.
ERROR:pyubx2.ubxreader:Unknown protocol header b'\xd3q'.
ERROR:pyubx2.ubxreader:Unknown protocol header b'$\xf7'.
ERROR:pyubx2.ubxreader:Unknown protocol header b'$\x17'.
ERROR:pyubx2.ubxreader:Unknown protocol header b'$7'.
ERROR:pyubx2.ubxreader:Unknown protocol header b'$.'.
ERROR:pyubx2.ubxreader:Unknown protocol header b'\xd3q'.
ERROR:pyubx2.ubxreader:Unknown protocol header b'$\x17'.
ERROR:pyubx2.ubxreader:Unknown protocol header b'$d'.
ERROR:pyubx2.ubxreader:Unknown protocol header b'$\x17'.
ERROR:pyubx2.ubxreader:Unknown protocol header b'\xb5\n'.
ERROR:pyubx2.ubxreader:Unknown protocol header b'\xb5\n'.
ERROR:pyubx2.ubxreader:Unknown protocol header b'\xb5\n'.
ERROR:pyubx2.ubxreader:Unknown protocol header b'\xb5\n'.
ERROR:pyubx2.ubxreader:Unknown protocol header b'\xb5\n'.
ERROR:pyubx2.ubxreader:Unknown protocol header b'$\x02'.
ERROR:pyubx2.ubxreader:Unknown protocol header b'$$'.
ERROR:pyubx2.ubxreader:Unknown protocol header b"\xb5'".
ERROR:pyubx2.ubxreader:Unknown protocol header b'\xb5\x02'.
ERROR:pyubx2.ubxreader:Unknown protocol header b'\xb5\x00'.
ERROR:pyubx2.ubxreader:Unknown protocol header b'\xb5@'.
ERROR:pyubx2.ubxreader:Unknown protocol header b'\xd3]'.
ERROR:pyubx2.ubxreader:Unknown protocol header b'\xd3y'.
ERROR:pyubx2.ubxreader:Unknown protocol header b'\xd3V'.
ERROR:pyubx2.ubxreader:Unknown protocol header b'$\x05'.
ERROR:pyubx2.ubxreader:Unknown protocol header b'$\xf8'.
ERROR:pyubx2.ubxreader:Unknown protocol header b'\xb5\x01'.
ERROR:pyubx2.ubxreader:Unknown protocol header b'\xb5\x01'.
ERROR:pyubx2.ubxreader:Unknown protocol header b'\xb5\x01'.
ERROR:pyubx2.ubxreader:Unknown protocol header b'\xb5\x01'.
ERROR:pyubx2.ubxreader:Unknown protocol header b'\xb5\x00'.
ERROR:pyubx2.ubxreader:Unknown protocol header b'\xb5\x01'.
ERROR:pyubx2.ubxreader:Unknown protocol header b'$\x05'.
ERROR:pyubx2.ubxreader:Unknown protocol header b'$\x1f'.
ERROR:pyubx2.ubxreader:Unknown protocol header b'$\x00'.
ERROR:pyubx2.ubxreader:Unknown protocol header b'\xb5\x01'.
ERROR:pyubx2.ubxreader:Unknown protocol header b'\xb5\x01'.
ERROR:pyubx2.ubxreader:Unknown protocol header b'\xb5\x01'.
ERROR:pyubx2.ubxreader:Unknown protocol header b'\xb5\x01'.
ERROR:pyubx2.ubxreader:Unknown protocol header b'\xb5\x01'.
ERROR:pyubx2.ubxreader:Unknown protocol header b'\xb5\x01'.
ERROR:pyubx2.ubxreader:Unknown protocol header b'\xb5\x01'.
ERROR:pyubx2.ubxreader:Unknown protocol header b'\xb5\x01'.
ERROR:pyubx2.ubxreader:Unknown protocol header b'\xb5\x01'.
ERROR:pyubx2.ubxreader:Unknown protocol header b'$\xdc'.
ERROR:pyubx2.ubxreader:Unknown protocol header b'$\xd7'.
ERROR:pyubx2.ubxreader:Unknown protocol header b'\xd3D'.
ERROR:pyubx2.ubxreader:Unknown protocol header b'\xd3q'.
ERROR:pyubx2.ubxreader:Unknown protocol header b'$\xf7'.
ERROR:pyubx2.ubxreader:Unknown protocol header b'$\x17'.
ERROR:pyubx2.ubxreader:Unknown protocol header b'$7'.
ERROR:pyubx2.ubxreader:Unknown protocol header b'\xd3q'.
ERROR:pyubx2.ubxreader:Unknown protocol header b'$\x17'.
ERROR:pyubx2.ubxreader:Unknown protocol header b'$\x97'.
ERROR:pyubx2.ubxreader:Unknown protocol header b'$\xd7'.
ERROR:pyubx2.ubxreader:Unknown protocol header b'$\x17'.
ERROR:pyubx2.ubxreader:Unknown protocol header b'$\xf7'.
ERROR:pyubx2.ubxreader:Unknown protocol header b'\xd3q'.
ERROR:pyubx2.ubxreader:Unknown protocol header b'\xb5\x02'.
ERROR:pyubx2.ubxreader:Unknown protocol header b'\xb5\x02'.
ERROR:pyubx2.ubxreader:Unknown protocol header b'$\x00'.
ERROR:pyubx2.ubxreader:Message checksum b'\x00\x00' invalid - should be b'*\xe8'
ERROR:pyubx2.ubxreader:Unknown protocol header b'\xb5\n'.
ERROR:pyubx2.ubxreader:Unknown protocol header b'\xb5\n'.
ERROR:pyubx2.ubxreader:Unknown protocol header b'$\x02'.
ERROR:pyubx2.ubxreader:Unknown protocol header b'\xb5\x02'.
ERROR:pyubx2.ubxreader:Unknown protocol header b'$$'.
ERROR:pyubx2.ubxreader:Unknown protocol header b'\xb5\xff'.
ERROR:pyubx2.ubxreader:Unknown protocol header b'\xd3\xa8'.
ERROR:pyubx2.ubxreader:Unknown protocol header b'\xd3]'.
ERROR:pyubx2.ubxreader:Unknown protocol header b"\xb5'".
ERROR:pyubx2.ubxreader:Unknown protocol header b'\xb5\x02'.
ERROR:pyubx2.ubxreader:Unknown protocol header b'$\x00'.
ERROR:pyubx2.ubxreader:Unknown protocol header b'\xd3\x04'.
ERROR:pyubx2.ubxreader:Unknown protocol header b'\xb5q'.
ERROR:pyubx2.ubxreader:Unknown protocol header b'$\x94'.
ERROR:pyubx2.ubxreader:Unknown protocol header b'\xd3\x0f'.
ERROR:pyubx2.ubxreader:Unknown protocol header b'\xb5\x02'.
ERROR:pyubx2.ubxreader:Unknown protocol header b'\xb5\x02'.
ERROR:pyubx2.ubxreader:Unknown protocol header b'\xb5\x02'.
ERROR:pyubx2.ubxreader:Unknown protocol header b'\xb5\x02'.
ERROR:pyubx2.ubxreader:Message checksum b'\xf1\xb5' invalid - should be b'|\xe0'
ERROR:pyubx2.ubxreader:Unknown protocol header b'\xb5\x02'.
ERROR:pyubx2.ubxreader:Unknown protocol header b'\xb5\n'.
ERROR:pyubx2.ubxreader:Unknown protocol header b'\xb5\n'.
ERROR:pyubx2.ubxreader:Unknown protocol header b'\xb5\n'.
ERROR:pyubx2.ubxreader:Unknown protocol header b'$\x00'.
ERROR:pyubx2.ubxreader:Unknown protocol header b'\xb5\n'.
ERROR:pyubx2.ubxreader:Unknown protocol header b'$\x8e'.
ERROR:pyubx2.ubxreader:Message checksum b'\x00~' invalid - should be b'JJ'
ERROR:pyubx2.ubxreader:Message checksum b'.0' invalid - should be b'E\x14'
ERROR:pyubx2.ubxreader:Unknown protocol header b'$\x00'.
ERROR:pyubx2.ubxreader:Unknown protocol header b'$\x00'.
ERROR:pyubx2.ubxreader:Serial stream terminated unexpectedly. 28674 bytes requested, 18497 bytes returned.
ERROR:pyubx2.ubxreader:Unknown protocol header b'\xb5\x02'.
ERROR:pyubx2.ubxreader:Unknown protocol header b'\xb5\n'.
ERROR:pyubx2.ubxreader:Message checksum b'E\xb5' invalid - should be b'Rn'
ERROR:pyubx2.ubxreader:Unknown protocol header b'\xb5\n'.
ERROR:pyubx2.ubxreader:Unknown protocol header b'\xb5\n'.
ERROR:pyubx2.ubxreader:Unknown protocol header b'\xb5\n'.
ERROR:pyubx2.ubxreader:Unknown protocol header b'\xb5\x07'.
ERROR:pyubx2.ubxreader:Unknown protocol header b'\xb5\x07'.
ERROR:pyubx2.ubxreader:Unknown protocol header b'$\x01'.
ERROR:pyubx2.ubxreader:Unknown protocol header b"\xb5'".
ERROR:pyubx2.ubxreader:Unknown protocol header b'$\xf2'.
ERROR:pyubx2.ubxreader:Unknown protocol header b'$\x00'.
ERROR:pyubx2.ubxreader:Unknown protocol header b'\xb5\x9d'.
ERROR:pyubx2.ubxreader:Unknown protocol header b'\xb5\x89'.
ERROR:pyubx2.ubxreader:Unknown protocol header b'$\x03'.
ERROR:pyubx2.ubxreader:Unknown protocol header b'\xb5\x07'.
ERROR:pyubx2.ubxreader:Unknown protocol header b'$,'.
ERROR:pyubx2.ubxreader:Unknown protocol header b'$\x00'.
ERROR:pyubx2.ubxreader:Unknown protocol header b'\xb5:'.
ERROR:pyubx2.ubxreader:Unknown protocol header b'$\x05'.
ERROR:pyubx2.ubxreader:Unknown protocol header b'\xb5\x01'.
ERROR:pyubx2.ubxreader:Unknown protocol header b'\xb5\x07'.
ERROR:pyubx2.ubxreader:Unknown protocol header b'$\x07'.
ERROR:pyubx2.ubxreader:Unknown protocol header b'$\x00'.
ERROR:pyubx2.ubxreader:Unknown protocol header b'\xb5\x07'.
ERROR:pyubx2.ubxreader:Unknown protocol header b'\xb5\x07'.
ERROR:pyubx2.ubxreader:Unknown protocol header b'\xb5\x07'.
ERROR:pyubx2.ubxreader:Unknown protocol header b'\xb5\x01'.
ERROR:pyubx2.ubxreader:Unknown protocol header b'\xb5\x01'.
ERROR:pyubx2.ubxreader:Unknown protocol header b'\xb5\x01'.
ERROR:pyubx2.ubxreader:Unknown protocol header b'\xb5\x01'.
ERROR:pyubx2.ubxreader:Unknown protocol header b'\xb5\x01'.
ERROR:pyubx2.ubxreader:Unknown protocol header b'\xb5\x01'.
ERROR:pyubx2.ubxreader:Unknown protocol header b'\xb5\x01'.
ERROR:pyubx2.ubxreader:Unknown protocol header b'\xb5\x01'.
ERROR:pyubx2.ubxreader:Unknown protocol header b'\xb5:'.
ERROR:pyubx2.ubxreader:Unknown protocol header b'\xb5\x02'.
ERROR:pyubx2.ubxreader:Unknown protocol header b'\xb5\n'.
ERROR:pyubx2.ubxreader:Unknown protocol header b'$\x97'.
ERROR:pyubx2.ubxreader:Unknown protocol header b'\xb5\x05'.
ERROR:pyubx2.ubxreader:Message checksum b'<;' invalid - should be b'\xf1\x8b'
ERROR:pyubx2.ubxreader:Unknown protocol header b'$\x01'.
ERROR:pyubx2.ubxreader:Unknown protocol header b'\xb5\x0e'.
ERROR:pyubx2.ubxreader:Unknown protocol header b'\xd3\xc4'.
ERROR:pyubx2.ubxreader:Unknown protocol header b"\xb5'".
ERROR:pyubx2.ubxreader:Unknown protocol header b'\xb5\x02'.
ERROR:pyubx2.ubxreader:Unknown protocol header b'$\xd6'.
ERROR:pyubx2.ubxreader:Unknown protocol header b'\xd3\xc5'.
ERROR:pyubx2.ubxreader:Unknown protocol header b'\xd3\xbd'.
ERROR:pyubx2.ubxreader:Unknown protocol header b'\xd3\x05'.
ERROR:pyubx2.ubxreader:Unknown protocol header b'$\x05'.
ERROR:pyubx2.ubxreader:Unknown protocol header b'\xd3\xf2'.
ERROR:pyubx2.ubxreader:Unknown protocol header b'\xb5\x02'.
ERROR:pyubx2.ubxreader:Unknown protocol header b'\xb5\xb5'.
ERROR:pyubx2.ubxreader:Unknown protocol header b'\xb5\x02'.
ERROR:pyubx2.ubxreader:Unknown protocol header b'\xb5\x02'.
ERROR:pyubx2.ubxreader:Unknown protocol header b'\xb5\x02'.
ERROR:pyubx2.ubxreader:Unknown protocol header b'\xb5\x02'.
ERROR:pyubx2.ubxreader:Unknown protocol header b'\xb5\x02'.
ERROR:pyubx2.ubxreader:Unknown protocol header b'$\x00'.
ERROR:pyubx2.ubxreader:Unknown protocol header b'\xb5\x9c'.
ERROR:pyubx2.ubxreader:Unknown protocol header b'$,'.
ERROR:pyubx2.ubxreader:Unknown protocol header b'\xb5\x01'.
ERROR:pyubx2.ubxreader:Unknown protocol header b'$\x05'.
ERROR:pyubx2.ubxreader:Unknown protocol header b'$\x00'.
ERROR:pyubx2.ubxreader:Unknown protocol header b'$\x1f'.
ERROR:pyubx2.ubxreader:Unknown protocol header b'\xb5\x01'.
ERROR:pyubx2.ubxreader:Unknown protocol header b'$\x07'.
ERROR:pyubx2.ubxreader:Unknown protocol header b'\xb5\x01'.
ERROR:pyubx2.ubxreader:Unknown protocol header b'\xb5\x01'.
ERROR:pyubx2.ubxreader:Unknown protocol header b'\xb5\x01'.
ERROR:pyubx2.ubxreader:Unknown protocol header b'\xb5\x01'.
ERROR:pyubx2.ubxreader:Unknown protocol header b'\xb5$'.
ERROR:pyubx2.ubxreader:Unknown protocol header b'\xb5\x01'.
ERROR:pyubx2.ubxreader:Unknown protocol header b'\xb5\x01'.
ERROR:pyubx2.ubxreader:Unknown protocol header b'\xb5\x01'.
ERROR:pyubx2.ubxreader:Unknown protocol header b'\xb5\x01'.
ERROR:pyubx2.ubxreader:Unknown protocol header b'\xb5\x02'.
ERROR:pyubx2.ubxreader:Unknown protocol header b'\xb5\x01'.
ERROR:pyubx2.ubxreader:Unknown protocol header b'\xb5\x01'.
ERROR:pyubx2.ubxreader:Unknown protocol header b'\xb5\x01'.
ERROR:pyubx2.ubxreader:Unknown protocol header b'\xb5\x01'.
ERROR:pyubx2.ubxreader:Unknown protocol header b'\xb5\x01'.
ERROR:pyubx2.ubxreader:Unknown protocol header b'\xb5\x01'.
ERROR:pyubx2.ubxreader:Unknown protocol header b'\xb5\x01'.
ERROR:pyubx2.ubxreader:Unknown protocol header b'\xb5\x02'.
ERROR:pyubx2.ubxreader:Unknown protocol header b"\xb5'".
ERROR:pyubx2.ubxreader:Unknown protocol header b'$\xd7'.
ERROR:pyubx2.ubxreader:Unknown protocol header b'\xd3\x11'.
ERROR:pyubx2.ubxreader:Unknown protocol header b'$\xf7'.
ERROR:pyubx2.ubxreader:Unknown protocol header b'$7'.
ERROR:pyubx2.ubxreader:Unknown protocol header b'$\x17'.
ERROR:pyubx2.ubxreader:Unknown protocol header b'$d'.
ERROR:pyubx2.ubxreader:Unknown protocol header b'\xb5\x05'.
ERROR:pyubx2.ubxreader:Unknown protocol header b'$\xd7'.
ERROR:pyubx2.ubxreader:Unknown protocol header b'\xd3q'.
ERROR:pyubx2.ubxreader:Unknown protocol header b'\xd3q'.
ERROR:pyubx2.ubxreader:Unknown protocol header b'\xb5\r'.
ERROR:pyubx2.ubxreader:Unknown protocol header b'\xb5\n'.
ERROR:pyubx2.ubxreader:Unknown protocol header b'$\t'.
ERROR:pyubx2.ubxreader:Unknown protocol header b'$\x00'.
ERROR:pyubx2.ubxreader:Unknown protocol header b'\xb5\x01'.
ERROR:pyubx2.ubxreader:Unknown protocol header b'$\x05'.
ERROR:pyubx2.ubxreader:Unknown protocol header b'$\x00'.
ERROR:pyubx2.ubxreader:Unknown protocol header b'\xb5\x01'.
ERROR:pyubx2.ubxreader:Unknown protocol header b'$\x07'.
ERROR:pyubx2.ubxreader:Unknown protocol header b'\xb5\x01'.
ERROR:pyubx2.ubxreader:Unknown protocol header b'\xb5\x01'.
ERROR:pyubx2.ubxreader:Unknown protocol header b'\xb5\x01'.
ERROR:pyubx2.ubxreader:Unknown protocol header b'\xb5\x01'.
ERROR:pyubx2.ubxreader:Unknown protocol header b'\xb5\x01'.
ERROR:pyubx2.ubxreader:Unknown protocol header b'\xb5\x01'.
ERROR:pyubx2.ubxreader:Unknown protocol header b'\xb5\x01'.
ERROR:pyubx2.ubxreader:Unknown protocol header b'$\x00'.
ERROR:pyubx2.ubxreader:Serial stream terminated unexpectedly. 63490 bytes requested, 17351 bytes returned.
ERROR:pyubx2.ubxreader:Unknown protocol header b'\xb5\x02'.
ERROR:pyubx2.ubxreader:Unknown protocol header b'\xd3\x90'.
ERROR:pyubx2.ubxreader:Unknown protocol header b'\xb5\x02'.
ERROR:pyubx2.ubxreader:Unknown protocol header b'\xd3\x90'.
ERROR:pyubx2.ubxreader:Unknown protocol header b'\xd3\x90'.
ERROR:pyubx2.ubxreader:Unknown protocol header b'\xb5\x02'.
ERROR:pyubx2.ubxreader:Unknown protocol header b'\xd3\x90'.
ERROR:pyubx2.ubxreader:Unknown protocol header b'\xb5\x02'.
ERROR:pyubx2.ubxreader:Unknown protocol header b'\xb5\x02'.
ERROR:pyubx2.ubxreader:Unknown protocol header b'\xd3\x90'.
ERROR:pyubx2.ubxreader:Unknown protocol header b'\xb5\x02'.
ERROR:pyubx2.ubxreader:Unknown protocol header b'\xd3\x90'.
ERROR:pyubx2.ubxreader:Unknown protocol header b'\xd3\x90'.
ERROR:pyubx2.ubxreader:Unknown protocol header b'\xb5\x02'.
ERROR:pyubx2.ubxreader:Unknown protocol header b'\xb5\x02'.
ERROR:pyubx2.ubxreader:Unknown protocol header b'\xd3\x90'.
ERROR:pyubx2.ubxreader:Unknown protocol header b'\xb5\x02'.
ERROR:pyubx2.ubxreader:Unknown protocol header b'\xd3\x90'.
ERROR:pyubx2.ubxreader:Unknown protocol header b'\xb5\x02'.
ERROR:pyubx2.ubxreader:Unknown protocol header b'\xd3\x90'.
ERROR:pyubx2.ubxreader:Unknown protocol header b'$\x90'.
ERROR:pyubx2.ubxreader:Unknown protocol header b'\xb5\n'.
ERROR:pyubx2.ubxreader:Message checksum b'4\xf7' invalid - should be b'\xaf\xa3'
ERROR:pyubx2.ubxreader:Unknown protocol header b'$\x11'.
ERROR:pyubx2.ubxreader:Unknown protocol header b'\xd3N'.
ERROR:pyubx2.ubxreader:Unknown protocol header b"\xb5'".
ERROR:pyubx2.ubxreader:Unknown protocol header b'\xb5\x02'.
ERROR:pyubx2.ubxreader:Unknown protocol header b'$\x00'.
ERROR:pyubx2.ubxreader:Unknown protocol header b'$l'.
ERROR:pyubx2.ubxreader:Unknown protocol header b'\xb5\x01'.
ERROR:pyubx2.ubxreader:Unknown protocol header b'$\x05'.
ERROR:pyubx2.ubxreader:Unknown protocol header b'$\x07'.
ERROR:pyubx2.ubxreader:Unknown protocol header b'$+'.
ERROR:pyubx2.ubxreader:Unknown protocol header b'\xb5\x01'.
ERROR:pyubx2.ubxreader:Unknown protocol header b'\xd3\xb5'.
ERROR:pyubx2.ubxreader:Unknown protocol header b'\xb5\x01'.
ERROR:pyubx2.ubxreader:Unknown protocol header b'\xb5\x01'.
ERROR:pyubx2.ubxreader:Unknown protocol header b'\xb5\x01'.
ERROR:pyubx2.ubxreader:Unknown protocol header b'\xb5\x01'.
ERROR:pyubx2.ubxreader:Unknown protocol header b'\xb5\x01'.
ERROR:pyubx2.ubxreader:Unknown protocol header b'\xb5\x01'.
ERROR:pyubx2.ubxreader:Unknown protocol header b'\xb5\x01'.
ERROR:pyubx2.ubxreader:Unknown protocol header b'\xb5\x01'.
ERROR:pyubx2.ubxreader:Unknown protocol header b'\xb5\x01'.
ERROR:pyubx2.ubxreader:Unknown protocol header b'\xb5\x01'.
ERROR:pyubx2.ubxreader:Unknown protocol header b'\xb5\x01'.
ERROR:pyubx2.ubxreader:Unknown protocol header b"\xb5'".
ERROR:pyubx2.ubxreader:Unknown protocol header b'$\xd7'.
ERROR:pyubx2.ubxreader:Unknown protocol header b'$.'.
ERROR:pyubx2.ubxreader:Unknown protocol header b'$\x17'.
ERROR:pyubx2.ubxreader:Unknown protocol header b'$.'.
ERROR:pyubx2.ubxreader:Unknown protocol header b'$d'.
ERROR:pyubx2.ubxreader:Unknown protocol header b'$\x17'.
ERROR:pyubx2.ubxreader:Unknown protocol header b'$\xf7'.
ERROR:pyubx2.ubxreader:Unknown protocol header b'$.'.
ERROR:pyubx2.ubxreader:Unknown protocol header b'\xd3q'.
ERROR:pyubx2.ubxreader:Unknown protocol header b'\xb5\n'.
ERROR:pyubx2.ubxreader:Unknown protocol header b'\xb5\n'.
ERROR:pyubx2.ubxreader:Unknown protocol header b'\xb5\n'.
ERROR:pyubx2.ubxreader:Unknown protocol header b'$\x00'.
ERROR:pyubx2.ubxreader:Message checksum b'E\xb5' invalid - should be b'Rn'
ERROR:pyubx2.ubxreader:Message checksum b'\x04\x00' invalid - should be b'\xde\xd0'
ERROR:pyubx2.ubxreader:Unknown protocol header b'$%'.
ERROR:pyubx2.ubxreader:Unknown protocol header b"\xb5'".
ERROR:pyubx2.ubxreader:Unknown protocol header b'\xb5\x02'.
ERROR:pyubx2.ubxreader:Unknown protocol header b'\xd3u'.
ERROR:pyubx2.ubxreader:Unknown protocol header b'$\xf4'.
ERROR:pyubx2.ubxreader:Unknown protocol header b'$\xa3'.
ERROR:pyubx2.ubxreader:Unknown protocol header b'\xb52'.
ERROR:pyubx2.ubxreader:Unknown protocol header b'\xb5\x02'.
ERROR:pyubx2.ubxreader:Unknown protocol header b'\xb5\x02'.
ERROR:pyubx2.ubxreader:Unknown protocol header b'\xb5\x02'.
ERROR:pyubx2.ubxreader:Unknown protocol header b'\xb5\x02'.
ERROR:pyubx2.ubxreader:Unknown protocol header b'\xb5\x02'.
ERROR:pyubx2.ubxreader:Unknown protocol header b'\xb5\x02'.
ERROR:pyubx2.ubxreader:Unknown protocol header b'\xb5\x02'.
ERROR:pyubx2.ubxreader:Unknown protocol header b'\xb5\x02'.
ERROR:pyubx2.ubxreader:Unknown protocol header b'\xb5\x01'.
ERROR:pyubx2.ubxreader:Unknown protocol header b'\xb5\x01'.
ERROR:pyubx2.ubxreader:Unknown protocol header b'\xb5\x01'.
ERROR:pyubx2.ubxreader:Unknown protocol header b'$,'.
ERROR:pyubx2.ubxreader:Unknown protocol header b'$X'.
ERROR:pyubx2.ubxreader:Unknown protocol header b'$\x1f'.
ERROR:pyubx2.ubxreader:Unknown protocol header b"$'".
ERROR:pyubx2.ubxreader:Unknown protocol header b'$\x07'.
ERROR:pyubx2.ubxreader:Unknown protocol header b'\xb5\x01'.
ERROR:pyubx2.ubxreader:Unknown protocol header b'$\x14'.
ERROR:pyubx2.ubxreader:Unknown protocol header b'\xb5\x01'.
ERROR:pyubx2.ubxreader:Unknown protocol header b'\xb5!'.
ERROR:pyubx2.ubxreader:Unknown protocol header b'\xb5\x01'.
ERROR:pyubx2.ubxreader:Unknown protocol header b'\xb5\x01'.
ERROR:pyubx2.ubxreader:Unknown protocol header b'\xb5\x01'.
ERROR:pyubx2.ubxreader:Unknown protocol header b'$\xdc'.
ERROR:pyubx2.ubxreader:Unknown protocol header b'$\x17'.
ERROR:pyubx2.ubxreader:Unknown protocol header b'$.'.
ERROR:pyubx2.ubxreader:Unknown protocol header b'$\x97'.
ERROR:pyubx2.ubxreader:Unknown protocol header b'\xd3q'.
ERROR:pyubx2.ubxreader:Unknown protocol header b'\xd3\x11'.
ERROR:pyubx2.ubxreader:Unknown protocol header b'\xd3r'.
ERROR:pyubx2.ubxreader:Message checksum b'N\xb5' invalid - should be b'~\xca'
ERROR:pyubx2.ubxreader:Unknown protocol header b'\xb5\x00'.
ERROR:pyubx2.ubxreader:Unknown protocol header b'\xb5\x99'.
ERROR:pyubx2.ubxreader:Unknown protocol header b'\xb5\x8d'.
ERROR:pyubx2.ubxreader:Unknown protocol header b'$$'.
ERROR:pyubx2.ubxreader:Unknown protocol header b'$$'.
ERROR:pyubx2.ubxreader:Unknown protocol header b'\xb5\xb5'.
ERROR:pyubx2.ubxreader:Unknown protocol header b'\xb5\x16'.
ERROR:pyubx2.ubxreader:Unknown protocol header b'\xb5\x02'.
ERROR:pyubx2.ubxreader:Unknown protocol header b'\xd3\x05'.
ERROR:pyubx2.ubxreader:Unknown protocol header b'\xd3\x0b'.
ERROR:pyubx2.ubxreader:Unknown protocol header b'$\xff'.
ERROR:pyubx2.ubxreader:Unknown protocol header b"\xb5'".
ERROR:pyubx2.ubxreader:Unknown protocol header b'\xb5\x02'.
ERROR:pyubx2.ubxreader:Unknown protocol header b'\xb5o'.
ERROR:pyubx2.ubxreader:Unknown protocol header b'\xd3\xa4'.
ERROR:pyubx2.ubxreader:Unknown protocol header b'$-'.
ERROR:pyubx2.ubxreader:Unknown protocol header b'\xd3\xd7'.
ERROR:pyubx2.ubxreader:Unknown protocol header b'\xb5\x02'.
ERROR:pyubx2.ubxreader:Unknown protocol header b'\xb5\x02'.
ERROR:pyubx2.ubxreader:Unknown protocol header b'\xb5\x02'.
ERROR:pyubx2.ubxreader:Unknown protocol header b'\xb5\x02'.
ERROR:pyubx2.ubxreader:Unknown protocol header b'\xb5\x02'.
ERROR:pyubx2.ubxreader:Message checksum b'\xc8\xf7' invalid - should be b'/:'
ERROR:pyubx2.ubxreader:Message checksum b'\x04\x00' invalid - should be b'\xde\xd0'
ERROR:pyubx2.ubxreader:Unknown protocol header b'\xb5\n'.
ERROR:pyubx2.ubxreader:Unknown protocol header b'$\x00'.
ERROR:pyubx2.ubxreader:Unknown protocol header b'\xb5\n'.
ERROR:pyubx2.ubxreader:Unknown protocol header b'$\x02'.
ERROR:pyubx2.ubxreader:Unknown protocol header b'\xb5\x02'.
ERROR:pyubx2.ubxreader:Unknown protocol header b'$\x01'.
ERROR:pyubx2.ubxreader:Unknown protocol header b'\xb5\xff'.
ERROR:pyubx2.ubxreader:Unknown protocol header b'\xb5/'.
ERROR:pyubx2.ubxreader:Unknown protocol header b"\xb5'".
ERROR:pyubx2.ubxreader:Unknown protocol header b'\xb5\x02'.
ERROR:pyubx2.ubxreader:Unknown protocol header b'$q'.
ERROR:pyubx2.ubxreader:Unknown protocol header b'\xb5\x9d'.
ERROR:pyubx2.ubxreader:Unknown protocol header b'\xd3\xbb'.
ERROR:pyubx2.ubxreader:Unknown protocol header b'\xd3\x05'.
ERROR:pyubx2.ubxreader:Unknown protocol header b'$\x00'.
ERROR:pyubx2.ubxreader:Unknown protocol header b'$\xd7'.
ERROR:pyubx2.ubxreader:Unknown protocol header b'$\xf2'.
ERROR:pyubx2.ubxreader:Unknown protocol header b'\xb58'.
ERROR:pyubx2.ubxreader:Unknown protocol header b'$\x05'.
ERROR:pyubx2.ubxreader:Unknown protocol header b'$\x00'.
ERROR:pyubx2.ubxreader:Unknown protocol header b'$\x1f'.
ERROR:pyubx2.ubxreader:Unknown protocol header b"$'".
ERROR:pyubx2.ubxreader:Unknown protocol header b'$\x07'.
ERROR:pyubx2.ubxreader:Unknown protocol header b'$+'.
ERROR:pyubx2.ubxreader:Unknown protocol header b'$\x14'.
ERROR:pyubx2.ubxreader:Unknown protocol header b'\xb5\x01'.
ERROR:pyubx2.ubxreader:Unknown protocol header b'\xb5\x01'.
ERROR:pyubx2.ubxreader:Unknown protocol header b'\xb5\x01'.
ERROR:pyubx2.ubxreader:Unknown protocol header b'\xb5\x01'.
ERROR:pyubx2.ubxreader:Unknown protocol header b"\xb5'".
ERROR:pyubx2.ubxreader:Unknown protocol header b'$\xd7'.
ERROR:pyubx2.ubxreader:Unknown protocol header b'$d'.
ERROR:pyubx2.ubxreader:Unknown protocol header b'$\x17'.
ERROR:pyubx2.ubxreader:Unknown protocol header b'$\xd7'.
ERROR:pyubx2.ubxreader:Unknown protocol header b'\xd3q'.
ERROR:pyubx2.ubxreader:Unknown protocol header b'\xb5\r'.
ERROR:pyubx2.ubxreader:Unknown protocol header b'\xb5\x02'.
ERROR:pyubx2.ubxreader:Unknown protocol header b'\xb5\xef'.
ERROR:pyubx2.ubxreader:Unknown protocol header b'\xb5\x02'.
ERROR:pyubx2.ubxreader:Unknown protocol header b'\xb5\x02'.
ERROR:pyubx2.ubxreader:Unknown protocol header b'\xb5\x02'.
ERROR:pyubx2.ubxreader:Unknown protocol header b'\xb5\x02'.
ERROR:pyubx2.ubxreader:Unknown protocol header b'\xb5\n'.
ERROR:pyubx2.ubxreader:Unknown protocol header b'\xb5\n'.
ERROR:pyubx2.ubxreader:Unknown protocol header b'\xb5\n'.
ERROR:pyubx2.ubxreader:Unknown protocol header b'\xb5\n'.
ERROR:pyubx2.ubxreader:Unknown protocol header b'\xb5\n'.
ERROR:pyubx2.ubxreader:Unknown protocol header b'$&'.
ERROR:pyubx2.ubxreader:Unknown protocol header b'\xb5\x11'.
ERROR:pyubx2.ubxreader:Unknown protocol header b'\xb5\x00'.
ERROR:pyubx2.ubxreader:Unknown protocol header b"\xb5'".
ERROR:pyubx2.ubxreader:Unknown protocol header b"\xb5'".
ERROR:pyubx2.ubxreader:Unknown protocol header b'\xb5\x02'.
ERROR:pyubx2.ubxreader:Unknown protocol header b'$4'.
ERROR:pyubx2.ubxreader:Unknown protocol header b'\xb5s'.
ERROR:pyubx2.ubxreader:Unknown protocol header b'\xb5\xc4'.
ERROR:pyubx2.ubxreader:Unknown protocol header b'$\x05'.
ERROR:pyubx2.ubxreader:Unknown protocol header b'$\x02'.
ERROR:pyubx2.ubxreader:Unknown protocol header b'\xb5A'.
ERROR:pyubx2.ubxreader:Unknown protocol header b'\xd3\xa7'.
ERROR:pyubx2.ubxreader:Unknown protocol header b'\xb5\x02'.
ERROR:pyubx2.ubxreader:Unknown protocol header b'\xb5\x02'.
ERROR:pyubx2.ubxreader:Unknown protocol header b'\xb5\x13'.
ERROR:pyubx2.ubxreader:Unknown protocol header b'\xb5\x02'.
ERROR:pyubx2.ubxreader:Unknown protocol header b'\xb5\x02'.
ERROR:pyubx2.ubxreader:Unknown protocol header b'\xb5\x02'.
ERROR:pyubx2.ubxreader:Unknown protocol header b'\xb5\x02'.
ERROR:pyubx2.ubxreader:Unknown protocol header b'\xb5\x02'.
ERROR:pyubx2.ubxreader:Unknown protocol header b'\xb5\x02'.
ERROR:pyubx2.ubxreader:Unknown protocol header b'\xb5\x02'.
ERROR:pyubx2.ubxreader:Unknown protocol header b'\xb5\x02'.
ERROR:pyubx2.ubxreader:Unknown protocol header b'\xb5\x02'.
ERROR:pyubx2.ubxreader:Unknown protocol header b'\xb5\x02'.
ERROR:pyubx2.ubxreader:Unknown protocol header b'\xb5\x02'.
ERROR:pyubx2.ubxreader:Unknown protocol header b'\xb5\x02'.
ERROR:pyubx2.ubxreader:Unknown protocol header b'\xb5\x02'.
ERROR:pyubx2.ubxreader:Unknown protocol header b'\xb5\x02'.
ERROR:pyubx2.ubxreader:Unknown protocol header b'\xb5\x02'.
INFO:werkzeug:192.168.5.70 - - [14/Apr/2025 09:41:18] "GET /socket.io/?EIO=4&transport=websocket&sid=SaYczhlbn4oo3pQRAAAE HTTP/1.1" 200 -
INFO:werkzeug:192.168.5.70 - - [14/Apr/2025 09:41:18] "GET / HTTP/1.1" 200 -
INFO:werkzeug:192.168.5.70 - - [14/Apr/2025 09:41:18] "GET /socket.io/?EIO=4&transport=polling&t=POphBGJ HTTP/1.1" 200 -
INFO:werkzeug:192.168.5.70 - - [14/Apr/2025 09:41:18] "POST /socket.io/?EIO=4&transport=polling&t=POphBG_&sid=T8Sb5eUNVXUEBHqDAAAG HTTP/1.1" 200 -
INFO:werkzeug:192.168.5.70 - - [14/Apr/2025 09:41:18] "GET /socket.io/?EIO=4&transport=polling&t=POphBG_.0&sid=T8Sb5eUNVXUEBHqDAAAG HTTP/1.1" 200 -
ERROR:pyubx2.ubxreader:Message checksum b'sw' invalid - should be b'\xf2\xd3'
ERROR:pyubx2.ubxreader:Unknown protocol header b'$\x02'.
ERROR:pyubx2.ubxreader:Unknown protocol header b'\xd3D'.
ERROR:pyubx2.ubxreader:Unknown protocol header b'$\x00'.
ERROR:pyubx2.ubxreader:Unknown protocol header b'$\x05'.
ERROR:pyubx2.ubxreader:Unknown protocol header b'$}'.
ERROR:pyubx2.ubxreader:Unknown protocol header b'\xb5\xe0'.
ERROR:pyubx2.ubxreader:Unknown protocol header b'$\x00'.
ERROR:pyubx2.ubxreader:Unknown protocol header b'$\x1c'.
ERROR:pyubx2.ubxreader:Unknown protocol header b'$$'.
INFO:werkzeug:192.168.5.70 - - [14/Apr/2025 09:41:19] "GET /socket.io/?EIO=4&transport=websocket&sid=T8Sb5eUNVXUEBHqDAAAG HTTP/1.1" 200 -
INFO:werkzeug:192.168.5.70 - - [14/Apr/2025 09:41:19] "GET / HTTP/1.1" 200 -
INFO:werkzeug:192.168.5.70 - - [14/Apr/2025 09:41:19] "GET /socket.io/?EIO=4&transport=polling&t=POphBVj HTTP/1.1" 200 -
INFO:werkzeug:192.168.5.70 - - [14/Apr/2025 09:41:19] "POST /socket.io/?EIO=4&transport=polling&t=POphBWU&sid=W1__OsHlBduprwx9AAAI HTTP/1.1" 200 -
INFO:werkzeug:192.168.5.70 - - [14/Apr/2025 09:41:19] "GET /socket.io/?EIO=4&transport=polling&t=POphBWU.0&sid=W1__OsHlBduprwx9AAAI HTTP/1.1" 200 -
ERROR:pyubx2.ubxreader:Unknown protocol header b'\xb5\xb5'.
ERROR:pyubx2.ubxreader:Message checksum b'\xb5b' invalid - should be b'\x00\x00'
ERROR:pyubx2.ubxreader:Unknown protocol header b'$Q'.
ERROR:pyubx2.ubxreader:Message checksum b'\xb1\xb5' invalid - should be b'\x1eT'
ERROR:pyubx2.ubxreader:Message checksum b'\xd5\xb5' invalid - should be b'\x98('
ERROR:pyubx2.ubxreader:Unknown protocol header b'\xd3g'.
ERROR:pyubx2.ubxreader:Unknown protocol header b'\xb5\x02'.
ERROR:pyubx2.ubxreader:Unknown protocol header b'$('.
ERROR:pyubx2.ubxreader:Unknown protocol header b'$\xc5'.
ERROR:pyubx2.ubxreader:Unknown protocol header b'\xb5\x02'.
ERROR:pyubx2.ubxreader:Unknown protocol header b'\xb5\x02'.
ERROR:pyubx2.ubxreader:Unknown protocol header b'\xb5\x02'.
ERROR:pyubx2.ubxreader:Unknown protocol header b'\xb5\x02'.
ERROR:pyubx2.ubxreader:Unknown protocol header b'\xb5\x02'.
ERROR:pyubx2.ubxreader:Unknown protocol header b'\xb5\x02'.
ERROR:pyubx2.ubxreader:Unknown protocol header b'\xb5\x02'.
ERROR:pyubx2.ubxreader:Unknown protocol header b'\xb5\x02'.
ERROR:pyubx2.ubxreader:Unknown protocol header b'\xb5\x02'.
ERROR:pyubx2.ubxreader:Unknown protocol header b'\xb5\n'.
ERROR:pyubx2.ubxreader:Unknown protocol header b'$\x00'.
ERROR:pyubx2.ubxreader:Unknown protocol header b'\xb5\x02'.
ERROR:pyubx2.ubxreader:Unknown protocol header b'$$'.
ERROR:pyubx2.ubxreader:Unknown protocol header b'\xd3\x87'.
ERROR:pyubx2.ubxreader:Unknown protocol header b'$Q'.
ERROR:pyubx2.ubxreader:Unknown protocol header b'$\t'.
ERROR:pyubx2.ubxreader:Unknown protocol header b'$\x05'.
ERROR:pyubx2.ubxreader:Unknown protocol header b'$5'.
ERROR:pyubx2.ubxreader:Serial stream terminated unexpectedly. 45901 bytes requested, 13696 bytes returned.
ERROR:pyubx2.ubxreader:Unknown protocol header b'$Q'.
ERROR:pyubx2.ubxreader:Unknown protocol header b'$$'.
ERROR:pyubx2.ubxreader:Unknown protocol header b'$\x00'.
ERROR:pyubx2.ubxreader:Unknown protocol header b'\xb5\x01'.
ERROR:pyubx2.ubxreader:Unknown protocol header b'\xd3_'.
ERROR:pyubx2.ubxreader:Unknown protocol header b'$\x00'.
ERROR:pyubx2.ubxreader:Unknown protocol header b'\xb5\x01'.
ERROR:pyubx2.ubxreader:Unknown protocol header b'\xd3/'.
ERROR:pyubx2.ubxreader:Unknown protocol header b'\xb5\x01'.
ERROR:pyubx2.ubxreader:Unknown protocol header b'\xb5#'.
ERROR:pyubx2.ubxreader:Unknown protocol header b'$\x08'.
ERROR:pyubx2.ubxreader:Unknown protocol header b'\xb5\x01'.
ERROR:pyubx2.ubxreader:Unknown protocol header b'\xb5\x01'.
ERROR:pyubx2.ubxreader:Unknown protocol header b'\xb52'.
ERROR:pyubx2.ubxreader:Unknown protocol header b'\xb5\x01'.
ERROR:pyubx2.ubxreader:Unknown protocol header b'\xb56'.
ERROR:pyubx2.ubxreader:Unknown protocol header b'\xb5\x01'.
ERROR:pyubx2.ubxreader:Unknown protocol header b'\xb59'.
ERROR:pyubx2.ubxreader:Unknown protocol header b'\xb5\x01'.
ERROR:pyubx2.ubxreader:Unknown protocol header b"\xb5'".
ERROR:pyubx2.ubxreader:Unknown protocol header b'$\xdc'.
ERROR:pyubx2.ubxreader:Unknown protocol header b'\xd3\xa0'.
ERROR:pyubx2.ubxreader:Unknown protocol header b'$\xf2'.
ERROR:pyubx2.ubxreader:Unknown protocol header b'$\xf7'.
ERROR:pyubx2.ubxreader:Unknown protocol header b'\xd3 '.
ERROR:pyubx2.ubxreader:Unknown protocol header b'\xd3Q'.
ERROR:pyubx2.ubxreader:Unknown protocol header b'\xb5\r'.
ERROR:pyubx2.ubxreader:Unknown protocol header b'\xb5\x13'.
ERROR:pyubx2.ubxreader:Unknown protocol header b'\xb5\x02'.
ERROR:pyubx2.ubxreader:Unknown protocol header b'\xb5\x02'.
ERROR:pyubx2.ubxreader:Unknown protocol header b'\xb5\n'.
ERROR:pyubx2.ubxreader:Unknown protocol header b'\xb5\n'.
ERROR:pyubx2.ubxreader:Unknown protocol header b'\xb5\x13'.
ERROR:pyubx2.ubxreader:Unknown protocol header b'\xb5\x08'.
ERROR:pyubx2.ubxreader:Unknown protocol header b'\xb59'.
ERROR:pyubx2.ubxreader:Unknown protocol header b'$\x02'.
ERROR:pyubx2.ubxreader:Unknown protocol header b'\xb5\x13'.
ERROR:pyubx2.ubxreader:Unknown protocol header b'\xb5\x02'.
ERROR:pyubx2.ubxreader:Unknown protocol header b'\xb5\x02'.
ERROR:pyubx2.ubxreader:Unknown protocol header b'\xb5\x07'.
ERROR:pyubx2.ubxreader:Unknown protocol header b'\xd3\xff'.
ERROR:pyubx2.ubxreader:Unknown protocol header b'\xb5\x02'.
ERROR:pyubx2.ubxreader:Unknown protocol header b'\xb5r'.
ERROR:pyubx2.ubxreader:Unknown protocol header b'$?'.
ERROR:pyubx2.ubxreader:Unknown protocol header b'$\xa0'.
ERROR:pyubx2.ubxreader:Unknown protocol header b'\xb5C'.
ERROR:pyubx2.ubxreader:Unknown protocol header b'\xb5\x07'.
ERROR:pyubx2.ubxreader:Unknown protocol header b'$\x03'.
ERROR:pyubx2.ubxreader:Unknown protocol header b'\xb5\x02'.
ERROR:pyubx2.ubxreader:Unknown protocol header b'\xb5\x02'.
ERROR:pyubx2.ubxreader:Unknown protocol header b'\xb5\x02'.
ERROR:pyubx2.ubxreader:Unknown protocol header b'\xb5\x02'.
ERROR:pyubx2.ubxreader:Unknown protocol header b'\xb5\x02'.
ERROR:pyubx2.ubxreader:Unknown protocol header b'\xb5\x02'.
ERROR:pyubx2.ubxreader:Unknown protocol header b'\xb5\x02'.
ERROR:pyubx2.ubxreader:Unknown protocol header b'\xb5\x02'.
ERROR:pyubx2.ubxreader:Unknown protocol header b'\xb5\x02'.
ERROR:pyubx2.ubxreader:Unknown protocol header b'\xb5\x02'.
ERROR:pyubx2.ubxreader:Unknown protocol header b'\xb5\x02'.
ERROR:pyubx2.ubxreader:Message checksum b'\xb5b' invalid - should be b'\xd2\xfa'
ERROR:pyubx2.ubxreader:Unknown protocol header b'\xb5\x02'.
ERROR:pyubx2.ubxreader:Unknown protocol header b'\xb5\x02'.
ERROR:pyubx2.ubxreader:Unknown protocol header b'\xb5\x01'.
ERROR:pyubx2.ubxreader:Unknown protocol header b'\xb5\x01'.
ERROR:pyubx2.ubxreader:Unknown protocol header b'$\x00'.
ERROR:pyubx2.ubxreader:Unknown protocol header b'$\x00'.
ERROR:pyubx2.ubxreader:Unknown protocol header b'$$'.
ERROR:pyubx2.ubxreader:Unknown protocol header b'$\x00'.
ERROR:pyubx2.ubxreader:Unknown protocol header b'\xb5\x01'.
ERROR:pyubx2.ubxreader:Unknown protocol header b'\xb5\x01'.
ERROR:pyubx2.ubxreader:Unknown protocol header b'\xb5\n'.
ERROR:pyubx2.ubxreader:Unknown protocol header b'$\x02'.
ERROR:pyubx2.ubxreader:Unknown protocol header b'\xb5\x02'.
ERROR:pyubx2.ubxreader:Unknown protocol header b'\xb5\x07'.
ERROR:pyubx2.ubxreader:Unknown protocol header b'$ '.
ERROR:pyubx2.ubxreader:Unknown protocol header b'\xd3\xd9'.
ERROR:pyubx2.ubxreader:Unknown protocol header b'\xb5\n'.
ERROR:pyubx2.ubxreader:Unknown protocol header b'\xb5\xc4'.
ERROR:pyubx2.ubxreader:Unknown protocol header b'$\x03'.
ERROR:pyubx2.ubxreader:Unknown protocol header b'\xb5\x02'.
ERROR:pyubx2.ubxreader:Unknown protocol header b'\xb5\x02'.
ERROR:pyubx2.ubxreader:Unknown protocol header b'\xb5\x02'.
ERROR:pyubx2.ubxreader:Unknown protocol header b'\xb5\x02'.
ERROR:pyubx2.ubxreader:Unknown protocol header b'\xb5\x02'.
ERROR:pyubx2.ubxreader:Unknown protocol header b'\xb5\x02'.
ERROR:pyubx2.ubxreader:Unknown protocol header b'\xb5\x02'.
ERROR:pyubx2.ubxreader:Unknown protocol header b'\xb5\x02'.
ERROR:pyubx2.ubxreader:Unknown protocol header b'\xb5\x02'.
ERROR:pyubx2.ubxreader:Unknown protocol header b'\xb5\x02'.
ERROR:pyubx2.ubxreader:Unknown protocol header b'\xb5\x02'.
ERROR:pyubx2.ubxreader:Unknown protocol header b'\xb5\x02'.
ERROR:pyubx2.ubxreader:Unknown protocol header b'\xb5\x02'.
ERROR:pyubx2.ubxreader:Unknown protocol header b'\xb5\x02'.
ERROR:pyubx2.ubxreader:Unknown protocol header b'\xb5\x02'.
ERROR:pyubx2.ubxreader:Unknown protocol header b'\xb5\x02'.
ERROR:pyubx2.ubxreader:Unknown protocol header b'\xb5\x02'.
ERROR:pyubx2.ubxreader:Message checksum b'28' invalid - should be b'\x0e\x03'
ERROR:pyubx2.ubxreader:Message checksum b'\x00\x03' invalid - should be b'\xf3\x9a'
ERROR:pyubx2.ubxreader:Unknown protocol header b'$\x00'.
ERROR:pyubx2.ubxreader:Unknown protocol header b'\xb5\x01'.
ERROR:pyubx2.ubxreader:Unknown protocol header b'$\x00'.
ERROR:pyubx2.ubxreader:Unknown protocol header b'$\x07'.
ERROR:pyubx2.ubxreader:Unknown protocol header b'$\x07'.
ERROR:pyubx2.ubxreader:Message checksum b'\xec\xb5' invalid - should be b'\x84\\'
ERROR:pyubx2.ubxreader:Message checksum b'|\xb5' invalid - should be b'R\xa0'
ERROR:pyubx2.ubxreader:Unknown protocol header b'$\x00'.
ERROR:pyubx2.ubxreader:Message checksum b'\x00\x00' invalid - should be b'\x1fd'
ERROR:pyubx2.ubxreader:Unknown protocol header b'\xb5\n'.
ERROR:pyubx2.ubxreader:Unknown protocol header b'$\x00'.
ERROR:pyubx2.ubxreader:Unknown protocol header b'\xb5\n'.
ERROR:pyubx2.ubxreader:Unknown protocol header b'\xb5\x02'.
ERROR:pyubx2.ubxreader:Unknown protocol header b'\xb5\xb5'.
ERROR:pyubx2.ubxreader:Unknown protocol header b"\xb5'".
ERROR:pyubx2.ubxreader:Unknown protocol header b'\xd3\xbf'.
ERROR:pyubx2.ubxreader:Unknown protocol header b'\xd3\xeb'.
ERROR:pyubx2.ubxreader:Unknown protocol header b'\xb5\x02'.
ERROR:pyubx2.ubxreader:Unknown protocol header b'\xb5\x02'.
ERROR:pyubx2.ubxreader:Unknown protocol header b'\xb5\x02'.
ERROR:pyubx2.ubxreader:Unknown protocol header b'\xb5\x02'.
ERROR:pyubx2.ubxreader:Message checksum b'\xd6\xb5' invalid - should be b'l\x85'
ERROR:pyubx2.ubxreader:Message checksum b'\xa8\x12' invalid - should be b'\xa3\xa2'
ERROR:pyubx2.ubxreader:Unknown protocol header b'\xb5\x01'.
ERROR:pyubx2.ubxreader:Unknown protocol header b'\xb5\x01'.
ERROR:pyubx2.ubxreader:Unknown protocol header b'\xb5\x01'.
ERROR:pyubx2.ubxreader:Unknown protocol header b'\xb5\x01'.
ERROR:pyubx2.ubxreader:Unknown protocol header b'$\x00'.
ERROR:pyubx2.ubxreader:Unknown protocol header b'$\x00'.
ERROR:pyubx2.ubxreader:Unknown protocol header b'\xb5\x01'.
ERROR:pyubx2.ubxreader:Unknown protocol header b'$\x04'.
ERROR:pyubx2.ubxreader:Unknown protocol header b'\xb5\n'.
ERROR:pyubx2.ubxreader:Unknown protocol header b'\xb5\n'.
ERROR:pyubx2.ubxreader:Unknown protocol header b'\xb5\n'.
ERROR:pyubx2.ubxreader:Unknown protocol header b'$\x02'.
ERROR:pyubx2.ubxreader:Unknown protocol header b'\xb5\x02'.
ERROR:pyubx2.ubxreader:Unknown protocol header b'$\x01'.
ERROR:pyubx2.ubxreader:Unknown protocol header b'\xd3A'.
ERROR:pyubx2.ubxreader:Unknown protocol header b'\xd3E'.
ERROR:pyubx2.ubxreader:Unknown protocol header b'$\x00'.
ERROR:pyubx2.ubxreader:Unknown protocol header b'\xb5\x02'.
ERROR:pyubx2.ubxreader:Unknown protocol header b'\xb5\x02'.
ERROR:pyubx2.ubxreader:Unknown protocol header b'\xb5\x02'.
ERROR:pyubx2.ubxreader:Unknown protocol header b'\xb5\x02'.
ERROR:pyubx2.ubxreader:Unknown protocol header b'\xb5\x02'.
ERROR:pyubx2.ubxreader:Unknown protocol header b'\xb5\x02'.
ERROR:pyubx2.ubxreader:Unknown protocol header b'\xb5\x02'.
ERROR:pyubx2.ubxreader:Unknown protocol header b'\xb5\x02'.
ERROR:pyubx2.ubxreader:Unknown protocol header b'\xb5\x02'.
ERROR:pyubx2.ubxreader:Unknown protocol header b'\xb5\x02'.
ERROR:pyubx2.ubxreader:Unknown protocol header b'\xb5\x02'.
ERROR:pyubx2.ubxreader:Unknown protocol header b'\xb5\xb5'.
ERROR:pyubx2.ubxreader:Unknown protocol header b'$\x00'.
ERROR:pyubx2.ubxreader:Unknown protocol header b'$$'.
ERROR:pyubx2.ubxreader:Unknown protocol header b'\xb5\x03'.
ERROR:pyubx2.ubxreader:Unknown protocol header b'$\x00'.
ERROR:pyubx2.ubxreader:Unknown protocol header b'\xb58'.
ERROR:pyubx2.ubxreader:Unknown protocol header b'\xb5\xb5'.
ERROR:pyubx2.ubxreader:Unknown protocol header b'\xb5\xb5'.
ERROR:pyubx2.ubxreader:Unknown protocol header b'\xb5\x90'.
ERROR:pyubx2.ubxreader:Unknown protocol header b'\xb5\xc2'.
ERROR:pyubx2.ubxreader:Unknown protocol header b'\xb5$'.
ERROR:pyubx2.ubxreader:Unknown protocol header b'$$'.
device reports readiness to read but returned no data (device disconnected or multiple access on port?)
Error in get ublox data thread: device reports readiness to read but returned no data (device disconnected or multiple access on port?)
Error in get ublox data thread: device reports readiness to read but returned no data (device disconnected or multiple access on port?)
Error in get ublox data thread: device reports readiness to read but returned no data (device disconnected or multiple access on port?)
Error in get ublox data thread: device reports readiness to read but returned no data (device disconnected or multiple access on port?)
Error in get ublox data thread: device reports readiness to read but returned no data (device disconnected or multiple access on port?)
Error in get ublox data thread: device reports readiness to read but returned no data (device disconnected or multiple access on port?)
Error in get ublox data thread: device reports readiness to read but returned no data (device disconnected or multiple access on port?)
Error in get ublox data thread: device reports readiness to read but returned no data (device disconnected or multiple access on port?)
Error in get ublox data thread: device reports readiness to read but returned no data (device disconnected or multiple access on port?)
Error in get ublox data thread: device reports readiness to read but returned no data (device disconnected or multiple access on port?)
Error in get ublox data thread: device reports readiness to read but returned no data (device disconnected or multiple access on port?)
Error in get ublox data thread: device reports readiness to read but returned no data (device disconnected or multiple access on port?)
Error in get ublox data thread: device reports readiness to read but returned no data (device disconnected or multiple access on port?)
Error in get ublox data thread: device reports readiness to read but returned no data (device disconnected or multiple access on port?)
Error in get ublox data thread: device reports readiness to read but returned no data (device disconnected or multiple access on port?)
Error in get ublox data thread: device reports readiness to read but returned no data (device disconnected or multiple access on port?)
Error in get ublox data thread: device reports readiness to read but returned no data (device disconnected or multiple access on port?)
Error in get ublox data thread: device reports readiness to read but returned no data (device disconnected or multiple access on port?)
Error in get ublox data thread: device reports readiness to read but returned no data (device disconnected or multiple access on port?)
Error in get ublox data thread: device reports readiness to read but returned no data (device disconnected or multiple access on port?)
Error in get ublox data thread: device reports readiness to read but returned no data (device disconnected or multiple access on port?)
Error in get ublox data thread: device reports readiness to read but returned no data (device disconnected or multiple access on port?)
Error in get ublox data thread: device reports readiness to read but returned no data (device disconnected or multiple access on port?)
Error in get ublox data thread: device reports readiness to read but returned no data (device disconnected or multiple access on port?)
Error in get ublox data thread: device reports readiness to read but returned no data (device disconnected or multiple access on port?)
Error in get ublox data thread: device reports readiness to read but returned no data (device disconnected or multiple access on port?)
Error in get ublox data thread: device reports readiness to read but returned no data (device disconnected or multiple access on port?)
Error in get ublox data thread: device reports readiness to read but returned no data (device disconnected or multiple access on port?)
Error in get ublox data thread: device reports readiness to read but returned no data (device disconnected or multiple access on port?)
Error in get ublox data thread: device reports readiness to read but returned no data (device disconnected or multiple access on port?)
Error in get ublox data thread: device reports readiness to read but returned no data (device disconnected or multiple access on port?)
Error in get ublox data thread: device reports readiness to read but returned no data (device disconnected or multiple access on port?)
Error in get ublox data thread: device reports readiness to read but returned no data (device disconnected or multiple access on port?)
Error in get ublox data thread: device reports readiness to read but returned no data (device disconnected or multiple access on port?)
Error in get ublox data thread: device reports readiness to read but returned no data (device disconnected or multiple access on port?)
Error in get ublox data thread: device reports readiness to read but returned no data (device disconnected or multiple access on port?)
Error in get ublox data thread: device reports readiness to read but returned no data (device disconnected or multiple access on port?)
Error in get ublox data thread: device reports readiness to read but returned no data (device disconnected or multiple access on port?)
Error in get ublox data thread: device reports readiness to read but returned no data (device disconnected or multiple access on port?)
Error in get ublox data thread: device reports readiness to read but returned no data (device disconnected or multiple access on port?)
Error in get ublox data thread: device reports readiness to read but returned no data (device disconnected or multiple access on port?)
Error in get ublox data thread: device reports readiness to read but returned no data (device disconnected or multiple access on port?)
Error in get ublox data thread: device reports readiness to read but returned no data (device disconnected or multiple access on port?)
Error in get ublox data thread: device reports readiness to read but returned no data (device disconnected or multiple access on port?)
Error in get ublox data thread: device reports readiness to read but returned no data (device disconnected or multiple access on port?)
Error in get ublox data thread: device reports readiness to read but returned no data (device disconnected or multiple access on port?)
Error in get ublox data thread: device reports readiness to read but returned no data (device disconnected or multiple access on port?)
Error in get ublox data thread: device reports readiness to read but returned no data (device disconnected or multiple access on port?)
Error in get ublox data thread: device reports readiness to read but returned no data (device disconnected or multiple access on port?)
Error in get ublox data thread: device reports readiness to read but returned no data (device disconnected or multiple access on port?)
Error in get ublox data thread: device reports readiness to read but returned no data (device disconnected or multiple access on port?)
Error in get ublox data thread: device reports readiness to read but returned no data (device disconnected or multiple access on port?)
Error in get ublox data thread: device reports readiness to read but returned no data (device disconnected or multiple access on port?)
Error in get ublox data thread: device reports readiness to read but returned no data (device disconnected or multiple access on port?)
Error in get ublox data thread: device reports readiness to read but returned no data (device disconnected or multiple access on port?)
Error in get ublox data thread: device reports readiness to read but returned no data (device disconnected or multiple access on port?)
Error in get ublox data thread: device reports readiness to read but returned no data (device disconnected or multiple access on port?)
Error in get ublox data thread: device reports readiness to read but returned no data (device disconnected or multiple access on port?)
Error in get ublox data thread: device reports readiness to read but returned no data (device disconnected or multiple access on port?)
Error in get ublox data thread: ERROR:pyubx2.ubxreader:Unknown protocol header b'\xb5\n'.
ERROR:pyubx2.ubxreader:Unknown protocol header b'\xb5\x9f'.
ERROR:pyubx2.ubxreader:Unknown protocol header b'$\x02'.
ERROR:pyubx2.ubxreader:Unknown protocol header b'$\x07'.
ERROR:pyubx2.ubxreader:Unknown protocol header b'$\x05'.
ERROR:pyubx2.ubxreader:Unknown protocol header b"\xb5'".
ERROR:pyubx2.ubxreader:Unknown protocol header b'$\xb1'.
ERROR:pyubx2.ubxreader:Unknown protocol header b'$\x00'.
ERROR:pyubx2.ubxreader:Unknown protocol header b'\xd3o'.
ERROR:pyubx2.ubxreader:Unknown protocol header b'\xb5\x81'.
ERROR:pyubx2.ubxreader:Unknown protocol header b'\xd3\x7f'.
ERROR:pyubx2.ubxreader:Unknown protocol header b'\xb5\x02'.
ERROR:pyubx2.ubxreader:Unknown protocol header b'\xb5\x02'.
ERROR:pyubx2.ubxreader:Unknown protocol header b'\xb5\x02'.
ERROR:pyubx2.ubxreader:Unknown protocol header b'\xb5\x02'.
ERROR:pyubx2.ubxreader:Unknown protocol header b'\xb5\x02'.
ERROR:pyubx2.ubxreader:Unknown protocol header b'\xb5\x02'.
ERROR:pyubx2.ubxreader:Unknown protocol header b'\xb5\x02'.
ERROR:pyubx2.ubxreader:Unknown protocol header b'\xb5\x02'.
ERROR:pyubx2.ubxreader:Unknown protocol header b'\xb5\x02'.
ERROR:pyubx2.ubxreader:Unknown protocol header b'\xb5\x02'.
ERROR:pyubx2.ubxreader:Unknown protocol header b'\xb5\x02'.
ERROR:pyubx2.ubxreader:Unknown protocol header b'\xb5\x02'.
ERROR:pyubx2.ubxreader:Unknown protocol header b'\xb5\x02'.
ERROR:pyubx2.ubxreader:Unknown protocol header b'\xb5\x02'.
ERROR:pyubx2.ubxreader:Unknown protocol header b'\xb5\x02'.
ERROR:pyubx2.ubxreader:Unknown protocol header b'\xb5\x02'.
ERROR:pyubx2.ubxreader:Unknown protocol header b'\xb5\x01'.
ERROR:pyubx2.ubxreader:Unknown protocol header b'\xb5\x01'.
ERROR:pyubx2.ubxreader:Unknown protocol header b'\xb5\x01'.
ERROR:pyubx2.ubxreader:Unknown protocol header b'\xb5\x01'.
ERROR:pyubx2.ubxreader:Unknown protocol header b'\xb5\x01'.
ERROR:pyubx2.ubxreader:Unknown protocol header b'$\x00'.
ERROR:pyubx2.ubxreader:Unknown protocol header b'$Q'.
ERROR:pyubx2.ubxreader:Unknown protocol header b'$Q'.
ERROR:pyubx2.ubxreader:Unknown protocol header b'\xb5\x01'.
ERROR:pyubx2.ubxreader:Unknown protocol header b'$\x00'.
ERROR:pyubx2.ubxreader:Unknown protocol header b'\xb5\x01'.
ERROR:pyubx2.ubxreader:Unknown protocol header b'$X'.
ERROR:pyubx2.ubxreader:Unknown protocol header b'$\x00'.
ERROR:pyubx2.ubxreader:Unknown protocol header b'\xb5\x01'.
ERROR:pyubx2.ubxreader:Unknown protocol header b'$\x00'.
ERROR:pyubx2.ubxreader:Unknown protocol header b'\xb5\x01'.
ERROR:pyubx2.ubxreader:Unknown protocol header b'$\x14'.
ERROR:pyubx2.ubxreader:Unknown protocol header b'\xb5\x01'.
ERROR:pyubx2.ubxreader:Unknown protocol header b'\xb5\x01'.
ERROR:pyubx2.ubxreader:Unknown protocol header b'\xb5\x01'.
ERROR:pyubx2.ubxreader:Unknown protocol header b'$\xdc'.
ERROR:pyubx2.ubxreader:Unknown protocol header b'$\xd7'.
ERROR:pyubx2.ubxreader:Unknown protocol header b'\xd3\x11'.
ERROR:pyubx2.ubxreader:Unknown protocol header b'$\x17'.
ERROR:pyubx2.ubxreader:Message checksum b'\x87\xb0' invalid - should be b'\xa2\xb3'
ERROR:pyubx2.ubxreader:Unknown protocol header b'$\xc2'.
ERROR:pyubx2.ubxreader:Unknown protocol header b'$\x00'.
ERROR:pyubx2.ubxreader:Unknown protocol header b'\xb5\xc0'.
ERROR:pyubx2.ubxreader:Unknown protocol header b'$$'.
ERROR:pyubx2.ubxreader:Unknown protocol header b'\xb5\xb5'.
ERROR:pyubx2.ubxreader:Unknown protocol header b'\xb5\x0e'.
ERROR:pyubx2.ubxreader:Unknown protocol header b'\xb5\xb5'.
ERROR:pyubx2.ubxreader:Unknown protocol header b'\xb5:'.
ERROR:pyubx2.ubxreader:Unknown protocol header b'\xb5\xb5'.
ERROR:pyubx2.ubxreader:Unknown protocol header b'\xb5\xb5'.
ERROR:pyubx2.ubxreader:Unknown protocol header b'\xb5\xb5'.
ERROR:pyubx2.ubxreader:Unknown protocol header b'\xb5\x02'.
ERROR:pyubx2.ubxreader:Unknown protocol header b'\xb5\x02'.
ERROR:pyubx2.ubxreader:Unknown protocol header b'$\x05'.
ERROR:pyubx2.ubxreader:Unknown protocol header b'\xb5\x01'.
ERROR:pyubx2.ubxreader:Unknown protocol header b'$%'.
ERROR:pyubx2.ubxreader:Unknown protocol header b'$\x00'.
ERROR:pyubx2.ubxreader:Unknown protocol header b'\xb5\xb5'.
ERROR:pyubx2.ubxreader:Unknown protocol header b'\xb5\x1b'.
ERROR:pyubx2.ubxreader:Unknown protocol header b'\xd3\xa0'.
ERROR:pyubx2.ubxreader:Unknown protocol header b'$\x03'.
ERROR:pyubx2.ubxreader:Unknown protocol header b'\xb5\x02'.
ERROR:pyubx2.ubxreader:Unknown protocol header b'\xb5\x02'.
ERROR:pyubx2.ubxreader:Unknown protocol header b'\xb5\x02'.
ERROR:pyubx2.ubxreader:Unknown protocol header b'\xb5\x02'.
ERROR:pyubx2.ubxreader:Unknown protocol header b'\xb5\x02'.
ERROR:pyubx2.ubxreader:Unknown protocol header b'\xb5\x02'.
ERROR:pyubx2.ubxreader:Unknown protocol header b'\xb5\x02'.
ERROR:pyubx2.ubxreader:Message checksum b'2,' invalid - should be b'}B'
ERROR:pyubx2.ubxreader:Unknown protocol header b'\xb5\xb5'.
ERROR:pyubx2.ubxreader:Unknown protocol header b'\xb5\xee'.
ERROR:pyubx2.ubxreader:Unknown protocol header b'$,'.
ERROR:pyubx2.ubxreader:Unknown protocol header b'$\x00'.
ERROR:pyubx2.ubxreader:Unknown protocol header b'$X'.
ERROR:pyubx2.ubxreader:Unknown protocol header b'\xb5\x01'.
ERROR:pyubx2.ubxreader:Unknown protocol header b'$\x00'.
ERROR:pyubx2.ubxreader:Message checksum b'i\xf8' invalid - should be b'X\xc6'
ERROR:pyubx2.ubxreader:Unknown protocol header b'\xb5\x1e'.
ERROR:pyubx2.ubxreader:Unknown protocol header b'\xd3\x9a'.
ERROR:pyubx2.ubxreader:Unknown protocol header b'$\x05'.
ERROR:pyubx2.ubxreader:Unknown protocol header b'\xb5\x02'.
ERROR:pyubx2.ubxreader:Unknown protocol header b'\xb5\x02'.
ERROR:pyubx2.ubxreader:Unknown protocol header b'\xb5\x02'.
ERROR:pyubx2.ubxreader:Unknown protocol header b'\xb5\x02'.
ERROR:pyubx2.ubxreader:Unknown protocol header b'\xb5\x02'.
ERROR:pyubx2.ubxreader:Unknown protocol header b'$Q'.
ERROR:pyubx2.ubxreader:Message checksum b'\x01\x83' invalid - should be b'\xa6\xcd'
ERROR:pyubx2.ubxreader:Unknown protocol header b'$\t'.
ERROR:pyubx2.ubxreader:Unknown protocol header b'$$'.
ERROR:pyubx2.ubxreader:Unknown protocol header b'$&'.
ERROR:pyubx2.ubxreader:Unknown protocol header b'$\x07'.
ERROR:pyubx2.ubxreader:Unknown protocol header b'\xb5\x01'.
ERROR:pyubx2.ubxreader:Unknown protocol header b'\xb5\x01'.
ERROR:pyubx2.ubxreader:Unknown protocol header b'\xb5\x01'.
ERROR:pyubx2.ubxreader:Message checksum b'\x88\xb5' invalid - should be b'\xc8\x14'
ERROR:pyubx2.ubxreader:Message checksum b';\x07' invalid - should be b'VD'
ERROR:pyubx2.ubxreader:Unknown protocol header b'\xb5\x01'.
ERROR:pyubx2.ubxreader:Message checksum b'\x12\xb5' invalid - should be b'\xab\x00'
ERROR:pyubx2.ubxreader:Unknown protocol header b'\xb5\x01'.
ERROR:pyubx2.ubxreader:Unknown protocol header b"\xb5'".
ERROR:pyubx2.ubxreader:Unknown protocol header b'$\xf7'.
ERROR:pyubx2.ubxreader:Unknown protocol header b'$7'.
ERROR:pyubx2.ubxreader:Unknown protocol header b'\xd3q'.
ERROR:pyubx2.ubxreader:Unknown protocol header b'$\x17'.
ERROR:pyubx2.ubxreader:Unknown protocol header b'$\xd7'.
ERROR:pyubx2.ubxreader:Unknown protocol header b'\xd3q'.
ERROR:pyubx2.ubxreader:Unknown protocol header b'\xb5\r'.
ERROR:pyubx2.ubxreader:Unknown protocol header b'\xb5\n'.
ERROR:pyubx2.ubxreader:Unknown protocol header b'\xb5\x01'.
ERROR:pyubx2.ubxreader:Unknown protocol header b'$$'.
ERROR:pyubx2.ubxreader:Unknown protocol header b'\xb5\x01'.
ERROR:pyubx2.ubxreader:Unknown protocol header b'\xb5\x01'.
ERROR:pyubx2.ubxreader:Unknown protocol header b'$\x00'.
ERROR:pyubx2.ubxreader:Unknown protocol header b'\xb5\x04'.
ERROR:pyubx2.ubxreader:Unknown protocol header b'$b'.
ERROR:pyubx2.ubxreader:Unknown protocol header b'\xb5\x02'.
ERROR:pyubx2.ubxreader:Unknown protocol header b'$\x01'.
ERROR:pyubx2.ubxreader:Unknown protocol header b"\xb5'".
ERROR:pyubx2.ubxreader:Unknown protocol header b'\xd3\x1a'.
ERROR:pyubx2.ubxreader:Unknown protocol header b'\xd3\x85'.
ERROR:pyubx2.ubxreader:Unknown protocol header b'\xd3H'.
ERROR:pyubx2.ubxreader:Unknown protocol header b'$9'.
ERROR:pyubx2.ubxreader:Unknown protocol header b'$\x00'.
ERROR:pyubx2.ubxreader:Unknown protocol header b'\xb5c'.
ERROR:pyubx2.ubxreader:Unknown protocol header b'\xb5\x95'.
ERROR:pyubx2.ubxreader:Unknown protocol header b'\xb5\xe8'.
ERROR:pyubx2.ubxreader:Unknown protocol header b'\xb51'.
ERROR:pyubx2.ubxreader:Unknown protocol header b'$\xf4'.
ERROR:pyubx2.ubxreader:Unknown protocol header b'\xb5\x18'.
ERROR:pyubx2.ubxreader:Unknown protocol header b'\xb5\x01'.
ERROR:pyubx2.ubxreader:Unknown protocol header b'\xb5\x01'.
ERROR:pyubx2.ubxreader:Unknown protocol header b'\xb5\x01'.
ERROR:pyubx2.ubxreader:Unknown protocol header b'$\x00'.
ERROR:pyubx2.ubxreader:Unknown protocol header b'\xb5\x01'.
ERROR:pyubx2.ubxreader:Unknown protocol header b'\xb5\x01'.
ERROR:pyubx2.ubxreader:Unknown protocol header b'$X'.
ERROR:pyubx2.ubxreader:Unknown protocol header b'$&'.
ERROR:pyubx2.ubxreader:Unknown protocol header b'$\x00'.
ERROR:pyubx2.ubxreader:Unknown protocol header b'\xb5\x01'.
ERROR:pyubx2.ubxreader:Unknown protocol header b'\xb5\x01'.
ERROR:pyubx2.ubxreader:Unknown protocol header b'\xb5\x01'.
ERROR:pyubx2.ubxreader:Unknown protocol header b'\xb5\x01'.
ERROR:pyubx2.ubxreader:Unknown protocol header b'\xb5\x01'.
ERROR:pyubx2.ubxreader:Unknown protocol header b'\xd3\xb9'.
ERROR:pyubx2.ubxreader:Unknown protocol header b'\xb5;'.
ERROR:pyubx2.ubxreader:Unknown protocol header b'\xd3q'.
ERROR:pyubx2.ubxreader:Unknown protocol header b'$\x17'.
ERROR:pyubx2.ubxreader:Unknown protocol header b'$7'.
ERROR:pyubx2.ubxreader:Unknown protocol header b'$\x17'.
ERROR:pyubx2.ubxreader:Unknown protocol header b'$\xd7'.
ERROR:pyubx2.ubxreader:Unknown protocol header b'\xd3\x11'.
ERROR:pyubx2.ubxreader:Unknown protocol header b'\xb5\r'.
ERROR:pyubx2.ubxreader:Unknown protocol header b'\xb5\x02'.
ERROR:pyubx2.ubxreader:Unknown protocol header b'\xb5\x02'.
ERROR:pyubx2.ubxreader:Unknown protocol header b'\xb5\x02'.
ERROR:pyubx2.ubxreader:Unknown protocol header b'\xb5\x02'.
ERROR:pyubx2.ubxreader:Unknown protocol header b'$\xda'.
ERROR:pyubx2.ubxreader:Unknown protocol header b'\xb5\x02'.
ERROR:pyubx2.ubxreader:Unknown protocol header b'\xb5\x02'.
ERROR:pyubx2.ubxreader:Unknown protocol header b'\xb5\n'.
ERROR:pyubx2.ubxreader:Unknown protocol header b'\xb5\n'.
ERROR:pyubx2.ubxreader:Unknown protocol header b'\xb5\x02'.
ERROR:pyubx2.ubxreader:Unknown protocol header b'$\x1e'.
ERROR:pyubx2.ubxreader:Unknown protocol header b'\xb5\x00'.
ERROR:pyubx2.ubxreader:Unknown protocol header b"\xb5'".
ERROR:pyubx2.ubxreader:Unknown protocol header b'\xd3p'.
ERROR:pyubx2.ubxreader:Unknown protocol header b'\xd31'.
ERROR:pyubx2.ubxreader:Unknown protocol header b'\xb5\xac'.
ERROR:pyubx2.ubxreader:Unknown protocol header b'\xd3g'.
ERROR:pyubx2.ubxreader:Unknown protocol header b'$\x00'.
ERROR:pyubx2.ubxreader:Unknown protocol header b"\xd3'".
ERROR:pyubx2.ubxreader:Unknown protocol header b'\xb5\x8c'.
ERROR:pyubx2.ubxreader:Unknown protocol header b'\xb5\x02'.
ERROR:pyubx2.ubxreader:Unknown protocol header b'\xb5\x02'.
ERROR:pyubx2.ubxreader:Unknown protocol header b'\xb5\x02'.
ERROR:pyubx2.ubxreader:Unknown protocol header b'\xb5\x02'.
ERROR:pyubx2.ubxreader:Unknown protocol header b'\xb5\x02'.
ERROR:pyubx2.ubxreader:Unknown protocol header b'\xb5\x02'.
ERROR:pyubx2.ubxreader:Unknown protocol header b'\xb5\x02'.
ERROR:pyubx2.ubxreader:Unknown protocol header b'\xb5\x02'.
ERROR:pyubx2.ubxreader:Message checksum b'\x1d\x00' invalid - should be b'C\xdc'
ERROR:pyubx2.ubxreader:Message checksum b'\x12\xb5' invalid - should be b'\xf4I'
ERROR:pyubx2.ubxreader:Message checksum b',3' invalid - should be b'\x1c\xa0'
ERROR:pyubx2.ubxreader:Unknown protocol header b'\xb5\x01'.
ERROR:pyubx2.ubxreader:Unknown protocol header b'$,'.
ERROR:pyubx2.ubxreader:Unknown protocol header b'$\x05'.
ERROR:pyubx2.ubxreader:Unknown protocol header b'\xb5\x01'.
ERROR:pyubx2.ubxreader:Unknown protocol header b'$\x05'.
ERROR:pyubx2.ubxreader:Unknown protocol header b'$\x00'.
ERROR:pyubx2.ubxreader:Unknown protocol header b'$\x00'.
ERROR:pyubx2.ubxreader:Unknown protocol header b'\xb5\x01'.
ERROR:pyubx2.ubxreader:Unknown protocol header b'\xb5\x01'.
ERROR:pyubx2.ubxreader:Unknown protocol header b'\xb5\x01'.
ERROR:pyubx2.ubxreader:Unknown protocol header b'\xb5\x01'.
ERROR:pyubx2.ubxreader:Unknown protocol header b'\xb5\x01'.
ERROR:pyubx2.ubxreader:Unknown protocol header b'\xb5\x01'.
ERROR:pyubx2.ubxreader:Unknown protocol header b'\xb5\x01'.
ERROR:pyubx2.ubxreader:Serial stream terminated unexpectedly. 53250 bytes requested, 17510 bytes returned.
ERROR:pyubx2.ubxreader:Unknown protocol header b'\xb5\x02'.
ERROR:pyubx2.ubxreader:Unknown protocol header b'\xb5\x02'.
ERROR:pyubx2.ubxreader:Unknown protocol header b'\xb5\x02'.
ERROR:pyubx2.ubxreader:Unknown protocol header b'\xb5\x02'.
ERROR:pyubx2.ubxreader:Unknown protocol header b'\xb5\n'.
ERROR:pyubx2.ubxreader:Unknown protocol header b'\xb5\n'.
ERROR:pyubx2.ubxreader:Unknown protocol header b'\xb5\n'.
ERROR:pyubx2.ubxreader:Unknown protocol header b'\xb5\n'.
ERROR:pyubx2.ubxreader:Unknown protocol header b'\xb5\n'.
ERROR:pyubx2.ubxreader:Unknown protocol header b'$\x02'.
ERROR:pyubx2.ubxreader:Unknown protocol header b'$\x1d'.
ERROR:pyubx2.ubxreader:Unknown protocol header b'$\x17'.
ERROR:pyubx2.ubxreader:Unknown protocol header b"\xb5'".
ERROR:pyubx2.ubxreader:Unknown protocol header b'\xb5\x02'.
ERROR:pyubx2.ubxreader:Unknown protocol header b'\xb5\xfa'.
ERROR:pyubx2.ubxreader:Unknown protocol header b'$('.
ERROR:pyubx2.ubxreader:Unknown protocol header b'$\x05'.
ERROR:pyubx2.ubxreader:Unknown protocol header b'$"'.
ERROR:pyubx2.ubxreader:Unknown protocol header b'\xb5\x02'.
ERROR:pyubx2.ubxreader:Unknown protocol header b'\xb5\xaa'.
ERROR:pyubx2.ubxreader:Unknown protocol header b'\xb5\x02'.
ERROR:pyubx2.ubxreader:Unknown protocol header b'\xb5\x02'.
ERROR:pyubx2.ubxreader:Unknown protocol header b'\xb5\x02'.
ERROR:pyubx2.ubxreader:Unknown protocol header b'\xb5\xaa'.
ERROR:pyubx2.ubxreader:Unknown protocol header b'$\x12'.
ERROR:pyubx2.ubxreader:Unknown protocol header b'\xd3b'.
ERROR:pyubx2.ubxreader:Unknown protocol header b'\xb5\x02'.
ERROR:pyubx2.ubxreader:Unknown protocol header b'\xb5\x02'.
ERROR:pyubx2.ubxreader:Unknown protocol header b'\xb5\x02'.
ERROR:pyubx2.ubxreader:Unknown protocol header b'\xb5\x02'.
ERROR:pyubx2.ubxreader:Unknown protocol header b'\xb5\xaa'.
ERROR:pyubx2.ubxreader:Unknown protocol header b'$\x01'.
ERROR:pyubx2.ubxreader:Unknown protocol header b'$\x01'.
ERROR:pyubx2.ubxreader:Unknown protocol header b'\xb5\xaa'.
ERROR:pyubx2.ubxreader:Unknown protocol header b'\xb5\xaa'.
ERROR:pyubx2.ubxreader:Unknown protocol header b'$,'.
ERROR:pyubx2.ubxreader:Unknown protocol header b'\xb5\x01'.
ERROR:pyubx2.ubxreader:Unknown protocol header b'$X'.
ERROR:pyubx2.ubxreader:Unknown protocol header b'$\x00'.
ERROR:pyubx2.ubxreader:Unknown protocol header b'$\x07'.
ERROR:pyubx2.ubxreader:Unknown protocol header b'\xb5\x01'.
ERROR:pyubx2.ubxreader:Unknown protocol header b'\xb5\x01'.
ERROR:pyubx2.ubxreader:Unknown protocol header b'$\x14'.
ERROR:pyubx2.ubxreader:Message checksum b'A,' invalid - should be b'-\xd1'
ERROR:pyubx2.ubxreader:Serial stream terminated unexpectedly. 34821 bytes requested, 18814 bytes returned.
ERROR:pyubx2.ubxreader:Unknown protocol header b'$y'.
ERROR:pyubx2.ubxreader:Unknown protocol header b'$y'.
ERROR:pyubx2.ubxreader:Unknown protocol header b'$y'.
ERROR:pyubx2.ubxreader:Unknown protocol header b'$\x83'.
ERROR:pyubx2.ubxreader:Unknown protocol header b'\xd3\\'.
ERROR:pyubx2.ubxreader:Unknown protocol header b'\xd3T'.
ERROR:pyubx2.ubxreader:Unknown protocol header b'\xd3\xa1'.
ERROR:pyubx2.ubxreader:Unknown protocol header b'\xd3\x11'.
ERROR:pyubx2.ubxreader:Unknown protocol header b'\xb5\n'.
ERROR:pyubx2.ubxreader:Unknown protocol header b'\xb5\n'.
ERROR:pyubx2.ubxreader:Unknown protocol header b'\xb5\n'.
ERROR:pyubx2.ubxreader:Unknown protocol header b'\xb5\n'.
ERROR:pyubx2.ubxreader:Unknown protocol header b'\xb5\x02'.
ERROR:pyubx2.ubxreader:Unknown protocol header b'$\x1e'.
ERROR:pyubx2.ubxreader:Unknown protocol header b'\xb5\xff'.
ERROR:pyubx2.ubxreader:Unknown protocol header b'$\xff'.
ERROR:pyubx2.ubxreader:Unknown protocol header b'\xb5\x00'.
ERROR:pyubx2.ubxreader:Unknown protocol header b'\xd3\xc3'.
ERROR:pyubx2.ubxreader:Unknown protocol header b'$\x00'.
ERROR:pyubx2.ubxreader:Unknown protocol header b'\xd3B'.
ERROR:pyubx2.ubxreader:Unknown protocol header b'\xb5\x01'.
ERROR:pyubx2.ubxreader:Unknown protocol header b'\xb5\x01'.
ERROR:pyubx2.ubxreader:Unknown protocol header b'\xb5\x01'.
ERROR:pyubx2.ubxreader:Unknown protocol header b'\xb5\x01'.
ERROR:pyubx2.ubxreader:Unknown protocol header b'$\x00'.
ERROR:pyubx2.ubxreader:Unknown protocol header b'\xb5\x01'.
ERROR:pyubx2.ubxreader:Unknown protocol header b'$,'.
ERROR:pyubx2.ubxreader:Unknown protocol header b'$X'.
ERROR:pyubx2.ubxreader:Unknown protocol header b'$\x07'.
ERROR:pyubx2.ubxreader:Unknown protocol header b'\xb5\x01'.
ERROR:pyubx2.ubxreader:Unknown protocol header b'\xb5\x01'.
ERROR:pyubx2.ubxreader:Unknown protocol header b'\xb5\x01'.
ERROR:pyubx2.ubxreader:Unknown protocol header b'\xb5\x01'.
ERROR:pyubx2.ubxreader:Unknown protocol header b'\xb5\x01'.
ERROR:pyubx2.ubxreader:Unknown protocol header b'$.'.
ERROR:pyubx2.ubxreader:Unknown protocol header b'$\x17'.
ERROR:pyubx2.ubxreader:Unknown protocol header b'\xd3q'.
ERROR:pyubx2.ubxreader:Unknown protocol header b'\xb5\r'.
ERROR:pyubx2.ubxreader:Unknown protocol header b'\xb5\x02'.
ERROR:pyubx2.ubxreader:Unknown protocol header b'\xb5\x02'.
ERROR:pyubx2.ubxreader:Unknown protocol header b'$\x12'.
ERROR:pyubx2.ubxreader:Unknown protocol header b'\xb5\xb5'.
ERROR:pyubx2.ubxreader:Unknown protocol header b'\xb5\x00'.
ERROR:pyubx2.ubxreader:Unknown protocol header b'\xb5\n'.
ERROR:pyubx2.ubxreader:Unknown protocol header b'$\x02'.
ERROR:pyubx2.ubxreader:Unknown protocol header b'\xb5\x02'.
ERROR:pyubx2.ubxreader:Unknown protocol header b'$\x01'.
ERROR:pyubx2.ubxreader:Unknown protocol header b"\xb5'".
ERROR:pyubx2.ubxreader:Unknown protocol header b'$\\'.
ERROR:pyubx2.ubxreader:Unknown protocol header b'\xd3\xa2'.
ERROR:pyubx2.ubxreader:Unknown protocol header b'\xb5\xa8'.
ERROR:pyubx2.ubxreader:Unknown protocol header b'$\x00'.
ERROR:pyubx2.ubxreader:Unknown protocol header b'$\x02'.
ERROR:pyubx2.ubxreader:Unknown protocol header b'\xb5\x1b'.
ERROR:pyubx2.ubxreader:Unknown protocol header b'\xb5\x02'.
ERROR:pyubx2.ubxreader:Unknown protocol header b'\xb5\x02'.
ERROR:pyubx2.ubxreader:Unknown protocol header b'\xb5\x13'.
ERROR:pyubx2.ubxreader:Unknown protocol header b'\xb5\x13'.
ERROR:pyubx2.ubxreader:Unknown protocol header b'\xb5\x1b'.
ERROR:pyubx2.ubxreader:Unknown protocol header b'\xb5\x02'.
ERROR:pyubx2.ubxreader:Unknown protocol header b'\xb5\x02'.
ERROR:pyubx2.ubxreader:Unknown protocol header b'\xb5\x02'.
ERROR:pyubx2.ubxreader:Unknown protocol header b'\xb5\x02'.
ERROR:pyubx2.ubxreader:Unknown protocol header b'\xb5\x02'.
ERROR:pyubx2.ubxreader:Unknown protocol header b'\xb5\x02'.
ERROR:pyubx2.ubxreader:Unknown protocol header b'\xb5\x02'.
ERROR:pyubx2.ubxreader:Unknown protocol header b'\xb5\x02'.
ERROR:pyubx2.ubxreader:Message checksum b',0' invalid - should be b'\x8d>'
ERROR:pyubx2.ubxreader:Message checksum b'e\xb5' invalid - should be b'\xdco'
ERROR:pyubx2.ubxreader:Unknown protocol header b'\xb5\x01'.
ERROR:pyubx2.ubxreader:Unknown protocol header b'$\x05'.
ERROR:pyubx2.ubxreader:Unknown protocol header b'$\x00'.
ERROR:pyubx2.ubxreader:Unknown protocol header b'\xb5\x01'.
ERROR:pyubx2.ubxreader:Unknown protocol header b'$\x07'.
ERROR:pyubx2.ubxreader:Unknown protocol header b'\xb5\x01'.
ERROR:pyubx2.ubxreader:Unknown protocol header b'\xb5\x01'.
ERROR:pyubx2.ubxreader:Unknown protocol header b'\xb5\x01'.
ERROR:pyubx2.ubxreader:Unknown protocol header b'\xb5\x01'.
ERROR:pyubx2.ubxreader:Unknown protocol header b'$b'.
ERROR:pyubx2.ubxreader:Unknown protocol header b'\xb5\x01'.
ERROR:pyubx2.ubxreader:Unknown protocol header b'\xb5\x01'.
ERROR:pyubx2.ubxreader:Unknown protocol header b'\xb5\x01'.
ERROR:pyubx2.ubxreader:Unknown protocol header b'\xd3b'.
ERROR:pyubx2.ubxreader:Unknown protocol header b'\xb5\x01'.
ERROR:pyubx2.ubxreader:Unknown protocol header b'\xb5\x01'.
ERROR:pyubx2.ubxreader:Unknown protocol header b'\xd3q'.
ERROR:pyubx2.ubxreader:Unknown protocol header b'$\x17'.
ERROR:pyubx2.ubxreader:Unknown protocol header b'$7'.
ERROR:pyubx2.ubxreader:Unknown protocol header b'$.'.
ERROR:pyubx2.ubxreader:Unknown protocol header b'\xd3q'.
ERROR:pyubx2.ubxreader:Unknown protocol header b'$\x17'.
ERROR:pyubx2.ubxreader:Unknown protocol header b'$\x17'.
ERROR:pyubx2.ubxreader:Unknown protocol header b'$\xd7'.
ERROR:pyubx2.ubxreader:Unknown protocol header b'$\xa0'.
ERROR:pyubx2.ubxreader:Unknown protocol header b'\xd3u'.
ERROR:pyubx2.ubxreader:Unknown protocol header b'\xd3q'.
ERROR:pyubx2.ubxreader:Unknown protocol header b'\xb5\n'.
ERROR:pyubx2.ubxreader:Unknown protocol header b'$\x01'.
ERROR:pyubx2.ubxreader:Unknown protocol header b'\xb5\x81'.
ERROR:pyubx2.ubxreader:Unknown protocol header b'\xb5\xdf'.
ERROR:pyubx2.ubxreader:Unknown protocol header b'\xb5\x0c'.
ERROR:pyubx2.ubxreader:Unknown protocol header b'\xb5\xf1'.
ERROR:pyubx2.ubxreader:Unknown protocol header b'\xd3\xbd'.
ERROR:pyubx2.ubxreader:Unknown protocol header b'$\xac'.
ERROR:pyubx2.ubxreader:Unknown protocol header b'$\x00'.
ERROR:pyubx2.ubxreader:Unknown protocol header b'$\x05'.
ERROR:pyubx2.ubxreader:Unknown protocol header b'$\x99'.
ERROR:pyubx2.ubxreader:Unknown protocol header b'\xd3\xc1'.
ERROR:pyubx2.ubxreader:Unknown protocol header b'\xd33'.
ERROR:pyubx2.ubxreader:Unknown protocol header b'$\x06'.
ERROR:pyubx2.ubxreader:Unknown protocol header b'$j'.
ERROR:pyubx2.ubxreader:Unknown protocol header b'$\x00'.
ERROR:pyubx2.ubxreader:Message checksum b'\x0c\xb5' invalid - should be b'p6'
ERROR:pyubx2.ubxreader:Unknown protocol header b'$\x00'.
ERROR:pyubx2.ubxreader:Unknown protocol header b'$\t'.
ERROR:pyubx2.ubxreader:Unknown protocol header b'$\x05'.
ERROR:pyubx2.ubxreader:Unknown protocol header b'$.'.
ERROR:pyubx2.ubxreader:Unknown protocol header b'\xb5\x02'.
ERROR:pyubx2.ubxreader:Unknown protocol header b'\xb5\x02'.
ERROR:pyubx2.ubxreader:Unknown protocol header b'\xb5\x02'.
ERROR:pyubx2.ubxreader:Serial stream terminated unexpectedly. 49410 bytes requested, 16111 bytes returned.
ERROR:pyubx2.ubxreader:Unknown protocol header b'\xb5\n'.
ERROR:pyubx2.ubxreader:Unknown protocol header b'\xb5\n'.
ERROR:pyubx2.ubxreader:Unknown protocol header b'\xb5\n'.
ERROR:pyubx2.ubxreader:Unknown protocol header b'\xb5\x02'.
ERROR:pyubx2.ubxreader:Unknown protocol header b'$\x00'.
ERROR:pyubx2.ubxreader:Unknown protocol header b"\xb5'".
ERROR:pyubx2.ubxreader:Unknown protocol header b"\xb5'".
ERROR:pyubx2.ubxreader:Unknown protocol header b'$,'.
ERROR:pyubx2.ubxreader:Unknown protocol header b'$\x00'.
ERROR:pyubx2.ubxreader:Unknown protocol header b'\xb5\x01'.
ERROR:pyubx2.ubxreader:Unknown protocol header b'$\x05'.
ERROR:pyubx2.ubxreader:Unknown protocol header b'$\x00'.
ERROR:pyubx2.ubxreader:Unknown protocol header b'$\x07'.
ERROR:pyubx2.ubxreader:Message checksum b'\xda\xb5' invalid - should be b'\xfaM'
ERROR:pyubx2.ubxreader:Unknown protocol header b'$\x14'.
ERROR:pyubx2.ubxreader:Unknown protocol header b'\xb5\x01'.
ERROR:pyubx2.ubxreader:Unknown protocol header b'\xb5\x01'.
ERROR:pyubx2.ubxreader:Unknown protocol header b'\xb5\x01'.
ERROR:pyubx2.ubxreader:Unknown protocol header b'\xb5\x01'.
ERROR:pyubx2.ubxreader:Unknown protocol header b'\xb5\x01'.
ERROR:pyubx2.ubxreader:Unknown protocol header b'\xd3A'.
ERROR:pyubx2.ubxreader:Unknown protocol header b'\xb5\x01'.
ERROR:pyubx2.ubxreader:Unknown protocol header b'\xb5\x01'.
ERROR:pyubx2.ubxreader:Unknown protocol header b'\xb5\x01'.
ERROR:pyubx2.ubxreader:Unknown protocol header b'\xb5\x01'.
ERROR:pyubx2.ubxreader:Unknown protocol header b'\xb5\x01'.
ERROR:pyubx2.ubxreader:Unknown protocol header b"\xb5'".
ERROR:pyubx2.ubxreader:Unknown protocol header b'$\xd7'.
ERROR:pyubx2.ubxreader:Unknown protocol header b'$.'.
ERROR:pyubx2.ubxreader:Unknown protocol header b'\xd3q'.
ERROR:pyubx2.ubxreader:Unknown protocol header b'$\xf7'.
ERROR:pyubx2.ubxreader:Unknown protocol header b'$\x17'.
ERROR:pyubx2.ubxreader:Unknown protocol header b'\xd3q'.
ERROR:pyubx2.ubxreader:Unknown protocol header b'$\x17'.
ERROR:pyubx2.ubxreader:Unknown protocol header b'$.'.
ERROR:pyubx2.ubxreader:Unknown protocol header b'$d'.
ERROR:pyubx2.ubxreader:Unknown protocol header b'$\x17'.
ERROR:pyubx2.ubxreader:Unknown protocol header b'\xb5\x02'.
ERROR:pyubx2.ubxreader:Unknown protocol header b'\xb5\x02'.
ERROR:pyubx2.ubxreader:Unknown protocol header b'\xb5\x00'.
ERROR:pyubx2.ubxreader:Message checksum b'A\xb9' invalid - should be b'J\x81'
ERROR:pyubx2.ubxreader:Unknown protocol header b'\xb5\x06'.
ERROR:pyubx2.ubxreader:Unknown protocol header b'\xd3\x92'.
ERROR:pyubx2.ubxreader:Unknown protocol header b'\xb5\x9b'.
ERROR:pyubx2.ubxreader:Unknown protocol header b'\xd3\x90'.
ERROR:pyubx2.ubxreader:Unknown protocol header b'$\x05'.
ERROR:pyubx2.ubxreader:Unknown protocol header b'$\xce'.
ERROR:pyubx2.ubxreader:Unknown protocol header b'\xb5\x02'.
ERROR:pyubx2.ubxreader:Unknown protocol header b'\xb5\x02'.
ERROR:pyubx2.ubxreader:Unknown protocol header b'\xb5\x02'.
ERROR:pyubx2.ubxreader:Unknown protocol header b'\xb5\x02'.
ERROR:pyubx2.ubxreader:Unknown protocol header b'\xb5\x02'.
ERROR:pyubx2.ubxreader:Message checksum b'1*' invalid - should be b';\xe0'
ERROR:pyubx2.ubxreader:Unknown protocol header b'$Q'.
ERROR:pyubx2.ubxreader:Unknown protocol header b'$\t'.
ERROR:pyubx2.ubxreader:Unknown protocol header b'$\x00'.
ERROR:pyubx2.ubxreader:Message checksum b',\xb5' invalid - should be b'\x9a9'
ERROR:pyubx2.ubxreader:Unknown protocol header b'$\x07'.
ERROR:pyubx2.ubxreader:Message checksum b'\x00\x00' invalid - should be b'=\x1b'
ERROR:pyubx2.ubxreader:Message checksum b';;' invalid - should be b'\xcc\x91'
ERROR:pyubx2.ubxreader:Unknown protocol header b'\xb5\n'.
ERROR:pyubx2.ubxreader:Unknown protocol header b'\xb5\n'.
ERROR:pyubx2.ubxreader:Unknown protocol header b'\xb5\n'.
ERROR:pyubx2.ubxreader:Unknown protocol header b'\xb5\n'.
ERROR:pyubx2.ubxreader:Unknown protocol header b'\xb5\n'.
ERROR:pyubx2.ubxreader:Message checksum b'lI' invalid - should be b'\t\x8d'
ERROR:pyubx2.ubxreader:Unknown protocol header b'\xb5\xfa'.
ERROR:pyubx2.ubxreader:Unknown protocol header b'\xb5\x04'.
ERROR:pyubx2.ubxreader:Unknown protocol header b'$\x81'.
ERROR:pyubx2.ubxreader:Unknown protocol header b'$\x00'.
ERROR:pyubx2.ubxreader:Unknown protocol header b'\xd3\xe8'.
ERROR:pyubx2.ubxreader:Unknown protocol header b'$\x02'.
ERROR:pyubx2.ubxreader:Unknown protocol header b'$\xf8'.
ERROR:pyubx2.ubxreader:Unknown protocol header b'$v'.
