nohup: ignoring input
DEBUG:root:Starting Flask app...
WARNING:werkzeug:Werkzeug appears to be used in a production deployment. Consider switching to a production web server instead.
 * Serving Flask app 'app'
 * Debug mode: off
Address already in use
Port 5000 is in use by another program. Either identify and stop that program, or start the server with a different port.
ERROR:pyubx2.ubxreader:Unknown protocol header b'$\x00'.
ERROR:pyubx2.ubxreader:Unknown protocol header b'$\x00'.
ERROR:pyubx2.ubxreader:Unknown protocol header b'\xb5\x01'.
ERROR:pyubx2.ubxreader:Unknown protocol header b'$1'.
ERROR:pyubx2.ubxreader:Unknown protocol header b'\xb5\n'.
ERROR:pyubx2.ubxreader:Unknown protocol header b'\xb5\x02'.
ERROR:pyubx2.ubxreader:Unknown protocol header b'\xb5\x02'.
ERROR:pyubx2.ubxreader:Unknown protocol header b'\xb5\x02'.
ERROR:pyubx2.ubxreader:Unknown protocol header b'\xb5\x02'.
ERROR:pyubx2.ubxreader:Unknown protocol header b'$\x00'.
ERROR:pyubx2.ubxreader:Unknown protocol header b'\xd3\xff'.
ERROR:pyubx2.ubxreader:Unknown protocol header b'$\x00'.
ERROR:pyubx2.ubxreader:Unknown protocol header b"\xb5'".
ERROR:pyubx2.ubxreader:Unknown protocol header b'$\xa5'.
ERROR:pyubx2.ubxreader:Unknown protocol header b'$\xbc'.
ERROR:pyubx2.ubxreader:Unknown protocol header b'\xb5\x18'.
ERROR:pyubx2.ubxreader:Unknown protocol header b'\xd3$'.
ERROR:pyubx2.ubxreader:Unknown protocol header b'$\x02'.
ERROR:pyubx2.ubxreader:Unknown protocol header b'$\x00'.
ERROR:pyubx2.ubxreader:Unknown protocol header b'\xb5\x01'.
ERROR:pyubx2.ubxreader:Unknown protocol header b'$\x00'.
ERROR:pyubx2.ubxreader:Unknown protocol header b'$\x00'.
ERROR:pyubx2.ubxreader:Unknown protocol header b'\xb5\xb5'.
ERROR:pyubx2.ubxreader:Unknown protocol header b'\xb5\xb5'.
ERROR:pyubx2.ubxreader:Unknown protocol header b'\xb5\xb5'.
ERROR:pyubx2.ubxreader:Unknown protocol header b'\xb5\x00'.
ERROR:pyubx2.ubxreader:Unknown protocol header b'$\x00'.
ERROR:pyubx2.ubxreader:Unknown protocol header b'\xb5\x01'.
ERROR:pyubx2.ubxreader:Unknown protocol header b'\xb5\x01'.
ERROR:pyubx2.ubxreader:Unknown protocol header b'\xb5\x01'.
ERROR:pyubx2.ubxreader:Unknown protocol header b'$\x14'.
ERROR:pyubx2.ubxreader:Unknown protocol header b'\xb5\x01'.
ERROR:pyubx2.ubxreader:Unknown protocol header b'\xb5\x01'.
ERROR:pyubx2.ubxreader:Unknown protocol header b'\xb5\x01'.
ERROR:pyubx2.ubxreader:Unknown protocol header b'\xb5\x01'.
ERROR:pyubx2.ubxreader:Unknown protocol header b'\xb5\x01'.
ERROR:pyubx2.ubxreader:Unknown protocol header b'\xb5\x01'.
ERROR:pyubx2.ubxreader:Unknown protocol header b'\xb5\x01'.
ERROR:pyubx2.ubxreader:Unknown protocol header b'\xb5\x01'.
ERROR:pyubx2.ubxreader:Unknown protocol header b'\xb5\x01'.
ERROR:pyubx2.ubxreader:Unknown protocol header b'\xb5\x01'.
ERROR:pyubx2.ubxreader:Unknown protocol header b'\xb5\x01'.
ERROR:pyubx2.ubxreader:Unknown protocol header b'\xb5\xa4'.
ERROR:pyubx2.ubxreader:Unknown protocol header b'$\xf7'.
ERROR:pyubx2.ubxreader:Unknown protocol header b'$\x17'.
ERROR:pyubx2.ubxreader:Unknown protocol header b'$7'.
ERROR:pyubx2.ubxreader:Unknown protocol header b'\xd3q'.
ERROR:pyubx2.ubxreader:Unknown protocol header b'$\xd7'.
ERROR:pyubx2.ubxreader:Unknown protocol header b'$\xf7'.
ERROR:pyubx2.ubxreader:Unknown protocol header b'$\xd7'.
ERROR:pyubx2.ubxreader:Unknown protocol header b'\xd3q'.
ERROR:pyubx2.ubxreader:Unknown protocol header b'\xd3q'.
ERROR:pyubx2.ubxreader:Unknown protocol header b'\xb5\r'.
ERROR:pyubx2.ubxreader:Message checksum b'm0' invalid - should be b'\xb1h'
ERROR:pyubx2.ubxreader:Unknown protocol header b'\xb5\x02'.
ERROR:pyubx2.ubxreader:Unknown protocol header b'\xb5\x13'.
ERROR:pyubx2.ubxreader:Unknown protocol header b'\xb5\x13'.
ERROR:pyubx2.ubxreader:Unknown protocol header b'\xb5\x13'.
ERROR:pyubx2.ubxreader:Unknown protocol header b'\xb5\x02'.
ERROR:pyubx2.ubxreader:Unknown protocol header b'\xb5\x02'.
ERROR:pyubx2.ubxreader:Message checksum b'\x00\x00' invalid - should be b'$t'
ERROR:pyubx2.ubxreader:Unknown protocol header b'\xb5\n'.
ERROR:pyubx2.ubxreader:Unknown protocol header b'\xb5\n'.
ERROR:pyubx2.ubxreader:Message checksum b'\x04\x00' invalid - should be b'\xde\xd0'
ERROR:pyubx2.ubxreader:Unknown protocol header b'$\x01'.
ERROR:pyubx2.ubxreader:Message checksum b',\xb5' invalid - should be b'\x99R'
ERROR:pyubx2.ubxreader:Unknown protocol header b'\xb5\n'.
ERROR:pyubx2.ubxreader:Message checksum b'mb' invalid - should be b'ht'
ERROR:pyubx2.ubxreader:Unknown protocol header b'$\x01'.
ERROR:pyubx2.ubxreader:Unknown protocol header b'$\x13'.
ERROR:pyubx2.ubxreader:Unknown protocol header b'$\xee'.
ERROR:pyubx2.ubxreader:Unknown protocol header b'\xb5\x07'.
ERROR:pyubx2.ubxreader:Unknown protocol header b"\xb5'".
ERROR:pyubx2.ubxreader:Unknown protocol header b'$\x00'.
ERROR:pyubx2.ubxreader:Unknown protocol header b'\xb5A'.
ERROR:pyubx2.ubxreader:Unknown protocol header b'\xb5\x01'.
ERROR:pyubx2.ubxreader:Unknown protocol header b'$\x00'.
ERROR:pyubx2.ubxreader:Unknown protocol header b'\xb5\x01'.
ERROR:pyubx2.ubxreader:Unknown protocol header b'$\x00'.
ERROR:pyubx2.ubxreader:Unknown protocol header b'\xb5\x01'.
ERROR:pyubx2.ubxreader:Unknown protocol header b'\xb5\x01'.
ERROR:pyubx2.ubxreader:Unknown protocol header b'$\x00'.
ERROR:pyubx2.ubxreader:Unknown protocol header b'\xb5\x01'.
ERROR:pyubx2.ubxreader:Unknown protocol header b'$\x14'.
ERROR:pyubx2.ubxreader:Unknown protocol header b'\xb5\x00'.
ERROR:pyubx2.ubxreader:Unknown protocol header b'$\r'.
ERROR:pyubx2.ubxreader:Unknown protocol header b'$\xff'.
ERROR:pyubx2.ubxreader:Unknown protocol header b'$\xff'.
ERROR:pyubx2.ubxreader:Unknown protocol header b'$\xff'.
ERROR:pyubx2.ubxreader:Unknown protocol header b'\xb5\n'.
ERROR:pyubx2.ubxreader:Unknown protocol header b'\xb5\n'.
ERROR:pyubx2.ubxreader:Unknown protocol header b'$\x02'.
ERROR:pyubx2.ubxreader:Unknown protocol header b'\xd3\xb5'.
ERROR:pyubx2.ubxreader:Unknown protocol header b'\xb5\x00'.
ERROR:pyubx2.ubxreader:Unknown protocol header b"\xb5'".
ERROR:pyubx2.ubxreader:Unknown protocol header b'$\x00'.
ERROR:pyubx2.ubxreader:Unknown protocol header b'\xb5A'.
ERROR:pyubx2.ubxreader:Unknown protocol header b'$.'.
ERROR:pyubx2.ubxreader:Unknown protocol header b'$\xc3'.
ERROR:pyubx2.ubxreader:Unknown protocol header b'\xb5\x02'.
ERROR:pyubx2.ubxreader:Unknown protocol header b'\xb5\x02'.
ERROR:pyubx2.ubxreader:Unknown protocol header b'\xb5\x02'.
ERROR:pyubx2.ubxreader:Unknown protocol header b'\xb5\x02'.
ERROR:pyubx2.ubxreader:Unknown protocol header b'\xb5\x02'.
ERROR:pyubx2.ubxreader:Unknown protocol header b'$\x00'.
ERROR:pyubx2.ubxreader:Unknown protocol header b'\xb5\x02'.
ERROR:pyubx2.ubxreader:Unknown protocol header b'\xb5\x02'.
ERROR:pyubx2.ubxreader:Unknown protocol header b'\xb5\x02'.
ERROR:pyubx2.ubxreader:Unknown protocol header b'\xb5\x02'.
ERROR:pyubx2.ubxreader:Unknown protocol header b'\xb5\x01'.
ERROR:pyubx2.ubxreader:Unknown protocol header b'\xb5\x01'.
ERROR:pyubx2.ubxreader:Unknown protocol header b'\xb5\x01'.
ERROR:pyubx2.ubxreader:Unknown protocol header b'$\x00'.
ERROR:pyubx2.ubxreader:Unknown protocol header b'$+'.
ERROR:pyubx2.ubxreader:Unknown protocol header b'$\x00'.
ERROR:pyubx2.ubxreader:Unknown protocol header b'\xb5\x01'.
ERROR:pyubx2.ubxreader:Unknown protocol header b'$\x00'.
ERROR:pyubx2.ubxreader:Unknown protocol header b'$\x1f'.
ERROR:pyubx2.ubxreader:Unknown protocol header b'$\x00'.
ERROR:pyubx2.ubxreader:Unknown protocol header b'\xb5\x01'.
ERROR:pyubx2.ubxreader:Unknown protocol header b'\xb5\x01'.
ERROR:pyubx2.ubxreader:Unknown protocol header b'\xb5\x01'.
ERROR:pyubx2.ubxreader:Unknown protocol header b'\xb5\x01'.
ERROR:pyubx2.ubxreader:Unknown protocol header b'\xb5\x01'.
ERROR:pyubx2.ubxreader:Unknown protocol header b'\xb5\x01'.
ERROR:pyubx2.ubxreader:Unknown protocol header b'\xb5\x01'.
ERROR:pyubx2.ubxreader:Unknown protocol header b'\xb5\x01'.
ERROR:pyubx2.ubxreader:Unknown protocol header b'\xb5\x01'.
ERROR:pyubx2.ubxreader:Unknown protocol header b'\xb5\x01'.
ERROR:pyubx2.ubxreader:Unknown protocol header b'$\xb7'.
ERROR:pyubx2.ubxreader:Unknown protocol header b'\xb5\xb5'.
ERROR:pyubx2.ubxreader:Unknown protocol header b'\xb5\x01'.
ERROR:pyubx2.ubxreader:Unknown protocol header b'\xb5\xa4'.
ERROR:pyubx2.ubxreader:Unknown protocol header b'$\xd7'.
ERROR:pyubx2.ubxreader:Unknown protocol header b'$u'.
ERROR:pyubx2.ubxreader:Unknown protocol header b'$u'.
ERROR:pyubx2.ubxreader:Unknown protocol header b'$u'.
ERROR:pyubx2.ubxreader:Unknown protocol header b'\xd3\xa1'.
ERROR:pyubx2.ubxreader:Unknown protocol header b'\xd3D'.
ERROR:pyubx2.ubxreader:Unknown protocol header b'$y'.
ERROR:pyubx2.ubxreader:Unknown protocol header b'\xd3U'.
ERROR:pyubx2.ubxreader:Unknown protocol header b'$y'.
ERROR:pyubx2.ubxreader:Unknown protocol header b'$.'.
ERROR:pyubx2.ubxreader:Unknown protocol header b'$\x99'.
ERROR:pyubx2.ubxreader:Unknown protocol header b'\xb5\xb5'.
ERROR:pyubx2.ubxreader:Unknown protocol header b'\xb5\x16'.
ERROR:pyubx2.ubxreader:Unknown protocol header b'\xb5\x91'.
ERROR:pyubx2.ubxreader:Unknown protocol header b'\xb5&'.
ERROR:pyubx2.ubxreader:Unknown protocol header b'$\x03'.
ERROR:pyubx2.ubxreader:Unknown protocol header b'$\x00'.
ERROR:pyubx2.ubxreader:Unknown protocol header b'$\xb6'.
ERROR:pyubx2.ubxreader:Unknown protocol header b'\xb5A'.
ERROR:pyubx2.ubxreader:Unknown protocol header b'$\x82'.
ERROR:pyubx2.ubxreader:Unknown protocol header b'$w'.
ERROR:pyubx2.ubxreader:Unknown protocol header b'$\x03'.
ERROR:pyubx2.ubxreader:Unknown protocol header b'\xb5\x01'.
ERROR:pyubx2.ubxreader:Unknown protocol header b'\xb5\x01'.
ERROR:pyubx2.ubxreader:Unknown protocol header b'\xb5\x01'.
ERROR:pyubx2.ubxreader:Unknown protocol header b'$\x00'.
ERROR:pyubx2.ubxreader:Unknown protocol header b'$\x05'.
ERROR:pyubx2.ubxreader:Unknown protocol header b'$\xd2'.
ERROR:pyubx2.ubxreader:Unknown protocol header b'\xb5\x01'.
ERROR:pyubx2.ubxreader:Unknown protocol header b'$\x00'.
ERROR:pyubx2.ubxreader:Unknown protocol header b'\xb5\x01'.
ERROR:pyubx2.ubxreader:Unknown protocol header b'$\x14'.
ERROR:pyubx2.ubxreader:Unknown protocol header b'\xb5\x01'.
ERROR:pyubx2.ubxreader:Unknown protocol header b'\xb5\x01'.
ERROR:pyubx2.ubxreader:Unknown protocol header b"\xb5'".
ERROR:pyubx2.ubxreader:Unknown protocol header b'\xd3\x91'.
ERROR:pyubx2.ubxreader:Unknown protocol header b'$\xdb'.
ERROR:pyubx2.ubxreader:Unknown protocol header b'\xd3q'.
ERROR:pyubx2.ubxreader:Unknown protocol header b'$\xf7'.
ERROR:pyubx2.ubxreader:Unknown protocol header b'$\x17'.
ERROR:pyubx2.ubxreader:Unknown protocol header b'$7'.
ERROR:pyubx2.ubxreader:Unknown protocol header b'\xd3q'.
ERROR:pyubx2.ubxreader:Unknown protocol header b'$\x17'.
ERROR:pyubx2.ubxreader:Unknown protocol header b'$\xd7'.
ERROR:pyubx2.ubxreader:Unknown protocol header b'\xd3u'.
ERROR:pyubx2.ubxreader:Unknown protocol header b'\xd3D'.
ERROR:pyubx2.ubxreader:Unknown protocol header b'$$'.
ERROR:pyubx2.ubxreader:Unknown protocol header b'\xd3q'.
ERROR:pyubx2.ubxreader:Unknown protocol header b'$\xd8'.
ERROR:pyubx2.ubxreader:Unknown protocol header b'\xb5\r'.
ERROR:pyubx2.ubxreader:Unknown protocol header b'\xb5\x02'.
ERROR:pyubx2.ubxreader:Unknown protocol header b'\xb5\x02'.
ERROR:pyubx2.ubxreader:Unknown protocol header b'\xb5\x02'.
ERROR:pyubx2.ubxreader:Unknown protocol header b'\xb5\x02'.
ERROR:pyubx2.ubxreader:Unknown protocol header b'\xb5\x02'.
ERROR:pyubx2.ubxreader:Unknown protocol header b'\xb5\x02'.
ERROR:pyubx2.ubxreader:Unknown protocol header b'\xb5\x02'.
ERROR:pyubx2.ubxreader:Unknown protocol header b'\xb5\n'.
ERROR:pyubx2.ubxreader:Unknown protocol header b'\xb5\n'.
ERROR:pyubx2.ubxreader:Unknown protocol header b'\xb5\n'.
ERROR:pyubx2.ubxreader:Unknown protocol header b'\xb5\n'.
ERROR:pyubx2.ubxreader:Unknown protocol header b'$\x01'.
ERROR:pyubx2.ubxreader:Unknown protocol header b'$\x00'.
ERROR:pyubx2.ubxreader:Unknown protocol header b'$\xf0'.
ERROR:pyubx2.ubxreader:Unknown protocol header b"\xb5'".
ERROR:pyubx2.ubxreader:Unknown protocol header b'\xd3v'.
ERROR:pyubx2.ubxreader:Unknown protocol header b'$\x03'.
ERROR:pyubx2.ubxreader:Unknown protocol header b'\xd3\xb8'.
ERROR:pyubx2.ubxreader:Unknown protocol header b'$K'.
ERROR:pyubx2.ubxreader:Unknown protocol header b'\xb5A'.
ERROR:pyubx2.ubxreader:Unknown protocol header b'\xb5V'.
ERROR:pyubx2.ubxreader:Unknown protocol header b'$]'.
ERROR:pyubx2.ubxreader:Unknown protocol header b'\xb5\x02'.
ERROR:pyubx2.ubxreader:Unknown protocol header b'\xb5\x02'.
ERROR:pyubx2.ubxreader:Unknown protocol header b'\xb5\x02'.
ERROR:pyubx2.ubxreader:Unknown protocol header b'\xb5\x02'.
ERROR:pyubx2.ubxreader:Unknown protocol header b'\xb5\x02'.
ERROR:pyubx2.ubxreader:Unknown protocol header b'\xb5\x02'.
ERROR:pyubx2.ubxreader:Unknown protocol header b'\xb5\x02'.
ERROR:pyubx2.ubxreader:Unknown protocol header b'\xb5\x02'.
ERROR:pyubx2.ubxreader:Unknown protocol header b'\xb5\x02'.
ERROR:pyubx2.ubxreader:Unknown protocol header b'\xb5\x02'.
ERROR:pyubx2.ubxreader:Message checksum b'\n$' invalid - should be b'\xd6\x98'
ERROR:pyubx2.ubxreader:Unknown protocol header b'\xb5\x02'.
ERROR:pyubx2.ubxreader:Unknown protocol header b'$+'.
ERROR:pyubx2.ubxreader:Unknown protocol header b'\xb5\x01'.
ERROR:pyubx2.ubxreader:Unknown protocol header b'$\x05'.
ERROR:pyubx2.ubxreader:Unknown protocol header b'$\x00'.
ERROR:pyubx2.ubxreader:Unknown protocol header b'\xb5\x01'.
ERROR:pyubx2.ubxreader:Unknown protocol header b'$\x00'.
ERROR:pyubx2.ubxreader:Unknown protocol header b'\xb5\x01'.
ERROR:pyubx2.ubxreader:Serial stream terminated unexpectedly. 32770 bytes requested, 17018 bytes returned.
ERROR:pyubx2.ubxreader:Unknown protocol header b'\xd3\xa1'.
ERROR:pyubx2.ubxreader:Unknown protocol header b'\xb56'.
ERROR:pyubx2.ubxreader:Unknown protocol header b'\xb5\n'.
ERROR:pyubx2.ubxreader:Unknown protocol header b'\xb5\n'.
ERROR:pyubx2.ubxreader:Unknown protocol header b'\xb5\xb5'.
ERROR:pyubx2.ubxreader:Unknown protocol header b'\xd3\xff'.
ERROR:pyubx2.ubxreader:Unknown protocol header b"\xb5'".
ERROR:pyubx2.ubxreader:Unknown protocol header b'\xb5\x8e'.
ERROR:pyubx2.ubxreader:Unknown protocol header b'$\x04'.
ERROR:pyubx2.ubxreader:Unknown protocol header b'$\x9c'.
ERROR:pyubx2.ubxreader:Unknown protocol header b'\xd3\x8b'.
ERROR:pyubx2.ubxreader:Unknown protocol header b'\xb5w'.
ERROR:pyubx2.ubxreader:Unknown protocol header b'\xb5\x90'.
ERROR:pyubx2.ubxreader:Unknown protocol header b'$\x03'.
ERROR:pyubx2.ubxreader:Unknown protocol header b'\xb5A'.
ERROR:pyubx2.ubxreader:Unknown protocol header b'\xb5\x02'.
ERROR:pyubx2.ubxreader:Unknown protocol header b'\xb5\x02'.
ERROR:pyubx2.ubxreader:Unknown protocol header b'\xb5\x02'.
ERROR:pyubx2.ubxreader:Unknown protocol header b'$\x12'.
ERROR:pyubx2.ubxreader:Unknown protocol header b'\xb5\x02'.
ERROR:pyubx2.ubxreader:Unknown protocol header b'\xb5\x02'.
ERROR:pyubx2.ubxreader:Unknown protocol header b'\xb5\x02'.
ERROR:pyubx2.ubxreader:Unknown protocol header b'\xb5\x02'.
ERROR:pyubx2.ubxreader:Unknown protocol header b'\xb5\x02'.
ERROR:pyubx2.ubxreader:Unknown protocol header b'\xb5\x02'.
ERROR:pyubx2.ubxreader:Unknown protocol header b'\xb5\x02'.
ERROR:pyubx2.ubxreader:Unknown protocol header b'\xb5\x02'.
ERROR:pyubx2.ubxreader:Unknown protocol header b'\xb5\x02'.
ERROR:pyubx2.ubxreader:Unknown protocol header b'\xb5\x02'.
ERROR:pyubx2.ubxreader:Unknown protocol header b'$\x01'.
ERROR:pyubx2.ubxreader:Unknown protocol header b'\xb5\x02'.
ERROR:pyubx2.ubxreader:Unknown protocol header b'\xb5\x01'.
ERROR:pyubx2.ubxreader:Unknown protocol header b'\xb5\x01'.
ERROR:pyubx2.ubxreader:Unknown protocol header b'\xb5\x01'.
ERROR:pyubx2.ubxreader:Unknown protocol header b'\xb5\x01'.
ERROR:pyubx2.ubxreader:Unknown protocol header b'\xb5\x01'.
ERROR:pyubx2.ubxreader:Unknown protocol header b'\xb5\x01'.
ERROR:pyubx2.ubxreader:Unknown protocol header b'$Q'.
ERROR:pyubx2.ubxreader:Unknown protocol header b'$%'.
ERROR:pyubx2.ubxreader:Unknown protocol header b'$\x00'.
ERROR:pyubx2.ubxreader:Unknown protocol header b'\xb5\x01'.
ERROR:pyubx2.ubxreader:Unknown protocol header b'\xb5\x01'.
ERROR:pyubx2.ubxreader:Unknown protocol header b'$\x90'.
ERROR:pyubx2.ubxreader:Unknown protocol header b'$\x14'.
ERROR:pyubx2.ubxreader:Unknown protocol header b'\xb5\x01'.
ERROR:pyubx2.ubxreader:Unknown protocol header b'\xb5\x01'.
ERROR:pyubx2.ubxreader:Unknown protocol header b'\xb5\x01'.
ERROR:pyubx2.ubxreader:Unknown protocol header b'\xb5\x01'.
ERROR:pyubx2.ubxreader:Unknown protocol header b'\xb5\x01'.
ERROR:pyubx2.ubxreader:Unknown protocol header b'\xb5\x01'.
ERROR:pyubx2.ubxreader:Unknown protocol header b'\xb5\x01'.
ERROR:pyubx2.ubxreader:Unknown protocol header b'\xb5\x01'.
ERROR:pyubx2.ubxreader:Unknown protocol header b'\xb5\x01'.
ERROR:pyubx2.ubxreader:Unknown protocol header b'\xb5\x01'.
ERROR:pyubx2.ubxreader:Unknown protocol header b"\xb5'".
ERROR:pyubx2.ubxreader:Unknown protocol header b'\xd3\x8e'.
ERROR:pyubx2.ubxreader:Unknown protocol header b'$\xd7'.
ERROR:pyubx2.ubxreader:Unknown protocol header b'\xd3['.
ERROR:pyubx2.ubxreader:Unknown protocol header b'$\x97'.
ERROR:pyubx2.ubxreader:Unknown protocol header b'\xd3q'.
ERROR:pyubx2.ubxreader:Unknown protocol header b'\xd3\xc0'.
ERROR:pyubx2.ubxreader:Unknown protocol header b'\xb5\r'.
ERROR:pyubx2.ubxreader:Unknown protocol header b'\xb5\n'.
ERROR:pyubx2.ubxreader:Unknown protocol header b'\xb5\x02'.
ERROR:pyubx2.ubxreader:Unknown protocol header b'\xd3g'.
ERROR:pyubx2.ubxreader:Unknown protocol header b'\xb5\x02'.
ERROR:pyubx2.ubxreader:Unknown protocol header b'\xb5\x02'.
ERROR:pyubx2.ubxreader:Unknown protocol header b'$('.
ERROR:pyubx2.ubxreader:Unknown protocol header b'\xb5\n'.
ERROR:pyubx2.ubxreader:Unknown protocol header b'\xb5\n'.
ERROR:pyubx2.ubxreader:Unknown protocol header b'\xb5\n'.
ERROR:pyubx2.ubxreader:Unknown protocol header b'\xb5\n'.
ERROR:pyubx2.ubxreader:Unknown protocol header b'\xb5\n'.
ERROR:pyubx2.ubxreader:Unknown protocol header b'\xb5\n'.
ERROR:pyubx2.ubxreader:Message checksum b'\xaa+' invalid - should be b'T\x1a'
ERROR:pyubx2.ubxreader:Unknown protocol header b'$\xb8'.
ERROR:pyubx2.ubxreader:Unknown protocol header b'$v'.
ERROR:pyubx2.ubxreader:Unknown protocol header b'$\xa5'.
ERROR:pyubx2.ubxreader:Unknown protocol header b'$:'.
ERROR:pyubx2.ubxreader:Unknown protocol header b'\xd3\xcf'.
ERROR:pyubx2.ubxreader:Unknown protocol header b'$\x03'.
ERROR:pyubx2.ubxreader:Unknown protocol header b'\xd3A'.
ERROR:pyubx2.ubxreader:Unknown protocol header b'\xb5\xad'.
ERROR:pyubx2.ubxreader:Unknown protocol header b'$\x02'.
ERROR:pyubx2.ubxreader:Unknown protocol header b'\xb5\x96'.
ERROR:pyubx2.ubxreader:Unknown protocol header b'$\x03'.
ERROR:pyubx2.ubxreader:Unknown protocol header b'$d'.
ERROR:pyubx2.ubxreader:Unknown protocol header b'\xd3\x15'.
ERROR:pyubx2.ubxreader:Unknown protocol header b'$\x03'.
ERROR:pyubx2.ubxreader:Unknown protocol header b'\xb5\x01'.
ERROR:pyubx2.ubxreader:Unknown protocol header b'\xb5\x01'.
ERROR:pyubx2.ubxreader:Unknown protocol header b'$\x00'.
ERROR:pyubx2.ubxreader:Unknown protocol header b'\xb5\x01'.
ERROR:pyubx2.ubxreader:Unknown protocol header b'\xb5\x01'.
ERROR:pyubx2.ubxreader:Unknown protocol header b'$Q'.
ERROR:pyubx2.ubxreader:Unknown protocol header b'$Q'.
ERROR:pyubx2.ubxreader:Unknown protocol header b'$%'.
ERROR:pyubx2.ubxreader:Unknown protocol header b'$\x00'.
ERROR:pyubx2.ubxreader:Unknown protocol header b'\xb5\x01'.
ERROR:pyubx2.ubxreader:Unknown protocol header b'$\x00'.
ERROR:pyubx2.ubxreader:Unknown protocol header b'\xb5\x01'.
ERROR:pyubx2.ubxreader:Unknown protocol header b'$\x01'.
ERROR:pyubx2.ubxreader:Unknown protocol header b'$\x00'.
ERROR:pyubx2.ubxreader:Unknown protocol header b'\xb5\x01'.
ERROR:pyubx2.ubxreader:Unknown protocol header b'$|'.
ERROR:pyubx2.ubxreader:Unknown protocol header b'$\x14'.
ERROR:pyubx2.ubxreader:Message checksum b'\xb5b' invalid - should be b'\xf5]'
ERROR:pyubx2.ubxreader:Unknown protocol header b'\xb5\x02'.
ERROR:pyubx2.ubxreader:Unknown protocol header b'\xb5\x02'.
ERROR:pyubx2.ubxreader:Unknown protocol header b'$\x01'.
ERROR:pyubx2.ubxreader:Unknown protocol header b'\xb5\x02'.
ERROR:pyubx2.ubxreader:Unknown protocol header b'$\x01'.
ERROR:pyubx2.ubxreader:Unknown protocol header b'\xb5\x02'.
ERROR:pyubx2.ubxreader:Unknown protocol header b'\xb5\x01'.
ERROR:pyubx2.ubxreader:Unknown protocol header b'\xb5\x01'.
ERROR:pyubx2.ubxreader:Unknown protocol header b'\xb5\x01'.
ERROR:pyubx2.ubxreader:Unknown protocol header b'\xb5\x01'.
ERROR:pyubx2.ubxreader:Unknown protocol header b'\xb5\x01'.
ERROR:pyubx2.ubxreader:Unknown protocol header b'$\x00'.
ERROR:pyubx2.ubxreader:Unknown protocol header b'$\x00'.
ERROR:pyubx2.ubxreader:Unknown protocol header b'\xb5\x01'.
ERROR:pyubx2.ubxreader:Unknown protocol header b'$\x05'.
ERROR:pyubx2.ubxreader:Unknown protocol header b'$\x1f'.
ERROR:pyubx2.ubxreader:Unknown protocol header b'\xb5\x01'.
ERROR:pyubx2.ubxreader:Unknown protocol header b'$\x00'.
ERROR:pyubx2.ubxreader:Unknown protocol header b'\xb5\x01'.
ERROR:pyubx2.ubxreader:Unknown protocol header b'\xb5\x01'.
ERROR:pyubx2.ubxreader:Unknown protocol header b'\xb5\x01'.
ERROR:pyubx2.ubxreader:Message checksum b'b\x01' invalid - should be b'Rw'
ERROR:pyubx2.ubxreader:Unknown protocol header b'\xb5N'.
ERROR:pyubx2.ubxreader:Unknown protocol header b'$\xff'.
ERROR:pyubx2.ubxreader:Unknown protocol header b'$7'.
ERROR:pyubx2.ubxreader:Unknown protocol header b'\xd3q'.
ERROR:pyubx2.ubxreader:Unknown protocol header b'$\x17'.
ERROR:pyubx2.ubxreader:Unknown protocol header b'\xd3q'.
ERROR:pyubx2.ubxreader:Serial stream terminated unexpectedly. 59394 bytes requested, 22932 bytes returned.
ERROR:pyubx2.ubxreader:Unknown protocol header b'\xb5\n'.
ERROR:pyubx2.ubxreader:Unknown protocol header b'\xb5\n'.
ERROR:pyubx2.ubxreader:Unknown protocol header b'\xb5\n'.
ERROR:pyubx2.ubxreader:Unknown protocol header b'\xb5\n'.
ERROR:pyubx2.ubxreader:Unknown protocol header b'\xb5\n'.
ERROR:pyubx2.ubxreader:Unknown protocol header b'$\x00'.
ERROR:pyubx2.ubxreader:Unknown protocol header b'\xb5\n'.
ERROR:pyubx2.ubxreader:Unknown protocol header b'\xb5\x02'.
ERROR:pyubx2.ubxreader:Unknown protocol header b'\xd3h'.
ERROR:pyubx2.ubxreader:Unknown protocol header b'$x'.
ERROR:pyubx2.ubxreader:Unknown protocol header b'$\xff'.
ERROR:pyubx2.ubxreader:Unknown protocol header b'\xd3Y'.
ERROR:pyubx2.ubxreader:Unknown protocol header b'$\xf4'.
ERROR:pyubx2.ubxreader:Unknown protocol header b'$\r'.
ERROR:pyubx2.ubxreader:Unknown protocol header b'\xb5\xc4'.
ERROR:pyubx2.ubxreader:Unknown protocol header b"\xb5'".
ERROR:pyubx2.ubxreader:Unknown protocol header b"\xb5'".
ERROR:pyubx2.ubxreader:Unknown protocol header b'\xb5\x02'.
ERROR:pyubx2.ubxreader:Unknown protocol header b'\xd3\x05'.
ERROR:pyubx2.ubxreader:Unknown protocol header b'$\x00'.
ERROR:pyubx2.ubxreader:Unknown protocol header b'\xb5A'.
ERROR:pyubx2.ubxreader:Unknown protocol header b'$"'.
ERROR:pyubx2.ubxreader:Unknown protocol header b'\xb5\xc3'.
ERROR:pyubx2.ubxreader:Unknown protocol header b'\xb5\x01'.
ERROR:pyubx2.ubxreader:Unknown protocol header b'\xb5\x01'.
ERROR:pyubx2.ubxreader:Unknown protocol header b'$\x00'.
ERROR:pyubx2.ubxreader:Unknown protocol header b'$\x00'.
ERROR:pyubx2.ubxreader:Unknown protocol header b'$+'.
ERROR:pyubx2.ubxreader:Unknown protocol header b'$\x00'.
ERROR:pyubx2.ubxreader:Unknown protocol header b'\xb5\x01'.
ERROR:pyubx2.ubxreader:Unknown protocol header b'$\x00'.
ERROR:pyubx2.ubxreader:Unknown protocol header b'\xb5\x01'.
ERROR:pyubx2.ubxreader:Unknown protocol header b'\xb5\x01'.
ERROR:pyubx2.ubxreader:Unknown protocol header b'\xb5\x01'.
ERROR:pyubx2.ubxreader:Unknown protocol header b'\xb5\x01'.
ERROR:pyubx2.ubxreader:Unknown protocol header b'\xb5\x01'.
ERROR:pyubx2.ubxreader:Unknown protocol header b'\xb5\x01'.
ERROR:pyubx2.ubxreader:Unknown protocol header b'\xb5\x01'.
ERROR:pyubx2.ubxreader:Unknown protocol header b'\xb5\x01'.
ERROR:pyubx2.ubxreader:Unknown protocol header b'\xb5\x01'.
ERROR:pyubx2.ubxreader:Unknown protocol header b'$\xba'.
ERROR:pyubx2.ubxreader:Unknown protocol header b"\xb5'".
ERROR:pyubx2.ubxreader:Unknown protocol header b'\xb5$'.
ERROR:pyubx2.ubxreader:Unknown protocol header b'\xd3q'.
ERROR:pyubx2.ubxreader:Unknown protocol header b'$7'.
ERROR:pyubx2.ubxreader:Unknown protocol header b'\xd3q'.
ERROR:pyubx2.ubxreader:Unknown protocol header b'$\x17'.
ERROR:pyubx2.ubxreader:Unknown protocol header b'$\xf7'.
ERROR:pyubx2.ubxreader:Unknown protocol header b'\xd3q'.
ERROR:pyubx2.ubxreader:Unknown protocol header b'\xd3q'.
ERROR:pyubx2.ubxreader:Unknown protocol header b'\xb5\r'.
ERROR:pyubx2.ubxreader:Unknown protocol header b'\xb5\x02'.
ERROR:pyubx2.ubxreader:Unknown protocol header b'\xb5\x02'.
ERROR:pyubx2.ubxreader:Unknown protocol header b'\xb5\x02'.
ERROR:pyubx2.ubxreader:Unknown protocol header b'\xb5\n'.
ERROR:pyubx2.ubxreader:Unknown protocol header b'\xb5\n'.
ERROR:pyubx2.ubxreader:Message checksum b'\x86\xb5' invalid - should be b'\xab\xbe'
ERROR:pyubx2.ubxreader:Message checksum b'\x02\x00' invalid - should be b'l|'
ERROR:pyubx2.ubxreader:Unknown protocol header b'\xb5\n'.
ERROR:pyubx2.ubxreader:Unknown protocol header b'\xb5\x02'.
ERROR:pyubx2.ubxreader:Unknown protocol header b'$#'.
ERROR:pyubx2.ubxreader:Unknown protocol header b'$\x9b'.
ERROR:pyubx2.ubxreader:Unknown protocol header b'\xd3\x18'.
ERROR:pyubx2.ubxreader:Unknown protocol header b'$\x00'.
ERROR:pyubx2.ubxreader:Unknown protocol header b'\xb5A'.
ERROR:pyubx2.ubxreader:Unknown protocol header b'\xd3\x98'.
ERROR:pyubx2.ubxreader:Unknown protocol header b'$('.
ERROR:pyubx2.ubxreader:Unknown protocol header b'$Q'.
ERROR:pyubx2.ubxreader:Unknown protocol header b'\xb5}'.
ERROR:pyubx2.ubxreader:Message checksum b'\r\x00' invalid - should be b'C\xdc'
ERROR:pyubx2.ubxreader:Message checksum b'\x0b\x00' invalid - should be b'C\xdc'
ERROR:pyubx2.ubxreader:Message checksum b'\x07\xb5' invalid - should be b'\xa0b'
ERROR:pyubx2.ubxreader:Message checksum b'\x06\x00' invalid - should be b'C\xdc'
ERROR:pyubx2.ubxreader:Message checksum b'\x1d\x00' invalid - should be b'C\xdc'
ERROR:pyubx2.ubxreader:Message checksum b'@\xe8' invalid - should be b'"\x84'
ERROR:pyubx2.ubxreader:Unknown protocol header b'\xb5\xb5'.
ERROR:pyubx2.ubxreader:Unknown protocol header b'$+'.
ERROR:pyubx2.ubxreader:Unknown protocol header b'$\x00'.
ERROR:pyubx2.ubxreader:Unknown protocol header b'$\x05'.
ERROR:pyubx2.ubxreader:Unknown protocol header b'$\x00'.
ERROR:pyubx2.ubxreader:Unknown protocol header b'\xb5\xb5'.
ERROR:pyubx2.ubxreader:Unknown protocol header b'\xb5\xb5'.
ERROR:pyubx2.ubxreader:Unknown protocol header b'\xb5\xb5'.
ERROR:pyubx2.ubxreader:Unknown protocol header b'\xb5\x02'.
ERROR:pyubx2.ubxreader:Unknown protocol header b'$\x00'.
ERROR:pyubx2.ubxreader:Unknown protocol header b'\xd3\x0c'.
ERROR:pyubx2.ubxreader:Unknown protocol header b'$\xaa'.
ERROR:pyubx2.ubxreader:Unknown protocol header b'\xb5\x02'.
ERROR:pyubx2.ubxreader:Unknown protocol header b'\xb5\n'.
ERROR:pyubx2.ubxreader:Unknown protocol header b'\xb5\n'.
ERROR:pyubx2.ubxreader:Unknown protocol header b'\xb5\n'.
ERROR:pyubx2.ubxreader:Unknown protocol header b'\xb5\n'.
ERROR:pyubx2.ubxreader:Unknown protocol header b'\xb5\n'.
ERROR:pyubx2.ubxreader:Unknown protocol header b'\xb51'.
ERROR:pyubx2.ubxreader:Unknown protocol header b'\xb5\x02'.
ERROR:pyubx2.ubxreader:Unknown protocol header b'\xd3\x10'.
ERROR:pyubx2.ubxreader:Unknown protocol header b"\xb5'".
ERROR:pyubx2.ubxreader:Unknown protocol header b"\xb5'".
ERROR:pyubx2.ubxreader:Unknown protocol header b'$\xe6'.
ERROR:pyubx2.ubxreader:Unknown protocol header b'$\x94'.
ERROR:pyubx2.ubxreader:Unknown protocol header b'\xd3\xb6'.
ERROR:pyubx2.ubxreader:Unknown protocol header b'\xb5\xc3'.
ERROR:pyubx2.ubxreader:Unknown protocol header b'$\xb6'.
ERROR:pyubx2.ubxreader:Unknown protocol header b'$\xb4'.
ERROR:pyubx2.ubxreader:Unknown protocol header b'\xb5\x81'.
ERROR:pyubx2.ubxreader:Unknown protocol header b'\xb5A'.
ERROR:pyubx2.ubxreader:Unknown protocol header b'\xd3\xeb'.
ERROR:pyubx2.ubxreader:Unknown protocol header b'\xb5\x81'.
ERROR:pyubx2.ubxreader:Unknown protocol header b'\xb5\x02'.
ERROR:pyubx2.ubxreader:Unknown protocol header b'\xb5\x02'.
ERROR:pyubx2.ubxreader:Unknown protocol header b'\xb5\x02'.
ERROR:pyubx2.ubxreader:Unknown protocol header b'\xb5\x02'.
ERROR:pyubx2.ubxreader:Unknown protocol header b'\xb5\x02'.
ERROR:pyubx2.ubxreader:Unknown protocol header b'\xb5\x02'.
ERROR:pyubx2.ubxreader:Unknown protocol header b'\xb5\x02'.
ERROR:pyubx2.ubxreader:Unknown protocol header b'$\x00'.
ERROR:pyubx2.ubxreader:Unknown protocol header b'\xb5\x11'.
ERROR:pyubx2.ubxreader:Unknown protocol header b'$\x00'.
ERROR:pyubx2.ubxreader:Unknown protocol header b'\xb5\x01'.
ERROR:pyubx2.ubxreader:Unknown protocol header b'$+'.
ERROR:pyubx2.ubxreader:Unknown protocol header b'$\x00'.
ERROR:pyubx2.ubxreader:Unknown protocol header b'\xb5\x01'.
ERROR:pyubx2.ubxreader:Unknown protocol header b'$\x00'.
ERROR:pyubx2.ubxreader:Unknown protocol header b'\xb5\x01'.
ERROR:pyubx2.ubxreader:Unknown protocol header b'$\x00'.
ERROR:pyubx2.ubxreader:Unknown protocol header b'\xb5\x01'.
ERROR:pyubx2.ubxreader:Unknown protocol header b'$\xff'.
ERROR:pyubx2.ubxreader:Unknown protocol header b'$\x14'.
ERROR:pyubx2.ubxreader:Unknown protocol header b'\xb5\x01'.
ERROR:pyubx2.ubxreader:Unknown protocol header b'\xb5\xb5'.
ERROR:pyubx2.ubxreader:Unknown protocol header b'$$'.
Error in get ublox data thread: device reports readiness to read but returned no data (device disconnected or multiple access on port?)
Error in get ublox data thread: device reports readiness to read but returned no data (device disconnected or multiple access on port?)
Error in get ublox data thread: device reports readiness to read but returned no data (device disconnected or multiple access on port?)
Error in get ublox data thread: device reports readiness to read but returned no data (device disconnected or multiple access on port?)
Error in get ublox data thread: device reports readiness to read but returned no data (device disconnected or multiple access on port?)
Error in get ublox data thread: device reports readiness to read but returned no data (device disconnected or multiple access on port?)
Error in get ublox data thread: device reports readiness to read but returned no data (device disconnected or multiple access on port?)
Error in get ublox data thread: device reports readiness to read but returned no data (device disconnected or multiple access on port?)
Error in get ublox data thread: device reports readiness to read but returned no data (device disconnected or multiple access on port?)
Error in get ublox data thread: device reports readiness to read but returned no data (device disconnected or multiple access on port?)
Error in get ublox data thread: device reports readiness to read but returned no data (device disconnected or multiple access on port?)
Error in get ublox data thread: device reports readiness to read but returned no data (device disconnected or multiple access on port?)
Error in get ublox data thread: device reports readiness to read but returned no data (device disconnected or multiple access on port?)
Error in get ublox data thread: device reports readiness to read but returned no data (device disconnected or multiple access on port?)
Error in get ublox data thread: device reports readiness to read but returned no data (device disconnected or multiple access on port?)
Error in get ublox data thread: device reports readiness to read but returned no data (device disconnected or multiple access on port?)
Error in get ublox data thread: device reports readiness to read but returned no data (device disconnected or multiple access on port?)
Error in get ublox data thread: device reports readiness to read but returned no data (device disconnected or multiple access on port?)
Error in get ublox data thread: device reports readiness to read but returned no data (device disconnected or multiple access on port?)
Error in get ublox data thread: device reports readiness to read but returned no data (device disconnected or multiple access on port?)
Error in get ublox data thread: device reports readiness to read but returned no data (device disconnected or multiple access on port?)
Error in get ublox data thread: device reports readiness to read but returned no data (device disconnected or multiple access on port?)
Error in get ublox data thread: device reports readiness to read but returned no data (device disconnected or multiple access on port?)
Error in get ublox data thread: device reports readiness to read but returned no data (device disconnected or multiple access on port?)
Error in get ublox data thread: device reports readiness to read but returned no data (device disconnected or multiple access on port?)
Error in get ublox data thread: device reports readiness to read but returned no data (device disconnected or multiple access on port?)
Error in get ublox data thread: device reports readiness to read but returned no data (device disconnected or multiple access on port?)
Error in get ublox data thread: device reports readiness to read but returned no data (device disconnected or multiple access on port?)
Error in get ublox data thread: device reports readiness to read but returned no data (device disconnected or multiple access on port?)
Error in get ublox data thread: device reports readiness to read but returned no data (device disconnected or multiple access on port?)
Error in get ublox data thread: device reports readiness to read but returned no data (device disconnected or multiple access on port?)
Error in get ublox data thread: device reports readiness to read but returned no data (device disconnected or multiple access on port?)
Error in get ublox data thread: device reports readiness to read but returned no data (device disconnected or multiple access on port?)
Error in get ublox data thread: device reports readiness to read but returned no data (device disconnected or multiple access on port?)
Error in get ublox data thread: device reports readiness to read but returned no data (device disconnected or multiple access on port?)
Error in get ublox data thread: device reports readiness to read but returned no data (device disconnected or multiple access on port?)
Error in get ublox data thread: device reports readiness to read but returned no data (device disconnected or multiple access on port?)
Error in get ublox data thread: device reports readiness to read but returned no data (device disconnected or multiple access on port?)
Error in get ublox data thread: device reports readiness to read but returned no data (device disconnected or multiple access on port?)
Error in get ublox data thread: device reports readiness to read but returned no data (device disconnected or multiple access on port?)
Error in get ublox data thread: device reports readiness to read but returned no data (device disconnected or multiple access on port?)
Error in get ublox data thread: device reports readiness to read but returned no data (device disconnected or multiple access on port?)
Error in get ublox data thread: device reports readiness to read but returned no data (device disconnected or multiple access on port?)
Error in get ublox data thread: device reports readiness to read but returned no data (device disconnected or multiple access on port?)
Error in get ublox data thread: device reports readiness to read but returned no data (device disconnected or multiple access on port?)
Error in get ublox data thread: device reports readiness to read but returned no data (device disconnected or multiple access on port?)
Error in get ublox data thread: device reports readiness to read but returned no data (device disconnected or multiple access on port?)
Error in get ublox data thread: device reports readiness to read but returned no data (device disconnected or multiple access on port?)
Error in get ublox data thread: device reports readiness to read but returned no data (device disconnected or multiple access on port?)
Error in get ublox data thread: device reports readiness to read but returned no data (device disconnected or multiple access on port?)
Error in get ublox data thread: device reports readiness to read but returned no data (device disconnected or multiple access on port?)
Error in get ublox data thread: device reports readiness to read but returned no data (device disconnected or multiple access on port?)
Error in get ublox data thread: device reports readiness to read but returned no data (device disconnected or multiple access on port?)
Error in get ublox data thread: device reports readiness to read but returned no data (device disconnected or multiple access on port?)
Error in get ublox data thread: device reports readiness to read but returned no data (device disconnected or multiple access on port?)
Error in get ublox data thread: device reports readiness to read but returned no data (device disconnected or multiple access on port?)
Error in get ublox data thread: device reports readiness to read but returned no data (device disconnected or multiple access on port?)
Error in get ublox data thread: device reports readiness to read but returned no data (device disconnected or multiple access on port?)
Error in get ublox data thread: device reports readiness to read but returned no data (device disconnected or multiple access on port?)
Error in get ublox data thread: device reports readiness to read but returned no data (device disconnected or multiple access on port?)
Error in get ublox data thread: ERROR:pyubx2.ubxreader:Unknown protocol header b'\xb5\x13'.
ERROR:pyubx2.ubxreader:Unknown protocol header b'\xd3\x89'.
ERROR:pyubx2.ubxreader:Message checksum b'\x00\x00' invalid - should be b'45'
ERROR:pyubx2.ubxreader:Unknown protocol header b'\xb5\n'.
ERROR:pyubx2.ubxreader:Unknown protocol header b'$\x02'.
ERROR:pyubx2.ubxreader:Unknown protocol header b'\xb5\x02'.
ERROR:pyubx2.ubxreader:Unknown protocol header b'$\x01'.
ERROR:pyubx2.ubxreader:Unknown protocol header b'$\xff'.
ERROR:pyubx2.ubxreader:Unknown protocol header b'\xd3\xa1'.
ERROR:pyubx2.ubxreader:Unknown protocol header b'\xd3\x1f'.
ERROR:pyubx2.ubxreader:Unknown protocol header b"\xb5'".
ERROR:pyubx2.ubxreader:Unknown protocol header b'\xb5\x02'.
ERROR:pyubx2.ubxreader:Unknown protocol header b'\xb5\xc4'.
ERROR:pyubx2.ubxreader:Unknown protocol header b'\xb5\x81'.
ERROR:pyubx2.ubxreader:Unknown protocol header b'\xd3\xcc'.
ERROR:pyubx2.ubxreader:Unknown protocol header b'\xd3\x05'.
ERROR:pyubx2.ubxreader:Unknown protocol header b'$\x00'.
ERROR:pyubx2.ubxreader:Unknown protocol header b'\xd3\x0c'.
ERROR:pyubx2.ubxreader:Unknown protocol header b'\xb5\x02'.
ERROR:pyubx2.ubxreader:Unknown protocol header b'\xb5\x02'.
ERROR:pyubx2.ubxreader:Unknown protocol header b'\xb5\x02'.
ERROR:pyubx2.ubxreader:Unknown protocol header b'\xb5\x02'.
ERROR:pyubx2.ubxreader:Unknown protocol header b'\xb5\x02'.
ERROR:pyubx2.ubxreader:Unknown protocol header b'\xb5\x02'.
ERROR:pyubx2.ubxreader:Unknown protocol header b'\xb5\x02'.
ERROR:pyubx2.ubxreader:Unknown protocol header b'\xb5\x02'.
ERROR:pyubx2.ubxreader:Unknown protocol header b'$\x00'.
ERROR:pyubx2.ubxreader:Unknown protocol header b'$\x00'.
ERROR:pyubx2.ubxreader:Unknown protocol header b'$Q'.
ERROR:pyubx2.ubxreader:Unknown protocol header b'$+'.
ERROR:pyubx2.ubxreader:Unknown protocol header b'$\x00'.
ERROR:pyubx2.ubxreader:Unknown protocol header b'\xb5\x01'.
ERROR:pyubx2.ubxreader:Unknown protocol header b'$\x00'.
ERROR:pyubx2.ubxreader:Unknown protocol header b'\xb5\xe8'.
ERROR:pyubx2.ubxreader:Unknown protocol header b'$\x00'.
ERROR:pyubx2.ubxreader:Unknown protocol header b'\xb5\x01'.
ERROR:pyubx2.ubxreader:Unknown protocol header b'\xb5\xb5'.
ERROR:pyubx2.ubxreader:Unknown protocol header b'\xb5\xb5'.
ERROR:pyubx2.ubxreader:Unknown protocol header b'\xb5\xb5'.
ERROR:pyubx2.ubxreader:Unknown protocol header b'\xb5\x00'.
ERROR:pyubx2.ubxreader:Unknown protocol header b'\xb5\x00'.
ERROR:pyubx2.ubxreader:Message checksum b'wA' invalid - should be b'\x90\xd6'
ERROR:pyubx2.ubxreader:Unknown protocol header b'\xd3\xba'.
ERROR:pyubx2.ubxreader:Unknown protocol header b'\xb5\x02'.
ERROR:pyubx2.ubxreader:Unknown protocol header b'\xb5\x02'.
ERROR:pyubx2.ubxreader:Unknown protocol header b'\xb5\x02'.
ERROR:pyubx2.ubxreader:Unknown protocol header b'\xb5\x02'.
ERROR:pyubx2.ubxreader:Unknown protocol header b'\xb5\x02'.
ERROR:pyubx2.ubxreader:Unknown protocol header b'\xb5\x02'.
ERROR:pyubx2.ubxreader:Unknown protocol header b'\xb5\x02'.
ERROR:pyubx2.ubxreader:Unknown protocol header b'$\xb4'.
ERROR:pyubx2.ubxreader:Unknown protocol header b'$\xb4'.
ERROR:pyubx2.ubxreader:Unknown protocol header b'\xb5\x02'.
ERROR:pyubx2.ubxreader:Unknown protocol header b'\xb5\x02'.
ERROR:pyubx2.ubxreader:Unknown protocol header b'\xb5\x02'.
ERROR:pyubx2.ubxreader:Unknown protocol header b'\xb5\x02'.
ERROR:pyubx2.ubxreader:Unknown protocol header b'\xb5\x02'.
ERROR:pyubx2.ubxreader:Unknown protocol header b'$\xb4'.
ERROR:pyubx2.ubxreader:Unknown protocol header b'\xb5\x02'.
ERROR:pyubx2.ubxreader:Unknown protocol header b'\xb5\x02'.
ERROR:pyubx2.ubxreader:Unknown protocol header b'$\xb4'.
ERROR:pyubx2.ubxreader:Unknown protocol header b'\xb5\x02'.
ERROR:pyubx2.ubxreader:Unknown protocol header b'\xb5\x02'.
ERROR:pyubx2.ubxreader:Unknown protocol header b'$\xb4'.
ERROR:pyubx2.ubxreader:Unknown protocol header b'\xb5\x02'.
ERROR:pyubx2.ubxreader:Unknown protocol header b'\xb5\x02'.
ERROR:pyubx2.ubxreader:Unknown protocol header b'$\xb4'.
ERROR:pyubx2.ubxreader:Unknown protocol header b'\xb5\x02'.
ERROR:pyubx2.ubxreader:Unknown protocol header b'$\xb4'.
ERROR:pyubx2.ubxreader:Unknown protocol header b'$\xb4'.
ERROR:pyubx2.ubxreader:Unknown protocol header b'\xb5\x02'.
ERROR:pyubx2.ubxreader:Unknown protocol header b'\xb5\x02'.
ERROR:pyubx2.ubxreader:Unknown protocol header b'$\xb4'.
ERROR:pyubx2.ubxreader:Unknown protocol header b'\xb5\x01'.
ERROR:pyubx2.ubxreader:Unknown protocol header b'\xb5\x01'.
ERROR:pyubx2.ubxreader:Unknown protocol header b'\xb5\x01'.
ERROR:pyubx2.ubxreader:Unknown protocol header b'\xb5\x01'.
ERROR:pyubx2.ubxreader:Unknown protocol header b'\xb5\x01'.
ERROR:pyubx2.ubxreader:Unknown protocol header b'$Q'.
ERROR:pyubx2.ubxreader:Unknown protocol header b'$+'.
ERROR:pyubx2.ubxreader:Unknown protocol header b'$\x00'.
ERROR:pyubx2.ubxreader:Unknown protocol header b'\xb5\x1f'.
ERROR:pyubx2.ubxreader:Unknown protocol header b'$\x05'.
ERROR:pyubx2.ubxreader:Unknown protocol header b'$\x00'.
ERROR:pyubx2.ubxreader:Unknown protocol header b'$\x00'.
ERROR:pyubx2.ubxreader:Unknown protocol header b'$\x00'.
ERROR:pyubx2.ubxreader:Unknown protocol header b'\xb5\x01'.
ERROR:pyubx2.ubxreader:Unknown protocol header b'\xb5\x01'.
ERROR:pyubx2.ubxreader:Unknown protocol header b'\xb5\x01'.
ERROR:pyubx2.ubxreader:Unknown protocol header b'\xb5\x01'.
ERROR:pyubx2.ubxreader:Unknown protocol header b'\xb5\x01'.
ERROR:pyubx2.ubxreader:Unknown protocol header b'\xb5\x01'.
ERROR:pyubx2.ubxreader:Unknown protocol header b'\xb5\x01'.
ERROR:pyubx2.ubxreader:Unknown protocol header b'\xb5\x01'.
ERROR:pyubx2.ubxreader:Unknown protocol header b'\xb5\x01'.
ERROR:pyubx2.ubxreader:Unknown protocol header b'\xb5\x01'.
ERROR:pyubx2.ubxreader:Unknown protocol header b'\xb5\x01'.
ERROR:pyubx2.ubxreader:Unknown protocol header b'\xb5\x01'.
ERROR:pyubx2.ubxreader:Unknown protocol header b'\xb5\x01'.
ERROR:pyubx2.ubxreader:Unknown protocol header b'\xb5\x02'.
ERROR:pyubx2.ubxreader:Unknown protocol header b'\xb5\x01'.
ERROR:pyubx2.ubxreader:Unknown protocol header b"\xb5'".
ERROR:pyubx2.ubxreader:Unknown protocol header b'$\xd7'.
ERROR:pyubx2.ubxreader:Unknown protocol header b'$\x17'.
ERROR:pyubx2.ubxreader:Unknown protocol header b'$\xd7'.
ERROR:pyubx2.ubxreader:Unknown protocol header b'$\xd7'.
ERROR:pyubx2.ubxreader:Unknown protocol header b'$$'.
ERROR:pyubx2.ubxreader:Unknown protocol header b'\xd3q'.
ERROR:pyubx2.ubxreader:Unknown protocol header b'\xb5\x02'.
ERROR:pyubx2.ubxreader:Unknown protocol header b'\xb5\n'.
ERROR:pyubx2.ubxreader:Unknown protocol header b'\xb5\n'.
ERROR:pyubx2.ubxreader:Unknown protocol header b'\xb5\n'.
ERROR:pyubx2.ubxreader:Unknown protocol header b'$\x00'.
ERROR:pyubx2.ubxreader:Unknown protocol header b'\xb5\n'.
ERROR:pyubx2.ubxreader:Unknown protocol header b'\xb5\n'.
ERROR:pyubx2.ubxreader:Unknown protocol header b'$+'.
ERROR:pyubx2.ubxreader:Unknown protocol header b'$\x00'.
ERROR:pyubx2.ubxreader:Unknown protocol header b'\xb5\x01'.
ERROR:pyubx2.ubxreader:Unknown protocol header b'$\x05'.
ERROR:pyubx2.ubxreader:Unknown protocol header b'$\x00'.
ERROR:pyubx2.ubxreader:Unknown protocol header b'$\x00'.
ERROR:pyubx2.ubxreader:Unknown protocol header b'\xb5\x01'.
ERROR:pyubx2.ubxreader:Unknown protocol header b'\xb5\x01'.
ERROR:pyubx2.ubxreader:Unknown protocol header b'\xb5\x01'.
ERROR:pyubx2.ubxreader:Unknown protocol header b'$\x00'.
ERROR:pyubx2.ubxreader:Unknown protocol header b'$Q'.
ERROR:pyubx2.ubxreader:Unknown protocol header b'\xb5\x01'.
ERROR:pyubx2.ubxreader:Unknown protocol header b'$\x00'.
ERROR:pyubx2.ubxreader:Message checksum b'(\xb5' invalid - should be b'$_'
ERROR:pyubx2.ubxreader:Unknown protocol header b'$\x07'.
ERROR:pyubx2.ubxreader:Unknown protocol header b'$)'.
ERROR:pyubx2.ubxreader:Unknown protocol header b'$\x07'.
ERROR:pyubx2.ubxreader:Unknown protocol header b'$\x07'.
ERROR:pyubx2.ubxreader:Unknown protocol header b'$\xb4'.
ERROR:pyubx2.ubxreader:Unknown protocol header b'\xb5\x16'.
ERROR:pyubx2.ubxreader:Unknown protocol header b'\xb5\xb5'.
ERROR:pyubx2.ubxreader:Unknown protocol header b'\xb5\xb5'.
ERROR:pyubx2.ubxreader:Unknown protocol header b'$$'.
ERROR:pyubx2.ubxreader:Unknown protocol header b'$\x03'.
ERROR:pyubx2.ubxreader:Unknown protocol header b'\xb5\xb5'.
ERROR:pyubx2.ubxreader:Unknown protocol header b'\xb5\xb5'.
ERROR:pyubx2.ubxreader:Unknown protocol header b'\xb5\xb5'.
ERROR:pyubx2.ubxreader:Unknown protocol header b'\xb5\xb5'.
ERROR:pyubx2.ubxreader:Unknown protocol header b'\xb5\n'.
ERROR:pyubx2.ubxreader:Unknown protocol header b'\xb5\n'.
ERROR:pyubx2.ubxreader:Unknown protocol header b'\xb5\n'.
ERROR:pyubx2.ubxreader:Unknown protocol header b'\xb5\n'.
ERROR:pyubx2.ubxreader:Unknown protocol header b'\xb5\n'.
ERROR:pyubx2.ubxreader:Unknown protocol header b'$\x02'.
ERROR:pyubx2.ubxreader:Unknown protocol header b'\xb5\x02'.
ERROR:pyubx2.ubxreader:Unknown protocol header b'\xb5\x02'.
ERROR:pyubx2.ubxreader:Message checksum b'L\xd8' invalid - should be b'\xeei'
ERROR:pyubx2.ubxreader:Unknown protocol header b'\xb5\x95'.
ERROR:pyubx2.ubxreader:Unknown protocol header b'$,'.
ERROR:pyubx2.ubxreader:Unknown protocol header b'$Q'.
ERROR:pyubx2.ubxreader:Unknown protocol header b'$Q'.
ERROR:pyubx2.ubxreader:Unknown protocol header b'$%'.
ERROR:pyubx2.ubxreader:Unknown protocol header b'\xb5\x01'.
ERROR:pyubx2.ubxreader:Unknown protocol header b'\xb5\x01'.
ERROR:pyubx2.ubxreader:Unknown protocol header b'$)'.
ERROR:pyubx2.ubxreader:Unknown protocol header b'$\x01'.
ERROR:pyubx2.ubxreader:Unknown protocol header b'$\x00'.
ERROR:pyubx2.ubxreader:Unknown protocol header b'\xb5\x01'.
ERROR:pyubx2.ubxreader:Message checksum b'1\xb5' invalid - should be b'|+'
ERROR:pyubx2.ubxreader:Unknown protocol header b'\xb5\x01'.
ERROR:pyubx2.ubxreader:Unknown protocol header b'$\xd7'.
ERROR:pyubx2.ubxreader:Unknown protocol header b'\xd3q'.
ERROR:pyubx2.ubxreader:Unknown protocol header b'$\x17'.
ERROR:pyubx2.ubxreader:Unknown protocol header b'\xd3q'.
ERROR:pyubx2.ubxreader:Unknown protocol header b'$\x17'.
ERROR:pyubx2.ubxreader:Unknown protocol header b'\xd3D'.
ERROR:pyubx2.ubxreader:Unknown protocol header b'$.'.
ERROR:pyubx2.ubxreader:Unknown protocol header b'$\xf7'.
ERROR:pyubx2.ubxreader:Unknown protocol header b'\xd3q'.
ERROR:pyubx2.ubxreader:Unknown protocol header b'\xd3q'.
ERROR:pyubx2.ubxreader:Unknown protocol header b'\xb5\x02'.
ERROR:pyubx2.ubxreader:Unknown protocol header b'\xb5\x02'.
ERROR:pyubx2.ubxreader:Unknown protocol header b'\xb5\x02'.
ERROR:pyubx2.ubxreader:Unknown protocol header b'\xb5\x02'.
ERROR:pyubx2.ubxreader:Unknown protocol header b'\xb5\x02'.
ERROR:pyubx2.ubxreader:Unknown protocol header b'\xb5\x02'.
ERROR:pyubx2.ubxreader:Unknown protocol header b'\xb5\x02'.
ERROR:pyubx2.ubxreader:Unknown protocol header b'\xb5\n'.
ERROR:pyubx2.ubxreader:Unknown protocol header b'\xb5\n'.
ERROR:pyubx2.ubxreader:Unknown protocol header b'\xb5\n'.
ERROR:pyubx2.ubxreader:Unknown protocol header b'\xb5\n'.
ERROR:pyubx2.ubxreader:Unknown protocol header b'\xb5\n'.
ERROR:pyubx2.ubxreader:Unknown protocol header b'\xb5\n'.
ERROR:pyubx2.ubxreader:Unknown protocol header b'\xb5\n'.
ERROR:pyubx2.ubxreader:Unknown protocol header b'$\x02'.
ERROR:pyubx2.ubxreader:Unknown protocol header b'\xb5\x02'.
ERROR:pyubx2.ubxreader:Unknown protocol header b'$\xff'.
ERROR:pyubx2.ubxreader:Unknown protocol header b"\xb5'".
ERROR:pyubx2.ubxreader:Unknown protocol header b'$\t'.
ERROR:pyubx2.ubxreader:Message checksum b'\x00\x00' invalid - should be b'\x85\x95'
ERROR:pyubx2.ubxreader:Unknown protocol header b'\xb5\xb5'.
ERROR:pyubx2.ubxreader:Unknown protocol header b'\xb5\xb5'.
ERROR:pyubx2.ubxreader:Unknown protocol header b'\xb5\xb5'.
ERROR:pyubx2.ubxreader:Unknown protocol header b'\xd3a'.
ERROR:pyubx2.ubxreader:Unknown protocol header b'\xd3v'.
ERROR:pyubx2.ubxreader:Unknown protocol header b'\xb5\x01'.
ERROR:pyubx2.ubxreader:Unknown protocol header b'\xb5\x01'.
ERROR:pyubx2.ubxreader:Unknown protocol header b'\xb5\x01'.
ERROR:pyubx2.ubxreader:Unknown protocol header b'\xb5\x01'.
ERROR:pyubx2.ubxreader:Unknown protocol header b'\xb5\x01'.
ERROR:pyubx2.ubxreader:Unknown protocol header b'\xb5\n'.
ERROR:pyubx2.ubxreader:Unknown protocol header b'\xb5\n'.
ERROR:pyubx2.ubxreader:Message checksum b'\x00\x00' invalid - should be b'$t'
ERROR:pyubx2.ubxreader:Unknown protocol header b'\xb5\n'.
ERROR:pyubx2.ubxreader:Message checksum b'}\xb5' invalid - should be b'ha'
ERROR:pyubx2.ubxreader:Message checksum b'\x00^' invalid - should be b'\xcf\x17'
ERROR:pyubx2.ubxreader:Unknown protocol header b'\xd3N'.
ERROR:pyubx2.ubxreader:Unknown protocol header b"\xb5'".
ERROR:pyubx2.ubxreader:Unknown protocol header b'\xb5\x02'.
ERROR:pyubx2.ubxreader:Unknown protocol header b'$\x03'.
ERROR:pyubx2.ubxreader:Unknown protocol header b'\xd3\x98'.
ERROR:pyubx2.ubxreader:Unknown protocol header b'$k'.
ERROR:pyubx2.ubxreader:Unknown protocol header b'\xb5A'.
ERROR:pyubx2.ubxreader:Unknown protocol header b'\xd3\xc3'.
ERROR:pyubx2.ubxreader:Unknown protocol header b'$\x97'.
ERROR:pyubx2.ubxreader:Unknown protocol header b'\xb5\x02'.
ERROR:pyubx2.ubxreader:Unknown protocol header b'\xb5\x02'.
ERROR:pyubx2.ubxreader:Unknown protocol header b'\xb5\x02'.
ERROR:pyubx2.ubxreader:Unknown protocol header b'\xb5\x02'.
ERROR:pyubx2.ubxreader:Unknown protocol header b'\xb5\x02'.
ERROR:pyubx2.ubxreader:Unknown protocol header b'\xb5\x02'.
ERROR:pyubx2.ubxreader:Unknown protocol header b'\xb5\x02'.
ERROR:pyubx2.ubxreader:Unknown protocol header b'\xb5\x02'.
ERROR:pyubx2.ubxreader:Unknown protocol header b'\xb5\x02'.
ERROR:pyubx2.ubxreader:Unknown protocol header b'\xb5\x02'.
ERROR:pyubx2.ubxreader:Unknown protocol header b'\xb5\x02'.
ERROR:pyubx2.ubxreader:Unknown protocol header b'\xb5\xb5'.
ERROR:pyubx2.ubxreader:Unknown protocol header b'\xb5\x02'.
ERROR:pyubx2.ubxreader:Unknown protocol header b'\xb5\x02'.
ERROR:pyubx2.ubxreader:Unknown protocol header b'\xb5\x02'.
ERROR:pyubx2.ubxreader:Unknown protocol header b'\xb5\x02'.
ERROR:pyubx2.ubxreader:Unknown protocol header b'\xb5\x02'.
ERROR:pyubx2.ubxreader:Message checksum b'\x00%' invalid - should be b'\x00\x00'
ERROR:pyubx2.ubxreader:Unknown protocol header b'\xb5\x01'.
ERROR:pyubx2.ubxreader:Unknown protocol header b'\xb5\x01'.
ERROR:pyubx2.ubxreader:Unknown protocol header b'$+'.
ERROR:pyubx2.ubxreader:Unknown protocol header b'$\x00'.
ERROR:pyubx2.ubxreader:Unknown protocol header b'$"'.
ERROR:pyubx2.ubxreader:Unknown protocol header b'$\xd2'.
ERROR:pyubx2.ubxreader:Unknown protocol header b'$+'.
ERROR:pyubx2.ubxreader:Unknown protocol header b'$\x00'.
ERROR:pyubx2.ubxreader:Unknown protocol header b'\xb5\x01'.
ERROR:pyubx2.ubxreader:Unknown protocol header b'\xb5\x01'.
ERROR:pyubx2.ubxreader:Unknown protocol header b'\xb5\x01'.
ERROR:pyubx2.ubxreader:Unknown protocol header b'\xb5\x01'.
ERROR:pyubx2.ubxreader:Unknown protocol header b'\xb5\x01'.
ERROR:pyubx2.ubxreader:Unknown protocol header b'\xb5\x01'.
ERROR:pyubx2.ubxreader:Unknown protocol header b'\xb5\x00'.
ERROR:pyubx2.ubxreader:Unknown protocol header b'\xb5\x00'.
ERROR:pyubx2.ubxreader:Unknown protocol header b'\xb5\x02'.
ERROR:pyubx2.ubxreader:Unknown protocol header b'$\x01'.
ERROR:pyubx2.ubxreader:Unknown protocol header b'$\xff'.
ERROR:pyubx2.ubxreader:Unknown protocol header b'\xd3\x19'.
ERROR:pyubx2.ubxreader:Unknown protocol header b"\xb5'".
ERROR:pyubx2.ubxreader:Unknown protocol header b'$\x96'.
ERROR:pyubx2.ubxreader:Unknown protocol header b'\xd3\xc3'.
ERROR:pyubx2.ubxreader:Unknown protocol header b'\xb5\x01'.
ERROR:pyubx2.ubxreader:Unknown protocol header b'\xb5\x00'.
ERROR:pyubx2.ubxreader:Unknown protocol header b'\xb5\x01'.
ERROR:pyubx2.ubxreader:Unknown protocol header b'\xb5\x01'.
ERROR:pyubx2.ubxreader:Unknown protocol header b'\xb5\x01'.
ERROR:pyubx2.ubxreader:Unknown protocol header b'\xb5\x00'.
ERROR:pyubx2.ubxreader:Unknown protocol header b'\xb5\x01'.
ERROR:pyubx2.ubxreader:Unknown protocol header b'\xb5\x01'.
ERROR:pyubx2.ubxreader:Unknown protocol header b'\xb5\x01'.
ERROR:pyubx2.ubxreader:Unknown protocol header b'$+'.
ERROR:pyubx2.ubxreader:Unknown protocol header b'\xd3_'.
ERROR:pyubx2.ubxreader:Unknown protocol header b'$"'.
ERROR:pyubx2.ubxreader:Unknown protocol header b'$\xd2'.
ERROR:pyubx2.ubxreader:Unknown protocol header b"\xd3'".
ERROR:pyubx2.ubxreader:Unknown protocol header b'\xb5\x01'.
ERROR:pyubx2.ubxreader:Unknown protocol header b'\xb5\x01'.
ERROR:pyubx2.ubxreader:Unknown protocol header b'\xb5\x01'.
ERROR:pyubx2.ubxreader:Unknown protocol header b'\xb5\x01'.
ERROR:pyubx2.ubxreader:Unknown protocol header b'\xb5\x01'.
ERROR:pyubx2.ubxreader:Unknown protocol header b'\xb5\x01'.
ERROR:pyubx2.ubxreader:Unknown protocol header b'\xb5\xb5'.
ERROR:pyubx2.ubxreader:Unknown protocol header b'\xb5\xa4'.
ERROR:pyubx2.ubxreader:Unknown protocol header b'\xd3q'.
ERROR:pyubx2.ubxreader:Unknown protocol header b'\xb5\x15'.
ERROR:pyubx2.ubxreader:Unknown protocol header b'$\xd7'.
ERROR:pyubx2.ubxreader:Unknown protocol header b'$\xf7'.
ERROR:pyubx2.ubxreader:Unknown protocol header b'\xd3\xa4'.
ERROR:pyubx2.ubxreader:Unknown protocol header b'\xb5u'.
ERROR:pyubx2.ubxreader:Unknown protocol header b'\xd3D'.
ERROR:pyubx2.ubxreader:Unknown protocol header b'\xb5\x02'.
ERROR:pyubx2.ubxreader:Unknown protocol header b'\xb5\x02'.
ERROR:pyubx2.ubxreader:Unknown protocol header b'\xb5\x02'.
ERROR:pyubx2.ubxreader:Unknown protocol header b'$\x00'.
ERROR:pyubx2.ubxreader:Unknown protocol header b'\xb5\x02'.
ERROR:pyubx2.ubxreader:Unknown protocol header b'\xb5\n'.
ERROR:pyubx2.ubxreader:Unknown protocol header b'\xb5\n'.
ERROR:pyubx2.ubxreader:Unknown protocol header b'\xb5\n'.
ERROR:pyubx2.ubxreader:Unknown protocol header b'\xb5\n'.
ERROR:pyubx2.ubxreader:Unknown protocol header b'\xb5\n'.
ERROR:pyubx2.ubxreader:Unknown protocol header b'\xb5\x01'.
ERROR:pyubx2.ubxreader:Unknown protocol header b'\xb5\x01'.
ERROR:pyubx2.ubxreader:Unknown protocol header b'\xb5\x01'.
ERROR:pyubx2.ubxreader:Unknown protocol header b'\xb5\n'.
ERROR:pyubx2.ubxreader:Unknown protocol header b'\xb5\n'.
ERROR:pyubx2.ubxreader:Unknown protocol header b'\xb5\n'.
ERROR:pyubx2.ubxreader:Unknown protocol header b'\xb5\x00'.
ERROR:pyubx2.ubxreader:Unknown protocol header b'\xb5\n'.
ERROR:pyubx2.ubxreader:Unknown protocol header b'\xb5\n'.
ERROR:pyubx2.ubxreader:Unknown protocol header b'\xb5\x07'.
ERROR:pyubx2.ubxreader:Unknown protocol header b'$$'.
ERROR:pyubx2.ubxreader:Unknown protocol header b'$$'.
ERROR:pyubx2.ubxreader:Unknown protocol header b'\xb5\x00'.
ERROR:pyubx2.ubxreader:Unknown protocol header b'$\t'.
device reports readiness to read but returned no data (device disconnected or multiple access on port?)
Error in get ublox data thread: device reports readiness to read but returned no data (device disconnected or multiple access on port?)
Error in get ublox data thread: device reports readiness to read but returned no data (device disconnected or multiple access on port?)
Error in get ublox data thread: device reports readiness to read but returned no data (device disconnected or multiple access on port?)
Error in get ublox data thread: device reports readiness to read but returned no data (device disconnected or multiple access on port?)
Error in get ublox data thread: device reports readiness to read but returned no data (device disconnected or multiple access on port?)
Error in get ublox data thread: device reports readiness to read but returned no data (device disconnected or multiple access on port?)
Error in get ublox data thread: device reports readiness to read but returned no data (device disconnected or multiple access on port?)
Error in get ublox data thread: device reports readiness to read but returned no data (device disconnected or multiple access on port?)
Error in get ublox data thread: device reports readiness to read but returned no data (device disconnected or multiple access on port?)
Error in get ublox data thread: device reports readiness to read but returned no data (device disconnected or multiple access on port?)
Error in get ublox data thread: device reports readiness to read but returned no data (device disconnected or multiple access on port?)
Error in get ublox data thread: device reports readiness to read but returned no data (device disconnected or multiple access on port?)
Error in get ublox data thread: device reports readiness to read but returned no data (device disconnected or multiple access on port?)
Error in get ublox data thread: device reports readiness to read but returned no data (device disconnected or multiple access on port?)
Error in get ublox data thread: device reports readiness to read but returned no data (device disconnected or multiple access on port?)
Error in get ublox data thread: device reports readiness to read but returned no data (device disconnected or multiple access on port?)
Error in get ublox data thread: device reports readiness to read but returned no data (device disconnected or multiple access on port?)
Error in get ublox data thread: device reports readiness to read but returned no data (device disconnected or multiple access on port?)
Error in get ublox data thread: device reports readiness to read but returned no data (device disconnected or multiple access on port?)
Error in get ublox data thread: device reports readiness to read but returned no data (device disconnected or multiple access on port?)
Error in get ublox data thread: device reports readiness to read but returned no data (device disconnected or multiple access on port?)
Error in get ublox data thread: device reports readiness to read but returned no data (device disconnected or multiple access on port?)
Error in get ublox data thread: device reports readiness to read but returned no data (device disconnected or multiple access on port?)
Error in get ublox data thread: device reports readiness to read but returned no data (device disconnected or multiple access on port?)
Error in get ublox data thread: device reports readiness to read but returned no data (device disconnected or multiple access on port?)
Error in get ublox data thread: device reports readiness to read but returned no data (device disconnected or multiple access on port?)
Error in get ublox data thread: device reports readiness to read but returned no data (device disconnected or multiple access on port?)
Error in get ublox data thread: device reports readiness to read but returned no data (device disconnected or multiple access on port?)
Error in get ublox data thread: device reports readiness to read but returned no data (device disconnected or multiple access on port?)
Error in get ublox data thread: device reports readiness to read but returned no data (device disconnected or multiple access on port?)
Error in get ublox data thread: device reports readiness to read but returned no data (device disconnected or multiple access on port?)
Error in get ublox data thread: device reports readiness to read but returned no data (device disconnected or multiple access on port?)
Error in get ublox data thread: device reports readiness to read but returned no data (device disconnected or multiple access on port?)
Error in get ublox data thread: device reports readiness to read but returned no data (device disconnected or multiple access on port?)
Error in get ublox data thread: device reports readiness to read but returned no data (device disconnected or multiple access on port?)
Error in get ublox data thread: device reports readiness to read but returned no data (device disconnected or multiple access on port?)
Error in get ublox data thread: device reports readiness to read but returned no data (device disconnected or multiple access on port?)
Error in get ublox data thread: device reports readiness to read but returned no data (device disconnected or multiple access on port?)
Error in get ublox data thread: device reports readiness to read but returned no data (device disconnected or multiple access on port?)
Error in get ublox data thread: device reports readiness to read but returned no data (device disconnected or multiple access on port?)
Error in get ublox data thread: device reports readiness to read but returned no data (device disconnected or multiple access on port?)
Error in get ublox data thread: device reports readiness to read but returned no data (device disconnected or multiple access on port?)
Error in get ublox data thread: device reports readiness to read but returned no data (device disconnected or multiple access on port?)
Error in get ublox data thread: device reports readiness to read but returned no data (device disconnected or multiple access on port?)
Error in get ublox data thread: device reports readiness to read but returned no data (device disconnected or multiple access on port?)
Error in get ublox data thread: device reports readiness to read but returned no data (device disconnected or multiple access on port?)
Error in get ublox data thread: device reports readiness to read but returned no data (device disconnected or multiple access on port?)
Error in get ublox data thread: device reports readiness to read but returned no data (device disconnected or multiple access on port?)
Error in get ublox data thread: device reports readiness to read but returned no data (device disconnected or multiple access on port?)
Error in get ublox data thread: device reports readiness to read but returned no data (device disconnected or multiple access on port?)
Error in get ublox data thread: device reports readiness to read but returned no data (device disconnected or multiple access on port?)
Error in get ublox data thread: device reports readiness to read but returned no data (device disconnected or multiple access on port?)
Error in get ublox data thread: device reports readiness to read but returned no data (device disconnected or multiple access on port?)
Error in get ublox data thread: device reports readiness to read but returned no data (device disconnected or multiple access on port?)
Error in get ublox data thread: device reports readiness to read but returned no data (device disconnected or multiple access on port?)
Error in get ublox data thread: device reports readiness to read but returned no data (device disconnected or multiple access on port?)
Error in get ublox data thread: device reports readiness to read but returned no data (device disconnected or multiple access on port?)
Error in get ublox data thread: device reports readiness to read but returned no data (device disconnected or multiple access on port?)
Error in get ublox data thread: device reports readiness to read but returned no data (device disconnected or multiple access on port?)
Error in get ublox data thread: ERROR:pyubx2.ubxreader:Message checksum b'\x16?' invalid - should be b'`\xae'
ERROR:pyubx2.ubxreader:Unknown protocol header b'$\x00'.
ERROR:pyubx2.ubxreader:Unknown protocol header b'\xb5\x01'.
ERROR:pyubx2.ubxreader:Unknown protocol header b'$\x17'.
ERROR:pyubx2.ubxreader:Unknown protocol header b'$\x05'.
ERROR:pyubx2.ubxreader:Unknown protocol header b'\xb5\x01'.
ERROR:pyubx2.ubxreader:Unknown protocol header b'$)'.
ERROR:pyubx2.ubxreader:Unknown protocol header b'$\x00'.
ERROR:pyubx2.ubxreader:Unknown protocol header b'$\x00'.
ERROR:pyubx2.ubxreader:Message checksum b'X\xb5' invalid - should be b'\xa2='
ERROR:pyubx2.ubxreader:Unknown protocol header b'\xb5\x02'.
ERROR:pyubx2.ubxreader:Unknown protocol header b'\xb5\x02'.
ERROR:pyubx2.ubxreader:Unknown protocol header b'\xb5\x02'.
ERROR:pyubx2.ubxreader:Unknown protocol header b'\xb5\x02'.
ERROR:pyubx2.ubxreader:Unknown protocol header b'\xb5\x02'.
ERROR:pyubx2.ubxreader:Unknown protocol header b'\xb5\x02'.
ERROR:pyubx2.ubxreader:Unknown protocol header b'\xb5\x01'.
ERROR:pyubx2.ubxreader:Unknown protocol header b'\xb5\x01'.
ERROR:pyubx2.ubxreader:Unknown protocol header b'\xb5\x01'.
ERROR:pyubx2.ubxreader:Unknown protocol header b'\xb5\x01'.
ERROR:pyubx2.ubxreader:Unknown protocol header b'\xb5\x01'.
ERROR:pyubx2.ubxreader:Unknown protocol header b'\xb5\x01'.
ERROR:pyubx2.ubxreader:Unknown protocol header b'$Q'.
ERROR:pyubx2.ubxreader:Unknown protocol header b'$\x00'.
ERROR:pyubx2.ubxreader:Unknown protocol header b'\xb5\x01'.
ERROR:pyubx2.ubxreader:Unknown protocol header b'$\x1f'.
ERROR:pyubx2.ubxreader:Unknown protocol header b'$\x00'.
ERROR:pyubx2.ubxreader:Unknown protocol header b'$\x1f'.
ERROR:pyubx2.ubxreader:Unknown protocol header b'$\xd2'.
ERROR:pyubx2.ubxreader:Unknown protocol header b'\xb5\x01'.
ERROR:pyubx2.ubxreader:Unknown protocol header b"\xd3'".
ERROR:pyubx2.ubxreader:Unknown protocol header b'$+'.
ERROR:pyubx2.ubxreader:Unknown protocol header b'\xb5\x02'.
ERROR:pyubx2.ubxreader:Unknown protocol header b'$y'.
ERROR:pyubx2.ubxreader:Unknown protocol header b'$y'.
ERROR:pyubx2.ubxreader:Unknown protocol header b'$y'.
ERROR:pyubx2.ubxreader:Unknown protocol header b'\xb5\n'.
ERROR:pyubx2.ubxreader:Unknown protocol header b'\xb5\n'.
ERROR:pyubx2.ubxreader:Unknown protocol header b'\xb5\n'.
ERROR:pyubx2.ubxreader:Unknown protocol header b'\xb5\n'.
ERROR:pyubx2.ubxreader:Unknown protocol header b'\xb5\n'.
ERROR:pyubx2.ubxreader:Unknown protocol header b'\xb5\n'.
ERROR:pyubx2.ubxreader:Unknown protocol header b'\xb5\n'.
ERROR:pyubx2.ubxreader:Unknown protocol header b'\xb5\x02'.
ERROR:pyubx2.ubxreader:Unknown protocol header b'$\xab'.
ERROR:pyubx2.ubxreader:Unknown protocol header b'$\x08'.
ERROR:pyubx2.ubxreader:Unknown protocol header b'$\x01'.
ERROR:pyubx2.ubxreader:Unknown protocol header b'\xb5\x00'.
ERROR:pyubx2.ubxreader:Unknown protocol header b'$\xff'.
ERROR:pyubx2.ubxreader:Unknown protocol header b'$\xc0'.
ERROR:pyubx2.ubxreader:Unknown protocol header b"\xb5'".
ERROR:pyubx2.ubxreader:Unknown protocol header b"\xb5'".
ERROR:pyubx2.ubxreader:Unknown protocol header b'$u'.
ERROR:pyubx2.ubxreader:Unknown protocol header b'\xd3w'.
ERROR:pyubx2.ubxreader:Unknown protocol header b'\xb5t'.
ERROR:pyubx2.ubxreader:Unknown protocol header b'$\x00'.
ERROR:pyubx2.ubxreader:Unknown protocol header b'$u'.
ERROR:pyubx2.ubxreader:Unknown protocol header b'\xb5\x01'.
ERROR:pyubx2.ubxreader:Unknown protocol header b'\xb5\x01'.
ERROR:pyubx2.ubxreader:Unknown protocol header b'\xb5\x01'.
ERROR:pyubx2.ubxreader:Unknown protocol header b'$\x05'.
ERROR:pyubx2.ubxreader:Unknown protocol header b'$\x1f'.
ERROR:pyubx2.ubxreader:Unknown protocol header b'\xb5\x01'.
ERROR:pyubx2.ubxreader:Unknown protocol header b'$\x00'.
ERROR:pyubx2.ubxreader:Unknown protocol header b'$\x00'.
ERROR:pyubx2.ubxreader:Unknown protocol header b'\xb5\x01'.
ERROR:pyubx2.ubxreader:Unknown protocol header b'\xb5\x01'.
ERROR:pyubx2.ubxreader:Unknown protocol header b'\xb5\x01'.
ERROR:pyubx2.ubxreader:Unknown protocol header b'\xb5\x01'.
ERROR:pyubx2.ubxreader:Unknown protocol header b'\xb5\x01'.
ERROR:pyubx2.ubxreader:Unknown protocol header b'\xb5\x01'.
ERROR:pyubx2.ubxreader:Unknown protocol header b'\xb5\x01'.
ERROR:pyubx2.ubxreader:Unknown protocol header b'\xb5\xff'.
ERROR:pyubx2.ubxreader:Unknown protocol header b'\xb5\x01'.
ERROR:pyubx2.ubxreader:Unknown protocol header b'\xb5\x01'.
ERROR:pyubx2.ubxreader:Unknown protocol header b"\xb5'".
ERROR:pyubx2.ubxreader:Unknown protocol header b'$\xa3'.
ERROR:pyubx2.ubxreader:Unknown protocol header b'\xb5%'.
ERROR:pyubx2.ubxreader:Unknown protocol header b'$u'.
ERROR:pyubx2.ubxreader:Unknown protocol header b'$7'.
ERROR:pyubx2.ubxreader:Unknown protocol header b'$\x00'.
ERROR:pyubx2.ubxreader:Unknown protocol header b'\xb5\xd9'.
ERROR:pyubx2.ubxreader:Unknown protocol header b'\xb5\xb5'.
ERROR:pyubx2.ubxreader:Unknown protocol header b'\xb5\n'.
ERROR:pyubx2.ubxreader:Unknown protocol header b'\xb5\n'.
ERROR:pyubx2.ubxreader:Message checksum b'\x00\x00' invalid - should be b'~\x80'
ERROR:pyubx2.ubxreader:Unknown protocol header b'\xb5\n'.
ERROR:pyubx2.ubxreader:Unknown protocol header b'\xb5\n'.
ERROR:pyubx2.ubxreader:Unknown protocol header b'\xb5\n'.
ERROR:pyubx2.ubxreader:Unknown protocol header b'\xb5\n'.
ERROR:pyubx2.ubxreader:Unknown protocol header b'\xb5\n'.
ERROR:pyubx2.ubxreader:Unknown protocol header b'$\x02'.
ERROR:pyubx2.ubxreader:Unknown protocol header b'\xb5\x02'.
ERROR:pyubx2.ubxreader:Unknown protocol header b'$\x01'.
ERROR:pyubx2.ubxreader:Unknown protocol header b"\xb5'".
ERROR:pyubx2.ubxreader:Unknown protocol header b"\xb5'".
ERROR:pyubx2.ubxreader:Unknown protocol header b'\xd3\xa2'.
ERROR:pyubx2.ubxreader:Unknown protocol header b'$\x1c'.
ERROR:pyubx2.ubxreader:Unknown protocol header b'$\xfe'.
ERROR:pyubx2.ubxreader:Unknown protocol header b'\xb5\x02'.
ERROR:pyubx2.ubxreader:Unknown protocol header b'\xb5\x02'.
ERROR:pyubx2.ubxreader:Unknown protocol header b'\xb5\x02'.
ERROR:pyubx2.ubxreader:Unknown protocol header b'\xb5\x02'.
ERROR:pyubx2.ubxreader:Unknown protocol header b'\xb5\x02'.
ERROR:pyubx2.ubxreader:Unknown protocol header b'\xb5\x02'.
ERROR:pyubx2.ubxreader:Unknown protocol header b'\xb5\x02'.
ERROR:pyubx2.ubxreader:Unknown protocol header b'\xb5\x02'.
ERROR:pyubx2.ubxreader:Unknown protocol header b'\xb5\x02'.
ERROR:pyubx2.ubxreader:Unknown protocol header b'\xb5\x02'.
ERROR:pyubx2.ubxreader:Unknown protocol header b'\xb5\x02'.
ERROR:pyubx2.ubxreader:Unknown protocol header b'\xb5\x02'.
ERROR:pyubx2.ubxreader:Unknown protocol header b'\xb5\x02'.
ERROR:pyubx2.ubxreader:Unknown protocol header b'\xb5\x01'.
ERROR:pyubx2.ubxreader:Unknown protocol header b'\xb5\x01'.
ERROR:pyubx2.ubxreader:Unknown protocol header b'\xb5\x01'.
ERROR:pyubx2.ubxreader:Unknown protocol header b'$\x00'.
ERROR:pyubx2.ubxreader:Unknown protocol header b'\xb5\x01'.
ERROR:pyubx2.ubxreader:Unknown protocol header b'$\x00'.
ERROR:pyubx2.ubxreader:Unknown protocol header b'$\x1f'.
ERROR:pyubx2.ubxreader:Unknown protocol header b'\xb5\x01'.
ERROR:pyubx2.ubxreader:Unknown protocol header b'$+'.
ERROR:pyubx2.ubxreader:Unknown protocol header b'\xd3\xb5'.
ERROR:pyubx2.ubxreader:Unknown protocol header b'$\x14'.
ERROR:pyubx2.ubxreader:Unknown protocol header b'\xb5\x01'.
ERROR:pyubx2.ubxreader:Unknown protocol header b'\xb5\x01'.
ERROR:pyubx2.ubxreader:Unknown protocol header b'\xb5\x01'.
ERROR:pyubx2.ubxreader:Unknown protocol header b'\xb5>'.
ERROR:pyubx2.ubxreader:Unknown protocol header b'$\xd7'.
ERROR:pyubx2.ubxreader:Unknown protocol header b'\xd3q'.
ERROR:pyubx2.ubxreader:Unknown protocol header b'$\x17'.
ERROR:pyubx2.ubxreader:Unknown protocol header b'$7'.
ERROR:pyubx2.ubxreader:Unknown protocol header b'\xd3\x11'.
ERROR:pyubx2.ubxreader:Unknown protocol header b'$\x17'.
ERROR:pyubx2.ubxreader:Unknown protocol header b'$\xd7'.
ERROR:pyubx2.ubxreader:Unknown protocol header b'\xd3q'.
ERROR:pyubx2.ubxreader:Unknown protocol header b'\xd3\x11'.
ERROR:pyubx2.ubxreader:Unknown protocol header b'$\x17'.
ERROR:pyubx2.ubxreader:Unknown protocol header b'\xb5\r'.
ERROR:pyubx2.ubxreader:Unknown protocol header b'\xb5\n'.
ERROR:pyubx2.ubxreader:Unknown protocol header b'\xb5\n'.
ERROR:pyubx2.ubxreader:Unknown protocol header b'\xb5\n'.
ERROR:pyubx2.ubxreader:Unknown protocol header b'\xb5\n'.
ERROR:pyubx2.ubxreader:Unknown protocol header b'$\x00'.
ERROR:pyubx2.ubxreader:Unknown protocol header b'\xb5\n'.
ERROR:pyubx2.ubxreader:Unknown protocol header b'\xb5\n'.
ERROR:pyubx2.ubxreader:Unknown protocol header b'\xb5\n'.
ERROR:pyubx2.ubxreader:Unknown protocol header b'$\x01'.
ERROR:pyubx2.ubxreader:Unknown protocol header b'\xb5,'.
ERROR:pyubx2.ubxreader:Unknown protocol header b'$\xbd'.
ERROR:pyubx2.ubxreader:Unknown protocol header b'\xd3\xc3'.
ERROR:pyubx2.ubxreader:Unknown protocol header b'\xb5\xc2'.
ERROR:pyubx2.ubxreader:Unknown protocol header b'\xb5\x07'.
ERROR:pyubx2.ubxreader:Unknown protocol header b'\xb5\x13'.
ERROR:pyubx2.ubxreader:Unknown protocol header b'\xb5$'.
ERROR:pyubx2.ubxreader:Unknown protocol header b'$\t'.
ERROR:pyubx2.ubxreader:Unknown protocol header b'$\x05'.
ERROR:pyubx2.ubxreader:Unknown protocol header b'\xb5k'.
ERROR:pyubx2.ubxreader:Unknown protocol header b'\xb5\x01'.
ERROR:pyubx2.ubxreader:Unknown protocol header b'\xb5\x01'.
ERROR:pyubx2.ubxreader:Unknown protocol header b'\xb5\x01'.
ERROR:pyubx2.ubxreader:Unknown protocol header b'$\x00'.
ERROR:pyubx2.ubxreader:Message checksum b'(\x00' invalid - should be b'\x1f\xcd'
ERROR:pyubx2.ubxreader:Unknown protocol header b'\xb5\x01'.
ERROR:pyubx2.ubxreader:Unknown protocol header b'$\x05'.
ERROR:pyubx2.ubxreader:Unknown protocol header b'$\x00'.
ERROR:pyubx2.ubxreader:Unknown protocol header b'\xb5\x01'.
ERROR:pyubx2.ubxreader:Unknown protocol header b'$\x07'.
ERROR:pyubx2.ubxreader:Unknown protocol header b'$\x00'.
ERROR:pyubx2.ubxreader:Unknown protocol header b'\xb5\x01'.
ERROR:pyubx2.ubxreader:Unknown protocol header b'\xb5\x01'.
ERROR:pyubx2.ubxreader:Unknown protocol header b'\xb5\x01'.
ERROR:pyubx2.ubxreader:Unknown protocol header b'\xb5\x01'.
ERROR:pyubx2.ubxreader:Unknown protocol header b'\xb5\x01'.
ERROR:pyubx2.ubxreader:Unknown protocol header b'\xb5\x01'.
ERROR:pyubx2.ubxreader:Unknown protocol header b'\xd3q'.
ERROR:pyubx2.ubxreader:Unknown protocol header b'$\x17'.
ERROR:pyubx2.ubxreader:Unknown protocol header b'\xd3D'.
ERROR:pyubx2.ubxreader:Unknown protocol header b'$\xd7'.
ERROR:pyubx2.ubxreader:Unknown protocol header b'\xd31'.
ERROR:pyubx2.ubxreader:Unknown protocol header b'\xd3q'.
ERROR:pyubx2.ubxreader:Unknown protocol header b'\xb5\r'.
ERROR:pyubx2.ubxreader:Unknown protocol header b'\xd3b'.
ERROR:pyubx2.ubxreader:Unknown protocol header b'\xb5\x02'.
ERROR:pyubx2.ubxreader:Unknown protocol header b'\xb5\x00'.
ERROR:pyubx2.ubxreader:Unknown protocol header b'\xd3\xff'.
ERROR:pyubx2.ubxreader:Unknown protocol header b'\xb5\x00'.
ERROR:pyubx2.ubxreader:Unknown protocol header b'$/'.
ERROR:pyubx2.ubxreader:Unknown protocol header b'\xb5\x02'.
ERROR:pyubx2.ubxreader:Unknown protocol header b'\xb5\xe3'.
ERROR:pyubx2.ubxreader:Unknown protocol header b'\xb5A'.
ERROR:pyubx2.ubxreader:Unknown protocol header b'\xd3A'.
ERROR:pyubx2.ubxreader:Unknown protocol header b'\xb5A'.
ERROR:pyubx2.ubxreader:Unknown protocol header b'\xd3A'.
ERROR:pyubx2.ubxreader:Unknown protocol header b'$\x08'.
ERROR:pyubx2.ubxreader:Unknown protocol header b'\xb5S'.
ERROR:pyubx2.ubxreader:Unknown protocol header b'$\x03'.
ERROR:pyubx2.ubxreader:Unknown protocol header b'\xb5\x01'.
ERROR:pyubx2.ubxreader:Unknown protocol header b'\xb5\x01'.
ERROR:pyubx2.ubxreader:Unknown protocol header b'\xb5\x01'.
ERROR:pyubx2.ubxreader:Unknown protocol header b'\xb5\x01'.
ERROR:pyubx2.ubxreader:Unknown protocol header b'\xb5\x01'.
ERROR:pyubx2.ubxreader:Unknown protocol header b'\xb5\x01'.
ERROR:pyubx2.ubxreader:Unknown protocol header b'$\x00'.
ERROR:pyubx2.ubxreader:Unknown protocol header b'\xb5\xb5'.
ERROR:pyubx2.ubxreader:Unknown protocol header b'\xb5\xb5'.
ERROR:pyubx2.ubxreader:Unknown protocol header b'\xb5\xb5'.
ERROR:pyubx2.ubxreader:Unknown protocol header b'\xb5\xb5'.
ERROR:pyubx2.ubxreader:Unknown protocol header b'$1'.
ERROR:pyubx2.ubxreader:Unknown protocol header b'\xb5\x01'.
ERROR:pyubx2.ubxreader:Unknown protocol header b'$%'.
ERROR:pyubx2.ubxreader:Unknown protocol header b'$\x00'.
ERROR:pyubx2.ubxreader:Unknown protocol header b'\xb5\x01'.
ERROR:pyubx2.ubxreader:Unknown protocol header b'\xb5\x01'.
ERROR:pyubx2.ubxreader:Unknown protocol header b'$\x01'.
ERROR:pyubx2.ubxreader:Unknown protocol header b'$('.
ERROR:pyubx2.ubxreader:Unknown protocol header b'$\x00'.
ERROR:pyubx2.ubxreader:Unknown protocol header b'\xb5\x01'.
ERROR:pyubx2.ubxreader:Unknown protocol header b'$\xaf'.
ERROR:pyubx2.ubxreader:Unknown protocol header b'$Q'.
ERROR:pyubx2.ubxreader:Unknown protocol header b'$Q'.
ERROR:pyubx2.ubxreader:Unknown protocol header b'\xb5\x01'.
ERROR:pyubx2.ubxreader:Unknown protocol header b'$\x00'.
ERROR:pyubx2.ubxreader:Unknown protocol header b'\xb5\x01'.
ERROR:pyubx2.ubxreader:Unknown protocol header b'$\x14'.
ERROR:pyubx2.ubxreader:Unknown protocol header b'\xb5\x01'.
ERROR:pyubx2.ubxreader:Unknown protocol header b'\xb5\x01'.
ERROR:pyubx2.ubxreader:Unknown protocol header b'\xb5\x01'.
ERROR:pyubx2.ubxreader:Unknown protocol header b'\xb5\x01'.
ERROR:pyubx2.ubxreader:Unknown protocol header b'\xb5\x01'.
ERROR:pyubx2.ubxreader:Unknown protocol header b'\xb5\x01'.
ERROR:pyubx2.ubxreader:Unknown protocol header b'\xb5\x01'.
ERROR:pyubx2.ubxreader:Unknown protocol header b'\xb5\x01'.
ERROR:pyubx2.ubxreader:Unknown protocol header b'\xb5\x01'.
ERROR:pyubx2.ubxreader:Unknown protocol header b'\xb5\x01'.
ERROR:pyubx2.ubxreader:Unknown protocol header b"\xb5'".
ERROR:pyubx2.ubxreader:Unknown protocol header b'$7'.
ERROR:pyubx2.ubxreader:Unknown protocol header b'\xd3D'.
ERROR:pyubx2.ubxreader:Unknown protocol header b'\xd3\x15'.
ERROR:pyubx2.ubxreader:Unknown protocol header b'$\xd7'.
ERROR:pyubx2.ubxreader:Unknown protocol header b'$\xd7'.
ERROR:pyubx2.ubxreader:Unknown protocol header b'\xd3q'.
ERROR:pyubx2.ubxreader:Unknown protocol header b'\xb5\n'.
ERROR:pyubx2.ubxreader:Unknown protocol header b'\xb5\n'.
ERROR:pyubx2.ubxreader:Unknown protocol header b'\xb5\n'.
ERROR:pyubx2.ubxreader:Unknown protocol header b'$\x00'.
ERROR:pyubx2.ubxreader:Unknown protocol header b'$\x02'.
ERROR:pyubx2.ubxreader:Unknown protocol header b'$\x00'.
ERROR:pyubx2.ubxreader:Unknown protocol header b'$\r'.
ERROR:pyubx2.ubxreader:Unknown protocol header b'\xb5\x1d'.
ERROR:pyubx2.ubxreader:Unknown protocol header b'\xd3\xff'.
ERROR:pyubx2.ubxreader:Unknown protocol header b"\xb5'".
ERROR:pyubx2.ubxreader:Unknown protocol header b"\xb5'".
ERROR:pyubx2.ubxreader:Unknown protocol header b'\xb5\x02'.
ERROR:pyubx2.ubxreader:Unknown protocol header b'$\x89'.
ERROR:pyubx2.ubxreader:Unknown protocol header b'$\x00'.
ERROR:pyubx2.ubxreader:Unknown protocol header b'\xd3*'.
ERROR:pyubx2.ubxreader:Unknown protocol header b'\xd3X'.
ERROR:pyubx2.ubxreader:Unknown protocol header b'\xd3\x05'.
ERROR:pyubx2.ubxreader:Unknown protocol header b'$0'.
ERROR:pyubx2.ubxreader:Unknown protocol header b'$\x06'.
ERROR:pyubx2.ubxreader:Unknown protocol header b'$\xd3'.
ERROR:pyubx2.ubxreader:Unknown protocol header b'\xb5\x02'.
ERROR:pyubx2.ubxreader:Unknown protocol header b'\xb5\x02'.
ERROR:pyubx2.ubxreader:Unknown protocol header b'$b'.
ERROR:pyubx2.ubxreader:Unknown protocol header b'\xd3D'.
ERROR:pyubx2.ubxreader:Unknown protocol header b'$w'.
ERROR:pyubx2.ubxreader:Unknown protocol header b'\xd3D'.
ERROR:pyubx2.ubxreader:Unknown protocol header b'$\xd7'.
ERROR:pyubx2.ubxreader:Unknown protocol header b'\xd3q'.
ERROR:pyubx2.ubxreader:Unknown protocol header b'\xb5\r'.
ERROR:pyubx2.ubxreader:Unknown protocol header b'\xb5\n'.
ERROR:pyubx2.ubxreader:Unknown protocol header b'\xb5\n'.
ERROR:pyubx2.ubxreader:Unknown protocol header b'\xb5\x02'.
ERROR:pyubx2.ubxreader:Unknown protocol header b'\xb5\x02'.
ERROR:pyubx2.ubxreader:Unknown protocol header b'\xb5\x02'.
ERROR:pyubx2.ubxreader:Unknown protocol header b'\xb5\x02'.
ERROR:pyubx2.ubxreader:Unknown protocol header b'\xb5\x02'.
ERROR:pyubx2.ubxreader:Unknown protocol header b'\xb5\x02'.
ERROR:pyubx2.ubxreader:Unknown protocol header b'\xb5\x02'.
ERROR:pyubx2.ubxreader:Unknown protocol header b'\xb5\x02'.
ERROR:pyubx2.ubxreader:Unknown protocol header b'\xb5\x02'.
ERROR:pyubx2.ubxreader:Unknown protocol header b'\xb5\x02'.
ERROR:pyubx2.ubxreader:Unknown protocol header b'\xb5A'.
ERROR:pyubx2.ubxreader:Unknown protocol header b'\xb5\n'.
ERROR:pyubx2.ubxreader:Unknown protocol header b'\xb5\n'.
ERROR:pyubx2.ubxreader:Unknown protocol header b'\xb5\n'.
ERROR:pyubx2.ubxreader:Unknown protocol header b'\xb5\n'.
ERROR:pyubx2.ubxreader:Unknown protocol header b'\xb5\n'.
ERROR:pyubx2.ubxreader:Unknown protocol header b'\xb5\n'.
ERROR:pyubx2.ubxreader:Unknown protocol header b'\xb5\n'.
ERROR:pyubx2.ubxreader:Unknown protocol header b'\xb5\n'.
ERROR:pyubx2.ubxreader:Unknown protocol header b'\xb5\x02'.
ERROR:pyubx2.ubxreader:Unknown protocol header b'$:'.
ERROR:pyubx2.ubxreader:Unknown protocol header b'$:'.
ERROR:pyubx2.ubxreader:Unknown protocol header b'$:'.
ERROR:pyubx2.ubxreader:Unknown protocol header b'$:'.
ERROR:pyubx2.ubxreader:Unknown protocol header b'$:'.
ERROR:pyubx2.ubxreader:Unknown protocol header b'$:'.
ERROR:pyubx2.ubxreader:Unknown protocol header b'$:'.
ERROR:pyubx2.ubxreader:Unknown protocol header b'$:'.
ERROR:pyubx2.ubxreader:Unknown protocol header b'$:'.
ERROR:pyubx2.ubxreader:Unknown protocol header b'$:'.
ERROR:pyubx2.ubxreader:Unknown protocol header b'$:'.
ERROR:pyubx2.ubxreader:Unknown protocol header b'\xb5\x02'.
ERROR:pyubx2.ubxreader:Unknown protocol header b'\xb5\x02'.
ERROR:pyubx2.ubxreader:Unknown protocol header b'$\xc2'.
ERROR:pyubx2.ubxreader:Unknown protocol header b'\xd3\xff'.
ERROR:pyubx2.ubxreader:Unknown protocol header b'\xb5Z'.
ERROR:pyubx2.ubxreader:Unknown protocol header b'$\x10'.
ERROR:pyubx2.ubxreader:Unknown protocol header b'\xd3A'.
ERROR:pyubx2.ubxreader:Unknown protocol header b'\xb5?'.
ERROR:pyubx2.ubxreader:Unknown protocol header b'\xd3-'.
ERROR:pyubx2.ubxreader:Unknown protocol header b'\xb5\x96'.
ERROR:pyubx2.ubxreader:Unknown protocol header b'\xb5\x01'.
ERROR:pyubx2.ubxreader:Unknown protocol header b'\xb5\x01'.
ERROR:pyubx2.ubxreader:Unknown protocol header b'$\x00'.
ERROR:pyubx2.ubxreader:Unknown protocol header b'$\x00'.
ERROR:pyubx2.ubxreader:Unknown protocol header b'$%'.
ERROR:pyubx2.ubxreader:Unknown protocol header b'\xd3b'.
ERROR:pyubx2.ubxreader:Unknown protocol header b'\xb5\x01'.
ERROR:pyubx2.ubxreader:Unknown protocol header b'$\x00'.
ERROR:pyubx2.ubxreader:Unknown protocol header b'$\x00'.
ERROR:pyubx2.ubxreader:Unknown protocol header b'\xb5\x01'.
ERROR:pyubx2.ubxreader:Unknown protocol header b'$\x9a'.
ERROR:pyubx2.ubxreader:Unknown protocol header b'\xb5\x02'.
ERROR:pyubx2.ubxreader:Unknown protocol header b'\xb5\x02'.
ERROR:pyubx2.ubxreader:Unknown protocol header b'\xd3\xb5'.
ERROR:pyubx2.ubxreader:Unknown protocol header b'$\x00'.
ERROR:pyubx2.ubxreader:Unknown protocol header b'\xb5\x01'.
ERROR:pyubx2.ubxreader:Unknown protocol header b'\xb5\x01'.
ERROR:pyubx2.ubxreader:Unknown protocol header b'$Q'.
ERROR:pyubx2.ubxreader:Unknown protocol header b'$\x00'.
ERROR:pyubx2.ubxreader:Unknown protocol header b'\xb5\x01'.
ERROR:pyubx2.ubxreader:Unknown protocol header b'\xb5\x02'.
ERROR:pyubx2.ubxreader:Unknown protocol header b'\xb5\x02'.
ERROR:pyubx2.ubxreader:Unknown protocol header b'\xb5\x02'.
ERROR:pyubx2.ubxreader:Unknown protocol header b'$:'.
ERROR:pyubx2.ubxreader:Unknown protocol header b'$:'.
ERROR:pyubx2.ubxreader:Unknown protocol header b'\xb5\x02'.
ERROR:pyubx2.ubxreader:Unknown protocol header b'\xb5\x02'.
ERROR:pyubx2.ubxreader:Unknown protocol header b'\xb5\x02'.
ERROR:pyubx2.ubxreader:Unknown protocol header b'\xb5\x02'.
ERROR:pyubx2.ubxreader:Unknown protocol header b'\xb5\x02'.
ERROR:pyubx2.ubxreader:Unknown protocol header b'$:'.
ERROR:pyubx2.ubxreader:Unknown protocol header b'\xb5\x02'.
ERROR:pyubx2.ubxreader:Unknown protocol header b'$:'.
ERROR:pyubx2.ubxreader:Unknown protocol header b'$:'.
ERROR:pyubx2.ubxreader:Unknown protocol header b'$:'.
ERROR:pyubx2.ubxreader:Unknown protocol header b'$:'.
ERROR:pyubx2.ubxreader:Unknown protocol header b'\xb5\x02'.
ERROR:pyubx2.ubxreader:Unknown protocol header b'$:'.
ERROR:pyubx2.ubxreader:Unknown protocol header b'\xb5\n'.
ERROR:pyubx2.ubxreader:Unknown protocol header b'\xb5\n'.
ERROR:pyubx2.ubxreader:Message checksum b'\x00\x00' invalid - should be b'zp'
ERROR:pyubx2.ubxreader:Unknown protocol header b'\xb5\n'.
ERROR:pyubx2.ubxreader:Unknown protocol header b'$\x02'.
ERROR:pyubx2.ubxreader:Unknown protocol header b'\xb5\x02'.
ERROR:pyubx2.ubxreader:Unknown protocol header b'$\x01'.
ERROR:pyubx2.ubxreader:Unknown protocol header b'$\r'.
ERROR:pyubx2.ubxreader:Unknown protocol header b'\xb5\x03'.
ERROR:pyubx2.ubxreader:Unknown protocol header b"\xb5'".
ERROR:pyubx2.ubxreader:Unknown protocol header b"\xb5'".
ERROR:pyubx2.ubxreader:Unknown protocol header b'\xb5\x02'.
ERROR:pyubx2.ubxreader:Unknown protocol header b'$\xfb'.
ERROR:pyubx2.ubxreader:Unknown protocol header b'\xd3%'.
ERROR:pyubx2.ubxreader:Unknown protocol header b'\xd3\x05'.
ERROR:pyubx2.ubxreader:Unknown protocol header b'$l'.
ERROR:pyubx2.ubxreader:Unknown protocol header b'\xb5*'.
ERROR:pyubx2.ubxreader:Unknown protocol header b'\xd3m'.
ERROR:pyubx2.ubxreader:Unknown protocol header b'$\x03'.
ERROR:pyubx2.ubxreader:Unknown protocol header b'\xb5\x01'.
ERROR:pyubx2.ubxreader:Unknown protocol header b'\xb5\x01'.
ERROR:pyubx2.ubxreader:Unknown protocol header b'\xb5\x01'.
ERROR:pyubx2.ubxreader:Unknown protocol header b'\xb5\x01'.
ERROR:pyubx2.ubxreader:Unknown protocol header b'\xb5\x01'.
ERROR:pyubx2.ubxreader:Unknown protocol header b'\xb5\x01'.
ERROR:pyubx2.ubxreader:Unknown protocol header b'$\x1f'.
ERROR:pyubx2.ubxreader:Unknown protocol header b'$\x1f'.
ERROR:pyubx2.ubxreader:Unknown protocol header b'$\xd2'.
ERROR:pyubx2.ubxreader:Unknown protocol header b'\xb5\x01'.
ERROR:pyubx2.ubxreader:Unknown protocol header b'$\x00'.
ERROR:pyubx2.ubxreader:Unknown protocol header b'$\x00'.
ERROR:pyubx2.ubxreader:Unknown protocol header b'\xb5\x04'.
ERROR:pyubx2.ubxreader:Unknown protocol header b'\xb5\x01'.
ERROR:pyubx2.ubxreader:Unknown protocol header b'\xb5\x01'.
ERROR:pyubx2.ubxreader:Unknown protocol header b'\xb5\x01'.
ERROR:pyubx2.ubxreader:Unknown protocol header b'\xb5\x01'.
ERROR:pyubx2.ubxreader:Unknown protocol header b'\xb5\xfa'.
ERROR:pyubx2.ubxreader:Unknown protocol header b'$\x1f'.
ERROR:pyubx2.ubxreader:Unknown protocol header b'\xb5\x01'.
ERROR:pyubx2.ubxreader:Unknown protocol header b'\xb5\x01'.
ERROR:pyubx2.ubxreader:Unknown protocol header b'\xb5\x01'.
ERROR:pyubx2.ubxreader:Unknown protocol header b'\xb5\x01'.
ERROR:pyubx2.ubxreader:Unknown protocol header b'\xb5\x10'.
ERROR:pyubx2.ubxreader:Unknown protocol header b'$\x00'.
ERROR:pyubx2.ubxreader:Unknown protocol header b'\xb5\n'.
ERROR:pyubx2.ubxreader:Unknown protocol header b'\xb5\n'.
ERROR:pyubx2.ubxreader:Message checksum b'\xe3\xb5' invalid - should be b'X\r'
ERROR:pyubx2.ubxreader:Message checksum b'\r\xb5' invalid - should be b'\x06\x8f'
ERROR:pyubx2.ubxreader:Unknown protocol header b'\xb5\n'.
ERROR:pyubx2.ubxreader:Message checksum b'"\x01' invalid - should be b'\x19\x82'
ERROR:pyubx2.ubxreader:Message checksum b'\x80\xb5' invalid - should be b'NX'
ERROR:pyubx2.ubxreader:Unknown protocol header b'$\x02'.
ERROR:pyubx2.ubxreader:Unknown protocol header b'\xb5\x02'.
ERROR:pyubx2.ubxreader:Unknown protocol header b'$"'.
ERROR:pyubx2.ubxreader:Unknown protocol header b'\xb5\x00'.
ERROR:pyubx2.ubxreader:Unknown protocol header b'$\xa6'.
ERROR:pyubx2.ubxreader:Unknown protocol header b'\xb5\x85'.
ERROR:pyubx2.ubxreader:Message checksum b'\xb7\xb5' invalid - should be b'\x7f\xee'
ERROR:pyubx2.ubxreader:Message checksum b'\x12I' invalid - should be b' ?'
ERROR:pyubx2.ubxreader:Unknown protocol header b'\xb5\x86'.
ERROR:pyubx2.ubxreader:Unknown protocol header b'$\xa7'.
ERROR:pyubx2.ubxreader:Unknown protocol header b'$\xcf'.
ERROR:pyubx2.ubxreader:Unknown protocol header b'\xd3o'.
ERROR:pyubx2.ubxreader:Unknown protocol header b'\xd3\xe5'.
ERROR:pyubx2.ubxreader:Unknown protocol header b'$\x00'.
ERROR:pyubx2.ubxreader:Unknown protocol header b'\xb5H'.
ERROR:pyubx2.ubxreader:Unknown protocol header b'\xb5\x12'.
ERROR:pyubx2.ubxreader:Unknown protocol header b'$\x04'.
ERROR:pyubx2.ubxreader:Message checksum b'0\r' invalid - should be b'%A'
ERROR:pyubx2.ubxreader:Unknown protocol header b'$\t'.
ERROR:pyubx2.ubxreader:Unknown protocol header b'\xb5\x01'.
ERROR:pyubx2.ubxreader:Unknown protocol header b'$\x00'.
ERROR:pyubx2.ubxreader:Unknown protocol header b'\xb5\x01'.
ERROR:pyubx2.ubxreader:Unknown protocol header b'$\x00'.
ERROR:pyubx2.ubxreader:Unknown protocol header b'$*'.
ERROR:pyubx2.ubxreader:Unknown protocol header b'\xb5\x01'.
ERROR:pyubx2.ubxreader:Unknown protocol header b'$\x14'.
ERROR:pyubx2.ubxreader:Unknown protocol header b'\xb5\x01'.
ERROR:pyubx2.ubxreader:Unknown protocol header b'\xb5\x01'.
ERROR:pyubx2.ubxreader:Unknown protocol header b'\xb5\x01'.
ERROR:pyubx2.ubxreader:Unknown protocol header b'\xb5\x01'.
ERROR:pyubx2.ubxreader:Unknown protocol header b'\xb5\x01'.
ERROR:pyubx2.ubxreader:Unknown protocol header b'\xb5\x01'.
ERROR:pyubx2.ubxreader:Unknown protocol header b"\xb5'".
ERROR:pyubx2.ubxreader:Unknown protocol header b'\xb5\xa4'.
ERROR:pyubx2.ubxreader:Unknown protocol header b'$7'.
ERROR:pyubx2.ubxreader:Unknown protocol header b'\xd3q'.
ERROR:pyubx2.ubxreader:Unknown protocol header b'\xb5\r'.
ERROR:pyubx2.ubxreader:Unknown protocol header b'\xb5\xb5'.
ERROR:pyubx2.ubxreader:Unknown protocol header b'\xb5\xb5'.
ERROR:pyubx2.ubxreader:Unknown protocol header b'\xb5\xb5'.
ERROR:pyubx2.ubxreader:Unknown protocol header b'\xb5$'.
ERROR:pyubx2.ubxreader:Unknown protocol header b'$$'.
ERROR:pyubx2.ubxreader:Unknown protocol header b'\xb5\x00'.
ERROR:pyubx2.ubxreader:Unknown protocol header b'\xd3_'.
ERROR:pyubx2.ubxreader:Unknown protocol header b'\xd3\xa1'.
ERROR:pyubx2.ubxreader:Unknown protocol header b'\xb5\x7f'.
ERROR:pyubx2.ubxreader:Unknown protocol header b'\xb5\n'.
ERROR:pyubx2.ubxreader:Unknown protocol header b'\xb5\n'.
ERROR:pyubx2.ubxreader:Unknown protocol header b'\xb5\n'.
ERROR:pyubx2.ubxreader:Unknown protocol header b'$\x00'.
ERROR:pyubx2.ubxreader:Unknown protocol header b'\xb5\n'.
ERROR:pyubx2.ubxreader:Unknown protocol header b'\xb5\n'.
ERROR:pyubx2.ubxreader:Unknown protocol header b'$\x02'.
ERROR:pyubx2.ubxreader:Unknown protocol header b'\xb5\x02'.
ERROR:pyubx2.ubxreader:Unknown protocol header b'\xb5\x02'.
ERROR:pyubx2.ubxreader:Unknown protocol header b'$\xe7'.
ERROR:pyubx2.ubxreader:Unknown protocol header b'\xb5\x14'.
ERROR:pyubx2.ubxreader:Unknown protocol header b'\xb5\x02'.
ERROR:pyubx2.ubxreader:Unknown protocol header b'$\xdb'.
ERROR:pyubx2.ubxreader:Unknown protocol header b'\xb5d'.
ERROR:pyubx2.ubxreader:Unknown protocol header b'\xb5.'.
ERROR:pyubx2.ubxreader:Unknown protocol header b'\xd3\x0b'.
ERROR:pyubx2.ubxreader:Unknown protocol header b'\xd3W'.
ERROR:pyubx2.ubxreader:Unknown protocol header b'$\xcb'.
ERROR:pyubx2.ubxreader:Unknown protocol header b'\xb5^'.
ERROR:pyubx2.ubxreader:Unknown protocol header b'\xb5\x01'.
ERROR:pyubx2.ubxreader:Unknown protocol header b'\xb5\x01'.
ERROR:pyubx2.ubxreader:Unknown protocol header b'\xb5\x01'.
ERROR:pyubx2.ubxreader:Unknown protocol header b'\xb5\x01'.
ERROR:pyubx2.ubxreader:Unknown protocol header b'$Q'.
ERROR:pyubx2.ubxreader:Unknown protocol header b'\xb5\x01'.
ERROR:pyubx2.ubxreader:Unknown protocol header b'$%'.
ERROR:pyubx2.ubxreader:Unknown protocol header b'$\x00'.
ERROR:pyubx2.ubxreader:Unknown protocol header b'$\x00'.
ERROR:pyubx2.ubxreader:Unknown protocol header b'\xb5\x01'.
ERROR:pyubx2.ubxreader:Unknown protocol header b'$\x07'.
ERROR:pyubx2.ubxreader:Unknown protocol header b'\xb5\x01'.
ERROR:pyubx2.ubxreader:Unknown protocol header b'\xb5\x01'.
ERROR:pyubx2.ubxreader:Unknown protocol header b'\xb5\x01'.
ERROR:pyubx2.ubxreader:Serial stream terminated unexpectedly. 38914 bytes requested, 17938 bytes returned.
ERROR:pyubx2.ubxreader:Unknown protocol header b'\xb5\n'.
ERROR:pyubx2.ubxreader:Unknown protocol header b'\xb5\n'.
ERROR:pyubx2.ubxreader:Unknown protocol header b'\xb5\n'.
ERROR:pyubx2.ubxreader:Unknown protocol header b'\xb5\n'.
ERROR:pyubx2.ubxreader:Unknown protocol header b'\xb5\x02'.
ERROR:pyubx2.ubxreader:Unknown protocol header b'$\xe9'.
ERROR:pyubx2.ubxreader:Unknown protocol header b'\xb5\x02'.
ERROR:pyubx2.ubxreader:Unknown protocol header b'\xb5\x02'.
ERROR:pyubx2.ubxreader:Unknown protocol header b'$\x0f'.
ERROR:pyubx2.ubxreader:Unknown protocol header b'\xb5\x02'.
ERROR:pyubx2.ubxreader:Unknown protocol header b'\xb5\x02'.
ERROR:pyubx2.ubxreader:Unknown protocol header b'$Q'.
ERROR:pyubx2.ubxreader:Unknown protocol header b'\xb5\x02'.
ERROR:pyubx2.ubxreader:Unknown protocol header b'\xb5\x02'.
ERROR:pyubx2.ubxreader:Unknown protocol header b'\xb5\x02'.
ERROR:pyubx2.ubxreader:Unknown protocol header b'\xd3<'.
ERROR:pyubx2.ubxreader:Unknown protocol header b'\xb5\x02'.
ERROR:pyubx2.ubxreader:Unknown protocol header b'\xb5\x02'.
ERROR:pyubx2.ubxreader:Unknown protocol header b'\xd3<'.
ERROR:pyubx2.ubxreader:Unknown protocol header b'\xb5\x02'.
ERROR:pyubx2.ubxreader:Unknown protocol header b'\xb5\x02'.
ERROR:pyubx2.ubxreader:Unknown protocol header b'\xb5\x02'.
ERROR:pyubx2.ubxreader:Unknown protocol header b'$)'.
ERROR:pyubx2.ubxreader:Unknown protocol header b"\xb5'".
ERROR:pyubx2.ubxreader:Unknown protocol header b'\xb5\x02'.
ERROR:pyubx2.ubxreader:Unknown protocol header b'$\x02'.
ERROR:pyubx2.ubxreader:Unknown protocol header b'\xb5\x01'.
ERROR:pyubx2.ubxreader:Unknown protocol header b'\xb5\x01'.
ERROR:pyubx2.ubxreader:Unknown protocol header b'\xb5\xb5'.
ERROR:pyubx2.ubxreader:Unknown protocol header b'\xb5\xb5'.
device reports readiness to read but returned no data (device disconnected or multiple access on port?)
Error in get ublox data thread: device reports readiness to read but returned no data (device disconnected or multiple access on port?)
Error in get ublox data thread: device reports readiness to read but returned no data (device disconnected or multiple access on port?)
Error in get ublox data thread: device reports readiness to read but returned no data (device disconnected or multiple access on port?)
Error in get ublox data thread: device reports readiness to read but returned no data (device disconnected or multiple access on port?)
Error in get ublox data thread: device reports readiness to read but returned no data (device disconnected or multiple access on port?)
Error in get ublox data thread: device reports readiness to read but returned no data (device disconnected or multiple access on port?)
Error in get ublox data thread: device reports readiness to read but returned no data (device disconnected or multiple access on port?)
Error in get ublox data thread: device reports readiness to read but returned no data (device disconnected or multiple access on port?)
Error in get ublox data thread: device reports readiness to read but returned no data (device disconnected or multiple access on port?)
Error in get ublox data thread: device reports readiness to read but returned no data (device disconnected or multiple access on port?)
Error in get ublox data thread: device reports readiness to read but returned no data (device disconnected or multiple access on port?)
Error in get ublox data thread: device reports readiness to read but returned no data (device disconnected or multiple access on port?)
Error in get ublox data thread: device reports readiness to read but returned no data (device disconnected or multiple access on port?)
Error in get ublox data thread: device reports readiness to read but returned no data (device disconnected or multiple access on port?)
Error in get ublox data thread: device reports readiness to read but returned no data (device disconnected or multiple access on port?)
Error in get ublox data thread: device reports readiness to read but returned no data (device disconnected or multiple access on port?)
Error in get ublox data thread: device reports readiness to read but returned no data (device disconnected or multiple access on port?)
Error in get ublox data thread: device reports readiness to read but returned no data (device disconnected or multiple access on port?)
Error in get ublox data thread: device reports readiness to read but returned no data (device disconnected or multiple access on port?)
Error in get ublox data thread: device reports readiness to read but returned no data (device disconnected or multiple access on port?)
Error in get ublox data thread: device reports readiness to read but returned no data (device disconnected or multiple access on port?)
Error in get ublox data thread: device reports readiness to read but returned no data (device disconnected or multiple access on port?)
Error in get ublox data thread: device reports readiness to read but returned no data (device disconnected or multiple access on port?)
Error in get ublox data thread: device reports readiness to read but returned no data (device disconnected or multiple access on port?)
Error in get ublox data thread: device reports readiness to read but returned no data (device disconnected or multiple access on port?)
Error in get ublox data thread: device reports readiness to read but returned no data (device disconnected or multiple access on port?)
Error in get ublox data thread: device reports readiness to read but returned no data (device disconnected or multiple access on port?)
Error in get ublox data thread: device reports readiness to read but returned no data (device disconnected or multiple access on port?)
Error in get ublox data thread: device reports readiness to read but returned no data (device disconnected or multiple access on port?)
Error in get ublox data thread: device reports readiness to read but returned no data (device disconnected or multiple access on port?)
Error in get ublox data thread: device reports readiness to read but returned no data (device disconnected or multiple access on port?)
Error in get ublox data thread: device reports readiness to read but returned no data (device disconnected or multiple access on port?)
Error in get ublox data thread: device reports readiness to read but returned no data (device disconnected or multiple access on port?)
Error in get ublox data thread: device reports readiness to read but returned no data (device disconnected or multiple access on port?)
Error in get ublox data thread: device reports readiness to read but returned no data (device disconnected or multiple access on port?)
Error in get ublox data thread: device reports readiness to read but returned no data (device disconnected or multiple access on port?)
Error in get ublox data thread: device reports readiness to read but returned no data (device disconnected or multiple access on port?)
Error in get ublox data thread: device reports readiness to read but returned no data (device disconnected or multiple access on port?)
Error in get ublox data thread: device reports readiness to read but returned no data (device disconnected or multiple access on port?)
Error in get ublox data thread: device reports readiness to read but returned no data (device disconnected or multiple access on port?)
Error in get ublox data thread: device reports readiness to read but returned no data (device disconnected or multiple access on port?)
Error in get ublox data thread: device reports readiness to read but returned no data (device disconnected or multiple access on port?)
Error in get ublox data thread: device reports readiness to read but returned no data (device disconnected or multiple access on port?)
Error in get ublox data thread: device reports readiness to read but returned no data (device disconnected or multiple access on port?)
Error in get ublox data thread: device reports readiness to read but returned no data (device disconnected or multiple access on port?)
Error in get ublox data thread: device reports readiness to read but returned no data (device disconnected or multiple access on port?)
Error in get ublox data thread: device reports readiness to read but returned no data (device disconnected or multiple access on port?)
Error in get ublox data thread: device reports readiness to read but returned no data (device disconnected or multiple access on port?)
Error in get ublox data thread: device reports readiness to read but returned no data (device disconnected or multiple access on port?)
Error in get ublox data thread: device reports readiness to read but returned no data (device disconnected or multiple access on port?)
Error in get ublox data thread: device reports readiness to read but returned no data (device disconnected or multiple access on port?)
Error in get ublox data thread: device reports readiness to read but returned no data (device disconnected or multiple access on port?)
Error in get ublox data thread: device reports readiness to read but returned no data (device disconnected or multiple access on port?)
Error in get ublox data thread: device reports readiness to read but returned no data (device disconnected or multiple access on port?)
Error in get ublox data thread: device reports readiness to read but returned no data (device disconnected or multiple access on port?)
Error in get ublox data thread: device reports readiness to read but returned no data (device disconnected or multiple access on port?)
Error in get ublox data thread: device reports readiness to read but returned no data (device disconnected or multiple access on port?)
Error in get ublox data thread: device reports readiness to read but returned no data (device disconnected or multiple access on port?)
Error in get ublox data thread: device reports readiness to read but returned no data (device disconnected or multiple access on port?)
Error in get ublox data thread: ERROR:pyubx2.ubxreader:Unknown protocol header b'\xb5\x00'.
ERROR:pyubx2.ubxreader:Unknown protocol header b'\xb5\xb5'.
ERROR:pyubx2.ubxreader:Unknown protocol header b'$$'.
ERROR:pyubx2.ubxreader:Unknown protocol header b'$$'.
ERROR:pyubx2.ubxreader:Unknown protocol header b'$$'.
ERROR:pyubx2.ubxreader:Unknown protocol header b'\xb5\x01'.
ERROR:pyubx2.ubxreader:Unknown protocol header b'$\x05'.
ERROR:pyubx2.ubxreader:Unknown protocol header b'\xb5\x01'.
ERROR:pyubx2.ubxreader:Unknown protocol header b'$\x00'.
ERROR:pyubx2.ubxreader:Unknown protocol header b'$\x00'.
ERROR:pyubx2.ubxreader:Unknown protocol header b'\xb5\x01'.
ERROR:pyubx2.ubxreader:Unknown protocol header b'\xb5\x02'.
ERROR:pyubx2.ubxreader:Unknown protocol header b'\xd3\x80'.
ERROR:pyubx2.ubxreader:Unknown protocol header b'\xb5\x0b'.
ERROR:pyubx2.ubxreader:Unknown protocol header b'\xb5\n'.
ERROR:pyubx2.ubxreader:Unknown protocol header b'\xb5\n'.
ERROR:pyubx2.ubxreader:Unknown protocol header b'\xb5\n'.
ERROR:pyubx2.ubxreader:Unknown protocol header b'\xb5\n'.
ERROR:pyubx2.ubxreader:Unknown protocol header b'\xb5\n'.
ERROR:pyubx2.ubxreader:Unknown protocol header b'\xb5\n'.
ERROR:pyubx2.ubxreader:Unknown protocol header b'\xb5\x02'.
ERROR:pyubx2.ubxreader:Unknown protocol header b'$"'.
ERROR:pyubx2.ubxreader:Unknown protocol header b'$8'.
ERROR:pyubx2.ubxreader:Unknown protocol header b'\xd3\x1d'.
ERROR:pyubx2.ubxreader:Unknown protocol header b'\xb5\x01'.
ERROR:pyubx2.ubxreader:Unknown protocol header b'$\x00'.
ERROR:pyubx2.ubxreader:Unknown protocol header b'\xb5\x01'.
ERROR:pyubx2.ubxreader:Unknown protocol header b'\xd3_'.
ERROR:pyubx2.ubxreader:Unknown protocol header b'$\xfa'.
ERROR:pyubx2.ubxreader:Unknown protocol header b'\xb5\x01'.
ERROR:pyubx2.ubxreader:Unknown protocol header b'\xb5\x01'.
ERROR:pyubx2.ubxreader:Unknown protocol header b'\xb5\x01'.
ERROR:pyubx2.ubxreader:Unknown protocol header b'\xd3q'.
ERROR:pyubx2.ubxreader:Unknown protocol header b'\xd3\xa4'.
ERROR:pyubx2.ubxreader:Unknown protocol header b'$\x97'.
ERROR:pyubx2.ubxreader:Unknown protocol header b'$\xd7'.
ERROR:pyubx2.ubxreader:Unknown protocol header b'\xd3q'.
ERROR:pyubx2.ubxreader:Unknown protocol header b'\xd3q'.
ERROR:pyubx2.ubxreader:Unknown protocol header b'\xb5\r'.
ERROR:pyubx2.ubxreader:Unknown protocol header b'\xb5\x02'.
ERROR:pyubx2.ubxreader:Unknown protocol header b'\xb5\x02'.
ERROR:pyubx2.ubxreader:Unknown protocol header b'\xb5\n'.
ERROR:pyubx2.ubxreader:Message checksum b'Z\xb5' invalid - should be b'Z9'
ERROR:pyubx2.ubxreader:Unknown protocol header b'\xb5\x02'.
ERROR:pyubx2.ubxreader:Unknown protocol header b'\xb5\x00'.
ERROR:pyubx2.ubxreader:Unknown protocol header b'\xb5\xff'.
ERROR:pyubx2.ubxreader:Unknown protocol header b'\xd3\xff'.
ERROR:pyubx2.ubxreader:Unknown protocol header b'$\x1b'.
ERROR:pyubx2.ubxreader:Unknown protocol header b'\xb5\x02'.
ERROR:pyubx2.ubxreader:Unknown protocol header b'\xd3\xdb'.
ERROR:pyubx2.ubxreader:Unknown protocol header b'\xd3\x7f'.
ERROR:pyubx2.ubxreader:Unknown protocol header b'\xd3\x7f'.
ERROR:pyubx2.ubxreader:Unknown protocol header b'\xb5%'.
ERROR:pyubx2.ubxreader:Unknown protocol header b'\xb5\x01'.
ERROR:pyubx2.ubxreader:Unknown protocol header b'\xb5\xbe'.
ERROR:pyubx2.ubxreader:Unknown protocol header b'\xb5\x80'.
ERROR:pyubx2.ubxreader:Unknown protocol header b'\xb5\x01'.
ERROR:pyubx2.ubxreader:Unknown protocol header b'$\x00'.
ERROR:pyubx2.ubxreader:Unknown protocol header b'$\x1f'.
ERROR:pyubx2.ubxreader:Unknown protocol header b'$\x00'.
ERROR:pyubx2.ubxreader:Unknown protocol header b'$\x00'.
ERROR:pyubx2.ubxreader:Unknown protocol header b'$+'.
ERROR:pyubx2.ubxreader:Unknown protocol header b'\xb5\x01'.
ERROR:pyubx2.ubxreader:Unknown protocol header b'\xb5\x02'.
ERROR:pyubx2.ubxreader:Unknown protocol header b'\xb5\x02'.
ERROR:pyubx2.ubxreader:Unknown protocol header b'\xb5\x02'.
ERROR:pyubx2.ubxreader:Unknown protocol header b'\xd3\x88'.
ERROR:pyubx2.ubxreader:Unknown protocol header b'$\x88'.
ERROR:pyubx2.ubxreader:Unknown protocol header b'\xd3\x17'.
ERROR:pyubx2.ubxreader:Unknown protocol header b'\xb5\x01'.
ERROR:pyubx2.ubxreader:Unknown protocol header b'\xb5\x01'.
ERROR:pyubx2.ubxreader:Unknown protocol header b'\xb5\x01'.
ERROR:pyubx2.ubxreader:Unknown protocol header b'\xb5\x01'.
ERROR:pyubx2.ubxreader:Unknown protocol header b'\xb5\x01'.
ERROR:pyubx2.ubxreader:Unknown protocol header b'$%'.
ERROR:pyubx2.ubxreader:Unknown protocol header b'$\x00'.
ERROR:pyubx2.ubxreader:Unknown protocol header b'$\x00'.
ERROR:pyubx2.ubxreader:Unknown protocol header b'\xd3_'.
ERROR:pyubx2.ubxreader:Unknown protocol header b'\xb5\x01'.
ERROR:pyubx2.ubxreader:Unknown protocol header b'\xb5\x01'.
ERROR:pyubx2.ubxreader:Unknown protocol header b'\xb5\x01'.
ERROR:pyubx2.ubxreader:Unknown protocol header b'\xb5\x01'.
ERROR:pyubx2.ubxreader:Unknown protocol header b'\xb5\t'.
ERROR:pyubx2.ubxreader:Unknown protocol header b'$\xd7'.
ERROR:pyubx2.ubxreader:Unknown protocol header b'\xd3q'.
ERROR:pyubx2.ubxreader:Unknown protocol header b'$\xf7'.
ERROR:pyubx2.ubxreader:Unknown protocol header b'$\x17'.
ERROR:pyubx2.ubxreader:Unknown protocol header b'$\x97'.
ERROR:pyubx2.ubxreader:Unknown protocol header b'\xd3D'.
ERROR:pyubx2.ubxreader:Unknown protocol header b'$w'.
ERROR:pyubx2.ubxreader:Unknown protocol header b'$\x97'.
ERROR:pyubx2.ubxreader:Unknown protocol header b'$\x17'.
ERROR:pyubx2.ubxreader:Unknown protocol header b'\xb5\x02'.
ERROR:pyubx2.ubxreader:Unknown protocol header b'\xb5\x02'.
ERROR:pyubx2.ubxreader:Unknown protocol header b'\xb5\x02'.
ERROR:pyubx2.ubxreader:Unknown protocol header b'\xb5\x02'.
ERROR:pyubx2.ubxreader:Unknown protocol header b'\xb5\x02'.
ERROR:pyubx2.ubxreader:Unknown protocol header b'\xb5\x02'.
ERROR:pyubx2.ubxreader:Unknown protocol header b'\xb5\n'.
ERROR:pyubx2.ubxreader:Unknown protocol header b'\xb5\n'.
ERROR:pyubx2.ubxreader:Unknown protocol header b'\xb5\n'.
ERROR:pyubx2.ubxreader:Unknown protocol header b'$\x00'.
ERROR:pyubx2.ubxreader:Unknown protocol header b'\xb5\n'.
ERROR:pyubx2.ubxreader:Unknown protocol header b'$\x02'.
ERROR:pyubx2.ubxreader:Unknown protocol header b'\xb5\x02'.
ERROR:pyubx2.ubxreader:Unknown protocol header b'\xb5\x02'.
ERROR:pyubx2.ubxreader:Unknown protocol header b'\xd3\x0f'.
ERROR:pyubx2.ubxreader:Unknown protocol header b'\xd3\xff'.
ERROR:pyubx2.ubxreader:Unknown protocol header b'\xb5\x03'.
ERROR:pyubx2.ubxreader:Unknown protocol header b"\xb5'".
ERROR:pyubx2.ubxreader:Unknown protocol header b"\xb5'".
ERROR:pyubx2.ubxreader:Unknown protocol header b'\xb5\x02'.
ERROR:pyubx2.ubxreader:Unknown protocol header b'$\x03'.
ERROR:pyubx2.ubxreader:Unknown protocol header b'\xb5\x02'.
ERROR:pyubx2.ubxreader:Unknown protocol header b'\xb5\x02'.
ERROR:pyubx2.ubxreader:Unknown protocol header b'\xb5\xb5'.
ERROR:pyubx2.ubxreader:Unknown protocol header b'\xb5\r'.
ERROR:pyubx2.ubxreader:Unknown protocol header b'$\x00'.
ERROR:pyubx2.ubxreader:Unknown protocol header b'$-'.
ERROR:pyubx2.ubxreader:Unknown protocol header b'$\x00'.
ERROR:pyubx2.ubxreader:Unknown protocol header b'\xb5\x1c'.
ERROR:pyubx2.ubxreader:Unknown protocol header b'\xb5\x14'.
ERROR:pyubx2.ubxreader:Unknown protocol header b'$$'.
ERROR:pyubx2.ubxreader:Unknown protocol header b'$0'.
ERROR:pyubx2.ubxreader:Unknown protocol header b'$Q'.
ERROR:pyubx2.ubxreader:Unknown protocol header b'$\x00'.
ERROR:pyubx2.ubxreader:Unknown protocol header b'$\x00'.
ERROR:pyubx2.ubxreader:Unknown protocol header b'$\x00'.
ERROR:pyubx2.ubxreader:Unknown protocol header b'\xb5\x01'.
ERROR:pyubx2.ubxreader:Unknown protocol header b'\xb5\x01'.
ERROR:pyubx2.ubxreader:Unknown protocol header b'\xb5\xa4'.
ERROR:pyubx2.ubxreader:Unknown protocol header b'$\xd7'.
ERROR:pyubx2.ubxreader:Unknown protocol header b'\xd3q'.
ERROR:pyubx2.ubxreader:Unknown protocol header b'$\xf7'.
ERROR:pyubx2.ubxreader:Unknown protocol header b'$\x17'.
ERROR:pyubx2.ubxreader:Unknown protocol header b'$7'.
ERROR:pyubx2.ubxreader:Unknown protocol header b'$.'.
ERROR:pyubx2.ubxreader:Unknown protocol header b'\xd3q'.
ERROR:pyubx2.ubxreader:Unknown protocol header b'$\x17'.
ERROR:pyubx2.ubxreader:Unknown protocol header b'\xd3D'.
ERROR:pyubx2.ubxreader:Unknown protocol header b'$\x17'.
ERROR:pyubx2.ubxreader:Unknown protocol header b'$\xd7'.
ERROR:pyubx2.ubxreader:Unknown protocol header b'\xd3q'.
ERROR:pyubx2.ubxreader:Unknown protocol header b'\xd3q'.
ERROR:pyubx2.ubxreader:Message checksum b'\x00\x00' invalid - should be b'n\x94'
ERROR:pyubx2.ubxreader:Unknown protocol header b'\xb5\n'.
ERROR:pyubx2.ubxreader:Unknown protocol header b'\xb5\n'.
ERROR:pyubx2.ubxreader:Unknown protocol header b'\xb5\n'.
ERROR:pyubx2.ubxreader:Unknown protocol header b'\xb5\n'.
ERROR:pyubx2.ubxreader:Unknown protocol header b'$\x01'.
ERROR:pyubx2.ubxreader:Unknown protocol header b'\xd3\xeb'.
ERROR:pyubx2.ubxreader:Unknown protocol header b'$\x00'.
ERROR:pyubx2.ubxreader:Unknown protocol header b'\xd3\x06'.
ERROR:pyubx2.ubxreader:Unknown protocol header b'$g'.
ERROR:pyubx2.ubxreader:Unknown protocol header b'$\x00'.
ERROR:pyubx2.ubxreader:Unknown protocol header b'\xb5A'.
ERROR:pyubx2.ubxreader:Unknown protocol header b'\xd3m'.
ERROR:pyubx2.ubxreader:Unknown protocol header b'\xb5_'.
ERROR:pyubx2.ubxreader:Unknown protocol header b'\xd3\x89'.
ERROR:pyubx2.ubxreader:Unknown protocol header b'$\x03'.
ERROR:pyubx2.ubxreader:Unknown protocol header b'\xb5\x02'.
ERROR:pyubx2.ubxreader:Unknown protocol header b'\xb5\x02'.
ERROR:pyubx2.ubxreader:Unknown protocol header b'\xb5\x02'.
ERROR:pyubx2.ubxreader:Unknown protocol header b'\xb5\x02'.
ERROR:pyubx2.ubxreader:Unknown protocol header b'\xb5\x02'.
ERROR:pyubx2.ubxreader:Unknown protocol header b'\xb5\x02'.
ERROR:pyubx2.ubxreader:Unknown protocol header b'\xb5\x02'.
ERROR:pyubx2.ubxreader:Unknown protocol header b'\xb5\x02'.
ERROR:pyubx2.ubxreader:Unknown protocol header b'\xb5\x02'.
ERROR:pyubx2.ubxreader:Unknown protocol header b'\xb5\x02'.
ERROR:pyubx2.ubxreader:Unknown protocol header b'\xb5\x02'.
ERROR:pyubx2.ubxreader:Unknown protocol header b'\xb5\x02'.
ERROR:pyubx2.ubxreader:Unknown protocol header b'\xb5\x02'.
ERROR:pyubx2.ubxreader:Unknown protocol header b'\xb5\x02'.
ERROR:pyubx2.ubxreader:Unknown protocol header b'\xb5\x01'.
ERROR:pyubx2.ubxreader:Unknown protocol header b'\xb5\x01'.
ERROR:pyubx2.ubxreader:Unknown protocol header b'$\x00'.
ERROR:pyubx2.ubxreader:Unknown protocol header b'\xb5\x01'.
ERROR:pyubx2.ubxreader:Unknown protocol header b'\xb5\x01'.
ERROR:pyubx2.ubxreader:Unknown protocol header b'\xb5\x02'.
ERROR:pyubx2.ubxreader:Unknown protocol header b'\xd3\x90'.
ERROR:pyubx2.ubxreader:Unknown protocol header b'\xb5\x02'.
ERROR:pyubx2.ubxreader:Unknown protocol header b'\xd3\x90'.
ERROR:pyubx2.ubxreader:Unknown protocol header b'$\xdc'.
ERROR:pyubx2.ubxreader:Unknown protocol header b'\xb5\x02'.
ERROR:pyubx2.ubxreader:Unknown protocol header b'\xd3\x90'.
ERROR:pyubx2.ubxreader:Unknown protocol header b'\xd3\x90'.
ERROR:pyubx2.ubxreader:Unknown protocol header b'\xb5\x02'.
ERROR:pyubx2.ubxreader:Unknown protocol header b'\xd3\x90'.
ERROR:pyubx2.ubxreader:Unknown protocol header b'\xb5\x02'.
ERROR:pyubx2.ubxreader:Unknown protocol header b'\xd3\x90'.
ERROR:pyubx2.ubxreader:Unknown protocol header b'\xb5\x02'.
ERROR:pyubx2.ubxreader:Unknown protocol header b'\xd3\x90'.
ERROR:pyubx2.ubxreader:Unknown protocol header b'\xb5\x02'.
ERROR:pyubx2.ubxreader:Unknown protocol header b'\xd3\x90'.
ERROR:pyubx2.ubxreader:Unknown protocol header b'\xb5\x02'.
ERROR:pyubx2.ubxreader:Unknown protocol header b'\xd3\x90'.
ERROR:pyubx2.ubxreader:Unknown protocol header b'\xb5\x02'.
ERROR:pyubx2.ubxreader:Unknown protocol header b'\xd3\x90'.
ERROR:pyubx2.ubxreader:Unknown protocol header b'\xb5\x02'.
ERROR:pyubx2.ubxreader:Unknown protocol header b'\xd3\x90'.
ERROR:pyubx2.ubxreader:Unknown protocol header b'$:'.
ERROR:pyubx2.ubxreader:Unknown protocol header b'\xb5\x02'.
ERROR:pyubx2.ubxreader:Unknown protocol header b'\xd3\x90'.
ERROR:pyubx2.ubxreader:Unknown protocol header b'\xb5\n'.
ERROR:pyubx2.ubxreader:Unknown protocol header b'\xb5\n'.
ERROR:pyubx2.ubxreader:Unknown protocol header b'\xb5\n'.
ERROR:pyubx2.ubxreader:Unknown protocol header b'\xb5\n'.
ERROR:pyubx2.ubxreader:Unknown protocol header b'\xb5\n'.
ERROR:pyubx2.ubxreader:Unknown protocol header b'\xb5\n'.
ERROR:pyubx2.ubxreader:Message checksum b'\xa8e' invalid - should be b'W\xa3'
ERROR:pyubx2.ubxreader:Unknown protocol header b'$\xc5'.
ERROR:pyubx2.ubxreader:Unknown protocol header b'\xd3\xfa'.
ERROR:pyubx2.ubxreader:Unknown protocol header b'$_'.
ERROR:pyubx2.ubxreader:Unknown protocol header b'$\x86'.
ERROR:pyubx2.ubxreader:Unknown protocol header b'$\x96'.
ERROR:pyubx2.ubxreader:Unknown protocol header b'\xb5\x97'.
ERROR:pyubx2.ubxreader:Unknown protocol header b'$\x03'.
ERROR:pyubx2.ubxreader:Unknown protocol header b'\xd3\xfa'.
ERROR:pyubx2.ubxreader:Unknown protocol header b'\xb5\x01'.
ERROR:pyubx2.ubxreader:Unknown protocol header b'\xb5\x01'.
ERROR:pyubx2.ubxreader:Unknown protocol header b'$\x00'.
ERROR:pyubx2.ubxreader:Unknown protocol header b'$+'.
ERROR:pyubx2.ubxreader:Unknown protocol header b'\xd3_'.
ERROR:pyubx2.ubxreader:Unknown protocol header b'$\x1f'.
ERROR:pyubx2.ubxreader:Unknown protocol header b'$\x00'.
ERROR:pyubx2.ubxreader:Unknown protocol header b'$\x1f'.
ERROR:pyubx2.ubxreader:Unknown protocol header b'$+'.
ERROR:pyubx2.ubxreader:Unknown protocol header b'$\x14'.
ERROR:pyubx2.ubxreader:Unknown protocol header b'\xb5\xa4'.
ERROR:pyubx2.ubxreader:Unknown protocol header b'\xd3q'.
ERROR:pyubx2.ubxreader:Unknown protocol header b'\xd3q'.
ERROR:pyubx2.ubxreader:Unknown protocol header b'$\xd7'.
ERROR:pyubx2.ubxreader:Unknown protocol header b'\xd3q'.
ERROR:pyubx2.ubxreader:Unknown protocol header b'$\x00'.
ERROR:pyubx2.ubxreader:Unknown protocol header b'\xb5\x02'.
ERROR:pyubx2.ubxreader:Unknown protocol header b'\xb5\x02'.
ERROR:pyubx2.ubxreader:Unknown protocol header b'\xb5\n'.
ERROR:pyubx2.ubxreader:Unknown protocol header b'\xb5\n'.
ERROR:pyubx2.ubxreader:Unknown protocol header b'\xb5\n'.
ERROR:pyubx2.ubxreader:Unknown protocol header b'\xb5\n'.
ERROR:pyubx2.ubxreader:Unknown protocol header b'\xb5\n'.
ERROR:pyubx2.ubxreader:Unknown protocol header b'$\x02'.
ERROR:pyubx2.ubxreader:Unknown protocol header b'\xd3\x1e'.
ERROR:pyubx2.ubxreader:Unknown protocol header b'\xd3\xff'.
ERROR:pyubx2.ubxreader:Unknown protocol header b"\xb5'".
ERROR:pyubx2.ubxreader:Unknown protocol header b"\xb5'".
ERROR:pyubx2.ubxreader:Unknown protocol header b'\xb5I'.
ERROR:pyubx2.ubxreader:Unknown protocol header b'\xb5\xe0'.
ERROR:pyubx2.ubxreader:Unknown protocol header b'$\x1d'.
ERROR:pyubx2.ubxreader:Unknown protocol header b'\xb59'.
ERROR:pyubx2.ubxreader:Unknown protocol header b'\xb5A'.
ERROR:pyubx2.ubxreader:Unknown protocol header b'\xd3\xda'.
ERROR:pyubx2.ubxreader:Unknown protocol header b'\xb5\x02'.
ERROR:pyubx2.ubxreader:Message checksum b'5\xb5' invalid - should be b'\xa2J'
ERROR:pyubx2.ubxreader:Message checksum b',5' invalid - should be b'\xee['
ERROR:pyubx2.ubxreader:Unknown protocol header b'$Q'.
ERROR:pyubx2.ubxreader:Unknown protocol header b'$Q'.
ERROR:pyubx2.ubxreader:Unknown protocol header b'$\t'.
ERROR:pyubx2.ubxreader:Unknown protocol header b'$\x05'.
ERROR:pyubx2.ubxreader:Message checksum b'\x1a\xb5' invalid - should be b'^\x07'
ERROR:pyubx2.ubxreader:Unknown protocol header b'\xd3\xff'.
ERROR:pyubx2.ubxreader:Unknown protocol header b'\xb5\x01'.
ERROR:pyubx2.ubxreader:Unknown protocol header b'\xb5\x01'.
ERROR:pyubx2.ubxreader:Serial stream terminated unexpectedly. 49154 bytes requested, 17388 bytes returned.
ERROR:pyubx2.ubxreader:Unknown protocol header b'\xb5\x02'.
ERROR:pyubx2.ubxreader:Unknown protocol header b'\xb5\xb5'.
ERROR:pyubx2.ubxreader:Unknown protocol header b'\xb5\n'.
ERROR:pyubx2.ubxreader:Unknown protocol header b'\xb5\n'.
ERROR:pyubx2.ubxreader:Unknown protocol header b'\xb5\n'.
ERROR:pyubx2.ubxreader:Unknown protocol header b'\xb54'.
ERROR:pyubx2.ubxreader:Unknown protocol header b'$\x01'.
ERROR:pyubx2.ubxreader:Unknown protocol header b'$\x00'.
ERROR:pyubx2.ubxreader:Unknown protocol header b"\xb5'".
ERROR:pyubx2.ubxreader:Unknown protocol header b'\xd3\x93'.
ERROR:pyubx2.ubxreader:Unknown protocol header b'\xd3\x93'.
ERROR:pyubx2.ubxreader:Unknown protocol header b'\xb5v'.
ERROR:pyubx2.ubxreader:Unknown protocol header b'\xb5\x9b'.
ERROR:pyubx2.ubxreader:Unknown protocol header b'\xd3A'.
ERROR:pyubx2.ubxreader:Unknown protocol header b'\xb5\xc3'.
ERROR:pyubx2.ubxreader:Unknown protocol header b'\xb5\x02'.
ERROR:pyubx2.ubxreader:Unknown protocol header b'\xb5\x02'.
ERROR:pyubx2.ubxreader:Unknown protocol header b'\xb5\x02'.
ERROR:pyubx2.ubxreader:Unknown protocol header b'\xb5\x02'.
ERROR:pyubx2.ubxreader:Unknown protocol header b'\xb5\x02'.
ERROR:pyubx2.ubxreader:Unknown protocol header b'\xb5\x02'.
ERROR:pyubx2.ubxreader:Unknown protocol header b'\xb5\x02'.
ERROR:pyubx2.ubxreader:Unknown protocol header b'\xb5\xaa'.
ERROR:pyubx2.ubxreader:Unknown protocol header b'\xb5\x02'.
ERROR:pyubx2.ubxreader:Unknown protocol header b'\xb5\x02'.
ERROR:pyubx2.ubxreader:Unknown protocol header b'\xb5\x02'.
ERROR:pyubx2.ubxreader:Unknown protocol header b'\xb5\x02'.
ERROR:pyubx2.ubxreader:Message checksum b'85' invalid - should be b'\xd25'
ERROR:pyubx2.ubxreader:Unknown protocol header b'$\x00'.
ERROR:pyubx2.ubxreader:Unknown protocol header b'\xd3_'.
ERROR:pyubx2.ubxreader:Unknown protocol header b'$\x00'.
ERROR:pyubx2.ubxreader:Unknown protocol header b'\xb5\x01'.
ERROR:pyubx2.ubxreader:Unknown protocol header b'\xb5\x01'.
ERROR:pyubx2.ubxreader:Unknown protocol header b'\xb5\x01'.
ERROR:pyubx2.ubxreader:Unknown protocol header b'\xb5\x02'.
ERROR:pyubx2.ubxreader:Unknown protocol header b'\xd3\xfa'.
ERROR:pyubx2.ubxreader:Unknown protocol header b'\xb5\x01'.
ERROR:pyubx2.ubxreader:Unknown protocol header b'\xb5\x01'.
ERROR:pyubx2.ubxreader:Unknown protocol header b'\xb5\x00'.
ERROR:pyubx2.ubxreader:Unknown protocol header b'\xd3)'.
ERROR:pyubx2.ubxreader:Unknown protocol header b'\xb5\x02'.
ERROR:pyubx2.ubxreader:Unknown protocol header b'\xb5\x01'.
ERROR:pyubx2.ubxreader:Unknown protocol header b'\xb5\x01'.
ERROR:pyubx2.ubxreader:Unknown protocol header b'\xb5\x01'.
ERROR:pyubx2.ubxreader:Unknown protocol header b'\xb5\x01'.
ERROR:pyubx2.ubxreader:Unknown protocol header b"\xb5'".
ERROR:pyubx2.ubxreader:Unknown protocol header b'\xb5$'.
ERROR:pyubx2.ubxreader:Unknown protocol header b'\xd3\x11'.
ERROR:pyubx2.ubxreader:Unknown protocol header b'$\x17'.
ERROR:pyubx2.ubxreader:Unknown protocol header b'$7'.
ERROR:pyubx2.ubxreader:Unknown protocol header b'\xd3q'.
ERROR:pyubx2.ubxreader:Unknown protocol header b'$\xb9'.
ERROR:pyubx2.ubxreader:Unknown protocol header b'$\xf7'.
ERROR:pyubx2.ubxreader:Unknown protocol header b'\xb5\n'.
ERROR:pyubx2.ubxreader:Unknown protocol header b'\xb5\n'.
ERROR:pyubx2.ubxreader:Unknown protocol header b'\xb5\n'.
ERROR:pyubx2.ubxreader:Unknown protocol header b'\xb5\n'.
ERROR:pyubx2.ubxreader:Unknown protocol header b'\xb5\n'.
ERROR:pyubx2.ubxreader:Unknown protocol header b'\xb5\n'.
ERROR:pyubx2.ubxreader:Unknown protocol header b'$\x01'.
ERROR:pyubx2.ubxreader:Unknown protocol header b"\xb5'".
ERROR:pyubx2.ubxreader:Unknown protocol header b'\xb5\x02'.
ERROR:pyubx2.ubxreader:Unknown protocol header b'$w'.
ERROR:pyubx2.ubxreader:Unknown protocol header b'$\xf7'.
ERROR:pyubx2.ubxreader:Unknown protocol header b'$\x00'.
ERROR:pyubx2.ubxreader:Unknown protocol header b'\xb5\xfe'.
ERROR:pyubx2.ubxreader:Unknown protocol header b'$\x03'.
ERROR:pyubx2.ubxreader:Unknown protocol header b'\xb5\xb5'.
ERROR:pyubx2.ubxreader:Unknown protocol header b'$\x02'.
ERROR:pyubx2.ubxreader:Unknown protocol header b'\xd3\xff'.
ERROR:pyubx2.ubxreader:Unknown protocol header b'\xb5\x18'.
ERROR:pyubx2.ubxreader:Unknown protocol header b"\xb5'".
ERROR:pyubx2.ubxreader:Unknown protocol header b'\xd3\x19'.
ERROR:pyubx2.ubxreader:Unknown protocol header b'\xb5A'.
ERROR:pyubx2.ubxreader:Unknown protocol header b'\xb5\xdc'.
ERROR:pyubx2.ubxreader:Unknown protocol header b'\xb5\x80'.
ERROR:pyubx2.ubxreader:Unknown protocol header b'$\x82'.
ERROR:pyubx2.ubxreader:Unknown protocol header b'\xd3v'.
ERROR:pyubx2.ubxreader:Unknown protocol header b'\xb5\x80'.
ERROR:pyubx2.ubxreader:Unknown protocol header b'\xb5A'.
ERROR:pyubx2.ubxreader:Unknown protocol header b'$s'.
ERROR:pyubx2.ubxreader:Unknown protocol header b'\xb5\x89'.
ERROR:pyubx2.ubxreader:Unknown protocol header b'\xb5;'.
ERROR:pyubx2.ubxreader:Unknown protocol header b'$\x03'.
ERROR:pyubx2.ubxreader:Unknown protocol header b'$\xb5'.
ERROR:pyubx2.ubxreader:Unknown protocol header b'\xb5\x02'.
ERROR:pyubx2.ubxreader:Unknown protocol header b'\xb5\x02'.
ERROR:pyubx2.ubxreader:Unknown protocol header b'\xb5\x02'.
ERROR:pyubx2.ubxreader:Unknown protocol header b'\xb5\x02'.
ERROR:pyubx2.ubxreader:Unknown protocol header b'\xb5\x02'.
ERROR:pyubx2.ubxreader:Unknown protocol header b'$%'.
ERROR:pyubx2.ubxreader:Unknown protocol header b'$\x00'.
ERROR:pyubx2.ubxreader:Unknown protocol header b'$\x00'.
ERROR:pyubx2.ubxreader:Unknown protocol header b'$\x00'.
ERROR:pyubx2.ubxreader:Unknown protocol header b'$\x00'.
ERROR:pyubx2.ubxreader:Unknown protocol header b'\xb5\x01'.
ERROR:pyubx2.ubxreader:Unknown protocol header b'\xb5!'.
ERROR:pyubx2.ubxreader:Unknown protocol header b'\xb5\x01'.
ERROR:pyubx2.ubxreader:Unknown protocol header b'\xb5\x01'.
ERROR:pyubx2.ubxreader:Unknown protocol header b'\xb5\x01'.
ERROR:pyubx2.ubxreader:Unknown protocol header b'\xb5\x01'.
ERROR:pyubx2.ubxreader:Unknown protocol header b'$\xdc'.
ERROR:pyubx2.ubxreader:Unknown protocol header b'$\xd7'.
ERROR:pyubx2.ubxreader:Unknown protocol header b'$.'.
ERROR:pyubx2.ubxreader:Unknown protocol header b'\xd3q'.
ERROR:pyubx2.ubxreader:Unknown protocol header b'$\xf7'.
ERROR:pyubx2.ubxreader:Unknown protocol header b'$\x17'.
ERROR:pyubx2.ubxreader:Unknown protocol header b'$\x97'.
ERROR:pyubx2.ubxreader:Unknown protocol header b'$.'.
ERROR:pyubx2.ubxreader:Unknown protocol header b'$w'.
ERROR:pyubx2.ubxreader:Unknown protocol header b'\xd3D'.
ERROR:pyubx2.ubxreader:Unknown protocol header b'$\xf7'.
ERROR:pyubx2.ubxreader:Unknown protocol header b'\xd3q'.
ERROR:pyubx2.ubxreader:Unknown protocol header b'\xb5\n'.
ERROR:pyubx2.ubxreader:Unknown protocol header b'\xb5\x02'.
ERROR:pyubx2.ubxreader:Message checksum b'\x00\x00' invalid - should be b'\xf8\xaa'
ERROR:pyubx2.ubxreader:Message checksum b'\x00\x00' invalid - should be b'$t'
ERROR:pyubx2.ubxreader:Unknown protocol header b'\xb5\n'.
ERROR:pyubx2.ubxreader:Message checksum b'\x00\x00' invalid - should be b'zp'
ERROR:pyubx2.ubxreader:Unknown protocol header b'\xb5\n'.
ERROR:pyubx2.ubxreader:Message checksum b'\x00~' invalid - should be b'_g'
ERROR:pyubx2.ubxreader:Unknown protocol header b'$\x02'.
ERROR:pyubx2.ubxreader:Unknown protocol header b'$\x01'.
ERROR:pyubx2.ubxreader:Unknown protocol header b'$\xf4'.
ERROR:pyubx2.ubxreader:Unknown protocol header b'$\xff'.
ERROR:pyubx2.ubxreader:Unknown protocol header b"\xb5'".
ERROR:pyubx2.ubxreader:Unknown protocol header b'$\x9d'.
ERROR:pyubx2.ubxreader:Unknown protocol header b'\xd3\x98'.
ERROR:pyubx2.ubxreader:Unknown protocol header b'\xb5\x02'.
ERROR:pyubx2.ubxreader:Unknown protocol header b'\xb5\x02'.
ERROR:pyubx2.ubxreader:Unknown protocol header b'\xb5\x02'.
ERROR:pyubx2.ubxreader:Unknown protocol header b'\xb5\x02'.
ERROR:pyubx2.ubxreader:Unknown protocol header b'\xb5\x02'.
ERROR:pyubx2.ubxreader:Unknown protocol header b'\xb5\x02'.
ERROR:pyubx2.ubxreader:Unknown protocol header b'\xb5`'.
ERROR:pyubx2.ubxreader:Unknown protocol header b'$\x00'.
ERROR:pyubx2.ubxreader:Unknown protocol header b'\xb5\x01'.
ERROR:pyubx2.ubxreader:Unknown protocol header b'\xb5\x01'.
ERROR:pyubx2.ubxreader:Unknown protocol header b'$\x05'.
ERROR:pyubx2.ubxreader:Unknown protocol header b'$\x00'.
ERROR:pyubx2.ubxreader:Unknown protocol header b'$\x00'.
ERROR:pyubx2.ubxreader:Unknown protocol header b'$\x00'.
ERROR:pyubx2.ubxreader:Unknown protocol header b'\xb5\x01'.
ERROR:pyubx2.ubxreader:Unknown protocol header b'\xb5\x01'.
ERROR:pyubx2.ubxreader:Unknown protocol header b'\xb5\x01'.
ERROR:pyubx2.ubxreader:Unknown protocol header b'\xb5\x01'.
ERROR:pyubx2.ubxreader:Unknown protocol header b'\xb5\x01'.
ERROR:pyubx2.ubxreader:Unknown protocol header b'\xb5\x01'.
ERROR:pyubx2.ubxreader:Unknown protocol header b'\xb5\x01'.
ERROR:pyubx2.ubxreader:Unknown protocol header b'\xb5\x01'.
ERROR:pyubx2.ubxreader:Unknown protocol header b'\xb5\x01'.
ERROR:pyubx2.ubxreader:Unknown protocol header b'\xb5\x01'.
ERROR:pyubx2.ubxreader:Unknown protocol header b'\xb5\x01'.
ERROR:pyubx2.ubxreader:Unknown protocol header b'\xb5\x01'.
ERROR:pyubx2.ubxreader:Unknown protocol header b'\xd3\xd6'.
ERROR:pyubx2.ubxreader:Unknown protocol header b'$\xf7'.
ERROR:pyubx2.ubxreader:Unknown protocol header b'$\x17'.
ERROR:pyubx2.ubxreader:Unknown protocol header b'$.'.
ERROR:pyubx2.ubxreader:Unknown protocol header b'$.'.
ERROR:pyubx2.ubxreader:Unknown protocol header b'$\xd7'.
ERROR:pyubx2.ubxreader:Unknown protocol header b'$\xb4'.
ERROR:pyubx2.ubxreader:Unknown protocol header b'\xb5\x02'.
ERROR:pyubx2.ubxreader:Unknown protocol header b'$\x0f'.
ERROR:pyubx2.ubxreader:Unknown protocol header b'\xb5\x02'.
ERROR:pyubx2.ubxreader:Unknown protocol header b'\xb5\x02'.
ERROR:pyubx2.ubxreader:Unknown protocol header b'$\x0f'.
ERROR:pyubx2.ubxreader:Unknown protocol header b'$\x0f'.
ERROR:pyubx2.ubxreader:Unknown protocol header b'\xb5\x02'.
ERROR:pyubx2.ubxreader:Unknown protocol header b'$\x0f'.
ERROR:pyubx2.ubxreader:Unknown protocol header b'\xb5\x02'.
ERROR:pyubx2.ubxreader:Unknown protocol header b'\xb5\x02'.
ERROR:pyubx2.ubxreader:Unknown protocol header b'\xb5\x02'.
ERROR:pyubx2.ubxreader:Unknown protocol header b'\xb5\x02'.
ERROR:pyubx2.ubxreader:Unknown protocol header b'\xb5\n'.
ERROR:pyubx2.ubxreader:Unknown protocol header b'\xb5\n'.
ERROR:pyubx2.ubxreader:Unknown protocol header b'\xb5\n'.
ERROR:pyubx2.ubxreader:Unknown protocol header b'\xb5\n'.
ERROR:pyubx2.ubxreader:Unknown protocol header b'\xb5\n'.
ERROR:pyubx2.ubxreader:Unknown protocol header b'\xb5\n'.
ERROR:pyubx2.ubxreader:Message checksum b'-\xb5' invalid - should be b'!\x1d'
ERROR:pyubx2.ubxreader:Unknown protocol header b"\xb5'".
ERROR:pyubx2.ubxreader:Message checksum b'\x01\x07' invalid - should be b'\xe2\xf0'
ERROR:pyubx2.ubxreader:Unknown protocol header b'\xb5\x01'.
ERROR:pyubx2.ubxreader:Unknown protocol header b'\xb5\x01'.
ERROR:pyubx2.ubxreader:Unknown protocol header b'$\x00'.
ERROR:pyubx2.ubxreader:Unknown protocol header b'$\x00'.
ERROR:pyubx2.ubxreader:Unknown protocol header b'$\x00'.
ERROR:pyubx2.ubxreader:Unknown protocol header b'\xb5\x01'.
ERROR:pyubx2.ubxreader:Unknown protocol header b'$\x00'.
ERROR:pyubx2.ubxreader:Unknown protocol header b'\xb5\x01'.
ERROR:pyubx2.ubxreader:Unknown protocol header b'$\x14'.
ERROR:pyubx2.ubxreader:Unknown protocol header b'\xb5\x01'.
ERROR:pyubx2.ubxreader:Unknown protocol header b'\xb5\x01'.
ERROR:pyubx2.ubxreader:Unknown protocol header b'\xb5\x01'.
ERROR:pyubx2.ubxreader:Unknown protocol header b'\xb5\x01'.
ERROR:pyubx2.ubxreader:Unknown protocol header b'\xb5\x01'.
ERROR:pyubx2.ubxreader:Unknown protocol header b'\xb5\x01'.
ERROR:pyubx2.ubxreader:Unknown protocol header b'\xb5\x01'.
ERROR:pyubx2.ubxreader:Unknown protocol header b'\xb5\x01'.
ERROR:pyubx2.ubxreader:Unknown protocol header b'\xb5\x01'.
ERROR:pyubx2.ubxreader:Unknown protocol header b'\xd3q'.
ERROR:pyubx2.ubxreader:Unknown protocol header b'\xd3D'.
ERROR:pyubx2.ubxreader:Unknown protocol header b'\xd3q'.
ERROR:pyubx2.ubxreader:Unknown protocol header b'\xb5\r'.
ERROR:pyubx2.ubxreader:Unknown protocol header b'$\x00'.
ERROR:pyubx2.ubxreader:Unknown protocol header b'\xb5\x02'.
ERROR:pyubx2.ubxreader:Unknown protocol header b'\xb5\x02'.
ERROR:pyubx2.ubxreader:Unknown protocol header b'\xb5\x02'.
ERROR:pyubx2.ubxreader:Unknown protocol header b'\xb5\x02'.
ERROR:pyubx2.ubxreader:Unknown protocol header b'\xb5\x02'.
ERROR:pyubx2.ubxreader:Unknown protocol header b'\xb5\x02'.
ERROR:pyubx2.ubxreader:Unknown protocol header b'\xb5\x02'.
ERROR:pyubx2.ubxreader:Unknown protocol header b'\xb5\xb5'.
ERROR:pyubx2.ubxreader:Unknown protocol header b'\xb5\x16'.
ERROR:pyubx2.ubxreader:Unknown protocol header b'\xb5\x03'.
ERROR:pyubx2.ubxreader:Unknown protocol header b'$\x00'.
ERROR:pyubx2.ubxreader:Unknown protocol header b'\xb5\xb5'.
ERROR:pyubx2.ubxreader:Unknown protocol header b'\xb5\n'.
ERROR:pyubx2.ubxreader:Unknown protocol header b'\xb5\n'.
ERROR:pyubx2.ubxreader:Unknown protocol header b'\xb5\n'.
ERROR:pyubx2.ubxreader:Unknown protocol header b'\xb5\n'.
ERROR:pyubx2.ubxreader:Unknown protocol header b'$\x02'.
ERROR:pyubx2.ubxreader:Unknown protocol header b'\xb5\x02'.
ERROR:pyubx2.ubxreader:Unknown protocol header b'$\x01'.
ERROR:pyubx2.ubxreader:Unknown protocol header b'\xd3\x1f'.
ERROR:pyubx2.ubxreader:Unknown protocol header b'\xb5\x02'.
ERROR:pyubx2.ubxreader:Unknown protocol header b'$\xd9'.
ERROR:pyubx2.ubxreader:Unknown protocol header b'\xb5N'.
ERROR:pyubx2.ubxreader:Unknown protocol header b'\xd3A'.
ERROR:pyubx2.ubxreader:Unknown protocol header b'\xd3\xaf'.
ERROR:pyubx2.ubxreader:Unknown protocol header b'\xd3\x06'.
ERROR:pyubx2.ubxreader:Unknown protocol header b'\xd3\xbb'.
ERROR:pyubx2.ubxreader:Unknown protocol header b'\xb5\x01'.
ERROR:pyubx2.ubxreader:Unknown protocol header b'\xb5\x01'.
ERROR:pyubx2.ubxreader:Unknown protocol header b'\xb5\x01'.
ERROR:pyubx2.ubxreader:Unknown protocol header b'\xb5\x01'.
ERROR:pyubx2.ubxreader:Unknown protocol header b'\xb5\x01'.
ERROR:pyubx2.ubxreader:Unknown protocol header b'$\x00'.
ERROR:pyubx2.ubxreader:Unknown protocol header b'$\x00'.
ERROR:pyubx2.ubxreader:Unknown protocol header b'\xb5\x01'.
ERROR:pyubx2.ubxreader:Unknown protocol header b'$\x14'.
ERROR:pyubx2.ubxreader:Unknown protocol header b'\xb5\x01'.
ERROR:pyubx2.ubxreader:Unknown protocol header b'\xb5$'.
ERROR:pyubx2.ubxreader:Unknown protocol header b'\xd3Q'.
ERROR:pyubx2.ubxreader:Unknown protocol header b'\xd3D'.
ERROR:pyubx2.ubxreader:Unknown protocol header b'$\xd7'.
ERROR:pyubx2.ubxreader:Unknown protocol header b'$\xf7'.
ERROR:pyubx2.ubxreader:Unknown protocol header b'\xd3q'.
ERROR:pyubx2.ubxreader:Unknown protocol header b'$\xa9'.
ERROR:pyubx2.ubxreader:Message checksum b',\xb5' invalid - should be b'1\x88'
ERROR:pyubx2.ubxreader:Unknown protocol header b'$\xa9'.
ERROR:pyubx2.ubxreader:Unknown protocol header b'$\xb5'.
ERROR:pyubx2.ubxreader:Unknown protocol header b'\xb5\x7f'.
ERROR:pyubx2.ubxreader:Unknown protocol header b'$\xda'.
ERROR:pyubx2.ubxreader:Unknown protocol header b'\xd3\xa5'.
ERROR:pyubx2.ubxreader:Unknown protocol header b'$\xc7'.
ERROR:pyubx2.ubxreader:Unknown protocol header b'\xb5\x9b'.
ERROR:pyubx2.ubxreader:Unknown protocol header b'\xd3v'.
ERROR:pyubx2.ubxreader:Unknown protocol header b'\xd3\x84'.
ERROR:pyubx2.ubxreader:Unknown protocol header b'$\xd7'.
ERROR:pyubx2.ubxreader:Unknown protocol header b'\xb5s'.
ERROR:pyubx2.ubxreader:Unknown protocol header b'\xb5r'.
ERROR:pyubx2.ubxreader:Unknown protocol header b'\xd3M'.
ERROR:pyubx2.ubxreader:Unknown protocol header b'$\x03'.
ERROR:pyubx2.ubxreader:Unknown protocol header b'$\x94'.
ERROR:pyubx2.ubxreader:Unknown protocol header b'$0'.
ERROR:pyubx2.ubxreader:Unknown protocol header b'\xd3\xc4'.
ERROR:pyubx2.ubxreader:Serial stream terminated unexpectedly. 18434 bytes requested, 15455 bytes returned.
ERROR:pyubx2.ubxreader:Message checksum b'\x85\x97' invalid - should be b'\x1d\x86'
ERROR:pyubx2.ubxreader:Unknown protocol header b'$\x06'.
ERROR:pyubx2.ubxreader:Unknown protocol header b'\xd3\xff'.
ERROR:pyubx2.ubxreader:Unknown protocol header b'\xd3\xda'.
ERROR:pyubx2.ubxreader:Unknown protocol header b'\xb57'.
ERROR:pyubx2.ubxreader:Unknown protocol header b'\xd3\x18'.
ERROR:pyubx2.ubxreader:Unknown protocol header b'$$'.
ERROR:pyubx2.ubxreader:Unknown protocol header b"\xb5'".
ERROR:pyubx2.ubxreader:Unknown protocol header b'\xb5\x02'.
ERROR:pyubx2.ubxreader:Unknown protocol header b'\xb5\xce'.
ERROR:pyubx2.ubxreader:Unknown protocol header b'\xd3\x07'.
ERROR:pyubx2.ubxreader:Unknown protocol header b'$\x03'.
ERROR:pyubx2.ubxreader:Unknown protocol header b'\xb5\xfa'.
ERROR:pyubx2.ubxreader:Unknown protocol header b'\xd3\xfa'.
ERROR:pyubx2.ubxreader:Unknown protocol header b'\xb5A'.
ERROR:pyubx2.ubxreader:Unknown protocol header b'$Q'.
ERROR:pyubx2.ubxreader:Serial stream terminated unexpectedly. 59397 bytes requested, 21381 bytes returned.
ERROR:pyubx2.ubxreader:Unknown protocol header b'\xb5\x02'.
ERROR:pyubx2.ubxreader:Unknown protocol header b'$('.
ERROR:pyubx2.ubxreader:Unknown protocol header b'\xb5\x02'.
ERROR:pyubx2.ubxreader:Unknown protocol header b'\xb5\n'.
ERROR:pyubx2.ubxreader:Unknown protocol header b'\xb5\n'.
ERROR:pyubx2.ubxreader:Unknown protocol header b'\xb5\n'.
ERROR:pyubx2.ubxreader:Unknown protocol header b'\xb5\x02'.
ERROR:pyubx2.ubxreader:Unknown protocol header b'$\xbf'.
ERROR:pyubx2.ubxreader:Unknown protocol header b'\xb5\x02'.
ERROR:pyubx2.ubxreader:Unknown protocol header b'\xb5\x13'.
ERROR:pyubx2.ubxreader:Unknown protocol header b'$\xbf'.
ERROR:pyubx2.ubxreader:Unknown protocol header b"\xd3'".
ERROR:pyubx2.ubxreader:Unknown protocol header b'\xb5\x02'.
ERROR:pyubx2.ubxreader:Unknown protocol header b"\xd3'".
ERROR:pyubx2.ubxreader:Unknown protocol header b'\xb5\x02'.
ERROR:pyubx2.ubxreader:Unknown protocol header b"\xd3'".
ERROR:pyubx2.ubxreader:Unknown protocol header b'$\xbf'.
ERROR:pyubx2.ubxreader:Unknown protocol header b"\xd3'".
ERROR:pyubx2.ubxreader:Unknown protocol header b'\xb5\x02'.
ERROR:pyubx2.ubxreader:Unknown protocol header b"\xd3'".
ERROR:pyubx2.ubxreader:Unknown protocol header b'\xb5\x02'.
ERROR:pyubx2.ubxreader:Unknown protocol header b'\xb5\x02'.
ERROR:pyubx2.ubxreader:Message checksum b'\xdf\xab' invalid - should be b'm\x07'
ERROR:pyubx2.ubxreader:Unknown protocol header b'\xd3\xba'.
ERROR:pyubx2.ubxreader:Unknown protocol header b'$n'.
ERROR:pyubx2.ubxreader:Unknown protocol header b"\xb5'".
ERROR:pyubx2.ubxreader:Unknown protocol header b'$\x02'.
ERROR:pyubx2.ubxreader:Unknown protocol header b'$\x07'.
ERROR:pyubx2.ubxreader:Unknown protocol header b'\xb5\\'.
ERROR:pyubx2.ubxreader:Unknown protocol header b'\xb5\x8a'.
ERROR:pyubx2.ubxreader:Unknown protocol header b'\xd3A'.
ERROR:pyubx2.ubxreader:Unknown protocol header b'$\x07'.
ERROR:pyubx2.ubxreader:Unknown protocol header b'\xb5\x01'.
ERROR:pyubx2.ubxreader:Unknown protocol header b'\xb5\x02'.
ERROR:pyubx2.ubxreader:Unknown protocol header b'$\x00'.
ERROR:pyubx2.ubxreader:Unknown protocol header b'$\x00'.
ERROR:pyubx2.ubxreader:Unknown protocol header b'$%'.
ERROR:pyubx2.ubxreader:Unknown protocol header b'$\x00'.
ERROR:pyubx2.ubxreader:Unknown protocol header b'$\x00'.
ERROR:pyubx2.ubxreader:Unknown protocol header b'\xb5\x01'.
ERROR:pyubx2.ubxreader:Unknown protocol header b'$-'.
ERROR:pyubx2.ubxreader:Unknown protocol header b'$\x00'.
ERROR:pyubx2.ubxreader:Message checksum b'\xa0\x0f' invalid - should be b'\xffQ'
ERROR:pyubx2.ubxreader:Unknown protocol header b'\xd3\x87'.
ERROR:pyubx2.ubxreader:Unknown protocol header b'\xb5\xf4'.
ERROR:pyubx2.ubxreader:Unknown protocol header b'\xb5\xff'.
ERROR:pyubx2.ubxreader:Unknown protocol header b'$\x01'.
ERROR:pyubx2.ubxreader:Message checksum b'44' invalid - should be b'b\x0c'
ERROR:pyubx2.ubxreader:Unknown protocol header b'$Q'.
ERROR:pyubx2.ubxreader:Unknown protocol header b'$Q'.
ERROR:pyubx2.ubxreader:Unknown protocol header b'$\x00'.
ERROR:pyubx2.ubxreader:Unknown protocol header b'\xb5\x01'.
ERROR:pyubx2.ubxreader:Unknown protocol header b'$\x05'.
ERROR:pyubx2.ubxreader:Unknown protocol header b'$\x00'.
ERROR:pyubx2.ubxreader:Unknown protocol header b'\xb5\x01'.
ERROR:pyubx2.ubxreader:Unknown protocol header b'$\x01'.
ERROR:pyubx2.ubxreader:Unknown protocol header b'$\x00'.
ERROR:pyubx2.ubxreader:Unknown protocol header b'\xb5\x01'.
ERROR:pyubx2.ubxreader:Unknown protocol header b'$\xa4'.
ERROR:pyubx2.ubxreader:Unknown protocol header b'\xb5\x01'.
ERROR:pyubx2.ubxreader:Unknown protocol header b'\xb5\x01'.
ERROR:pyubx2.ubxreader:Unknown protocol header b'\xb5\x01'.
ERROR:pyubx2.ubxreader:Unknown protocol header b'$.'.
ERROR:pyubx2.ubxreader:Unknown protocol header b'$\x97'.
ERROR:pyubx2.ubxreader:Unknown protocol header b'\xd3\x84'.
ERROR:pyubx2.ubxreader:Unknown protocol header b'\xb5\x15'.
ERROR:pyubx2.ubxreader:Unknown protocol header b'\xd3q'.
ERROR:pyubx2.ubxreader:Unknown protocol header b'$\x17'.
ERROR:pyubx2.ubxreader:Unknown protocol header b'\xb5\n'.
ERROR:pyubx2.ubxreader:Unknown protocol header b'\xb5\x02'.
ERROR:pyubx2.ubxreader:Unknown protocol header b'\xb5\x02'.
ERROR:pyubx2.ubxreader:Unknown protocol header b'\xb58'.
ERROR:pyubx2.ubxreader:Unknown protocol header b'\xb5\xff'.
ERROR:pyubx2.ubxreader:Unknown protocol header b'$\xbd'.
ERROR:pyubx2.ubxreader:Unknown protocol header b'\xb5\xff'.
ERROR:pyubx2.ubxreader:Unknown protocol header b'\xb5A'.
ERROR:pyubx2.ubxreader:Unknown protocol header b'\xd3g'.
ERROR:pyubx2.ubxreader:Unknown protocol header b'$\xa0'.
ERROR:pyubx2.ubxreader:Unknown protocol header b'$\x05'.
ERROR:pyubx2.ubxreader:Unknown protocol header b'\xb58'.
ERROR:pyubx2.ubxreader:Unknown protocol header b'\xb5\x07'.
ERROR:pyubx2.ubxreader:Unknown protocol header b'$\x00'.
ERROR:pyubx2.ubxreader:Unknown protocol header b'\xb58'.
ERROR:pyubx2.ubxreader:Unknown protocol header b'\xb58'.
ERROR:pyubx2.ubxreader:Unknown protocol header b'$\x00'.
ERROR:pyubx2.ubxreader:Unknown protocol header b'\xb5\x07'.
ERROR:pyubx2.ubxreader:Unknown protocol header b'\xb5\x07'.
ERROR:pyubx2.ubxreader:Unknown protocol header b'$\x00'.
ERROR:pyubx2.ubxreader:Unknown protocol header b'$%'.
ERROR:pyubx2.ubxreader:Unknown protocol header b'$\x00'.
ERROR:pyubx2.ubxreader:Unknown protocol header b'\xb5\x01'.
ERROR:pyubx2.ubxreader:Unknown protocol header b'$\x11'.
ERROR:pyubx2.ubxreader:Unknown protocol header b'$\x00'.
ERROR:pyubx2.ubxreader:Unknown protocol header b'\xb5\xc1'.
ERROR:pyubx2.ubxreader:Unknown protocol header b'\xb5\x1c'.
ERROR:pyubx2.ubxreader:Unknown protocol header b'\xb5\x00'.
ERROR:pyubx2.ubxreader:Unknown protocol header b'\xb5\n'.
ERROR:pyubx2.ubxreader:Unknown protocol header b'\xb5\x02'.
ERROR:pyubx2.ubxreader:Unknown protocol header b'$\xbb'.
ERROR:pyubx2.ubxreader:Unknown protocol header b'\xb5\xff'.
ERROR:pyubx2.ubxreader:Unknown protocol header b'$ '.
ERROR:pyubx2.ubxreader:Unknown protocol header b"\xb5'".
ERROR:pyubx2.ubxreader:Unknown protocol header b'$\x02'.
ERROR:pyubx2.ubxreader:Unknown protocol header b'$\x03'.
ERROR:pyubx2.ubxreader:Unknown protocol header b'\xd3\x94'.
ERROR:pyubx2.ubxreader:Unknown protocol header b'\xd3\xb4'.
ERROR:pyubx2.ubxreader:Unknown protocol header b'\xb5\x9c'.
ERROR:pyubx2.ubxreader:Unknown protocol header b'\xb5c'.
ERROR:pyubx2.ubxreader:Unknown protocol header b'$\x88'.
ERROR:pyubx2.ubxreader:Unknown protocol header b'\xb5A'.
ERROR:pyubx2.ubxreader:Unknown protocol header b'\xd3\x92'.
ERROR:pyubx2.ubxreader:Unknown protocol header b'$\x03'.
ERROR:pyubx2.ubxreader:Unknown protocol header b'\xb5\x02'.
ERROR:pyubx2.ubxreader:Unknown protocol header b'\xb5\x02'.
ERROR:pyubx2.ubxreader:Unknown protocol header b'\xb5\xbf'.
ERROR:pyubx2.ubxreader:Unknown protocol header b'\xb5\x02'.
ERROR:pyubx2.ubxreader:Unknown protocol header b'\xb5\x02'.
ERROR:pyubx2.ubxreader:Unknown protocol header b'$\n'.
ERROR:pyubx2.ubxreader:Unknown protocol header b'\xb5\x02'.
ERROR:pyubx2.ubxreader:Unknown protocol header b'\xb5\x02'.
ERROR:pyubx2.ubxreader:Unknown protocol header b'\xb5\x02'.
ERROR:pyubx2.ubxreader:Unknown protocol header b'\xb5\x02'.
ERROR:pyubx2.ubxreader:Unknown protocol header b'\xb5\x02'.
ERROR:pyubx2.ubxreader:Unknown protocol header b'\xb5\x02'.
ERROR:pyubx2.ubxreader:Unknown protocol header b'\xb5\x02'.
ERROR:pyubx2.ubxreader:Unknown protocol header b'\xb5\x02'.
ERROR:pyubx2.ubxreader:Unknown protocol header b'\xb5\x02'.
ERROR:pyubx2.ubxreader:Unknown protocol header b'$~'.
ERROR:pyubx2.ubxreader:Unknown protocol header b'\xb5\x02'.
ERROR:pyubx2.ubxreader:Unknown protocol header b'\xb5\x02'.
ERROR:pyubx2.ubxreader:Unknown protocol header b'\xb5\x02'.
ERROR:pyubx2.ubxreader:Unknown protocol header b'\xb5\x02'.
ERROR:pyubx2.ubxreader:Unknown protocol header b'$~'.
ERROR:pyubx2.ubxreader:Unknown protocol header b'$~'.
ERROR:pyubx2.ubxreader:Unknown protocol header b'$~'.
ERROR:pyubx2.ubxreader:Unknown protocol header b'\xb5\x02'.
ERROR:pyubx2.ubxreader:Unknown protocol header b'$~'.
ERROR:pyubx2.ubxreader:Unknown protocol header b'\xb5\x02'.
ERROR:pyubx2.ubxreader:Unknown protocol header b'\xb5\x02'.
ERROR:pyubx2.ubxreader:Unknown protocol header b'\xb5\x01'.
ERROR:pyubx2.ubxreader:Unknown protocol header b'\xb5\x01'.
ERROR:pyubx2.ubxreader:Unknown protocol header b'\xb5\x01'.
ERROR:pyubx2.ubxreader:Unknown protocol header b'$\x00'.
ERROR:pyubx2.ubxreader:Unknown protocol header b'$\x00'.
ERROR:pyubx2.ubxreader:Unknown protocol header b'\xb5\xf7'.
ERROR:pyubx2.ubxreader:Unknown protocol header b'\xb5\x01'.
ERROR:pyubx2.ubxreader:Unknown protocol header b'$\x00'.
ERROR:pyubx2.ubxreader:Unknown protocol header b'$\x00'.
ERROR:pyubx2.ubxreader:Unknown protocol header b'\xb5\x01'.
ERROR:pyubx2.ubxreader:Unknown protocol header b'\xb5\x01'.
ERROR:pyubx2.ubxreader:Unknown protocol header b'$\x00'.
ERROR:pyubx2.ubxreader:Message checksum b'\x00\xb5' invalid - should be b'\x88\x91'
ERROR:pyubx2.ubxreader:Unknown protocol header b'\xb5\x01'.
ERROR:pyubx2.ubxreader:Unknown protocol header b'\xb5\x01'.
ERROR:pyubx2.ubxreader:Unknown protocol header b'\xb5\x01'.
ERROR:pyubx2.ubxreader:Unknown protocol header b'\xb5\x01'.
ERROR:pyubx2.ubxreader:Unknown protocol header b'\xb5\x01'.
ERROR:pyubx2.ubxreader:Unknown protocol header b'\xb5\x01'.
ERROR:pyubx2.ubxreader:Unknown protocol header b'\xb5\x01'.
ERROR:pyubx2.ubxreader:Unknown protocol header b'\xb5\x01'.
ERROR:pyubx2.ubxreader:Unknown protocol header b'\xb5\x01'.
ERROR:pyubx2.ubxreader:Unknown protocol header b'\xb5\x01'.
ERROR:pyubx2.ubxreader:Unknown protocol header b'\xb5\x01'.
ERROR:pyubx2.ubxreader:Unknown protocol header b'\xb5\x01'.
ERROR:pyubx2.ubxreader:Unknown protocol header b'$\xdc'.
ERROR:pyubx2.ubxreader:Unknown protocol header b'$\xd7'.
ERROR:pyubx2.ubxreader:Unknown protocol header b'$u'.
ERROR:pyubx2.ubxreader:Unknown protocol header b'\xd3D'.
ERROR:pyubx2.ubxreader:Unknown protocol header b'$\x17'.
ERROR:pyubx2.ubxreader:Unknown protocol header b'$.'.
ERROR:pyubx2.ubxreader:Unknown protocol header b'$w'.
ERROR:pyubx2.ubxreader:Unknown protocol header b'\xd3}'.
ERROR:pyubx2.ubxreader:Unknown protocol header b'\xd3\\'.
ERROR:pyubx2.ubxreader:Unknown protocol header b'\xd3_'.
ERROR:pyubx2.ubxreader:Unknown protocol header b'\xd3q'.
ERROR:pyubx2.ubxreader:Unknown protocol header b'\xb5\x02'.
ERROR:pyubx2.ubxreader:Unknown protocol header b'\xb5\xcb'.
ERROR:pyubx2.ubxreader:Unknown protocol header b'\xb5\x02'.
ERROR:pyubx2.ubxreader:Unknown protocol header b'\xb5\r'.
ERROR:pyubx2.ubxreader:Unknown protocol header b'\xb5\n'.
ERROR:pyubx2.ubxreader:Unknown protocol header b'\xb5\x8f'.
ERROR:pyubx2.ubxreader:Unknown protocol header b'\xd3\xff'.
ERROR:pyubx2.ubxreader:Unknown protocol header b'$\xb9'.
ERROR:pyubx2.ubxreader:Unknown protocol header b'\xd3\x87'.
ERROR:pyubx2.ubxreader:Unknown protocol header b'\xd3w'.
ERROR:pyubx2.ubxreader:Unknown protocol header b'\xb5\xff'.
ERROR:pyubx2.ubxreader:Unknown protocol header b'$\xed'.
ERROR:pyubx2.ubxreader:Unknown protocol header b'\xb5\xaf'.
ERROR:pyubx2.ubxreader:Unknown protocol header b'\xb5\x9b'.
ERROR:pyubx2.ubxreader:Unknown protocol header b'$\x04'.
ERROR:pyubx2.ubxreader:Unknown protocol header b'$\x03'.
ERROR:pyubx2.ubxreader:Unknown protocol header b'\xb5\x94'.
ERROR:pyubx2.ubxreader:Unknown protocol header b'\xd3\xd4'.
ERROR:pyubx2.ubxreader:Unknown protocol header b'\xb5A'.
ERROR:pyubx2.ubxreader:Unknown protocol header b'\xb5\x94'.
ERROR:pyubx2.ubxreader:Unknown protocol header b'$\x03'.
ERROR:pyubx2.ubxreader:Unknown protocol header b'\xd3\xc1'.
ERROR:pyubx2.ubxreader:Unknown protocol header b'\xd3\xa4'.
ERROR:pyubx2.ubxreader:Unknown protocol header b'\xd3v'.
ERROR:pyubx2.ubxreader:Unknown protocol header b'\xb5\x01'.
ERROR:pyubx2.ubxreader:Unknown protocol header b'\xb5\x01'.
ERROR:pyubx2.ubxreader:Unknown protocol header b'\xb5\x01'.
ERROR:pyubx2.ubxreader:Unknown protocol header b'\xb5\x01'.
ERROR:pyubx2.ubxreader:Unknown protocol header b'\xb5\x01'.
ERROR:pyubx2.ubxreader:Unknown protocol header b'\xb5\x01'.
ERROR:pyubx2.ubxreader:Unknown protocol header b'$Q'.
ERROR:pyubx2.ubxreader:Unknown protocol header b'$Q'.
ERROR:pyubx2.ubxreader:Unknown protocol header b'$\x00'.
ERROR:pyubx2.ubxreader:Unknown protocol header b'$\x11'.
ERROR:pyubx2.ubxreader:Unknown protocol header b'\xb5\x01'.
ERROR:pyubx2.ubxreader:Unknown protocol header b'$\x01'.
ERROR:pyubx2.ubxreader:Unknown protocol header b'\xb5\x01'.
ERROR:pyubx2.ubxreader:Message checksum b'\xb5b' invalid - should be b'!M'
ERROR:pyubx2.ubxreader:Unknown protocol header b'\xb5\x01'.
ERROR:pyubx2.ubxreader:Unknown protocol header b'\xb5\xb5'.
ERROR:pyubx2.ubxreader:Message checksum b',5' invalid - should be b'f\x83'
ERROR:pyubx2.ubxreader:Unknown protocol header b'$\x00'.
ERROR:pyubx2.ubxreader:Unknown protocol header b'$\xb5'.
ERROR:pyubx2.ubxreader:Unknown protocol header b'$\x00'.
ERROR:pyubx2.ubxreader:Unknown protocol header b'\xb5\x01'.
ERROR:pyubx2.ubxreader:Unknown protocol header b'\xb5\x01'.
ERROR:pyubx2.ubxreader:Unknown protocol header b'\xb5\x01'.
ERROR:pyubx2.ubxreader:Unknown protocol header b'\xb5\x01'.
ERROR:pyubx2.ubxreader:Unknown protocol header b'\xb5\x01'.
ERROR:pyubx2.ubxreader:Unknown protocol header b'\xb5\x01'.
ERROR:pyubx2.ubxreader:Unknown protocol header b'$\xf7'.
ERROR:pyubx2.ubxreader:Unknown protocol header b'$\xf7'.
ERROR:pyubx2.ubxreader:Unknown protocol header b'$\x97'.
ERROR:pyubx2.ubxreader:Unknown protocol header b'$\x17'.
ERROR:pyubx2.ubxreader:Unknown protocol header b'\xd3q'.
ERROR:pyubx2.ubxreader:Unknown protocol header b'\xb5\n'.
ERROR:pyubx2.ubxreader:Unknown protocol header b'\xb5\n'.
ERROR:pyubx2.ubxreader:Unknown protocol header b'\xb5\n'.
ERROR:pyubx2.ubxreader:Unknown protocol header b'\xb5\n'.
ERROR:pyubx2.ubxreader:Unknown protocol header b'\xb5\n'.
ERROR:pyubx2.ubxreader:Unknown protocol header b'\xb5\n'.
ERROR:pyubx2.ubxreader:Unknown protocol header b'\xd3\xb5'.
ERROR:pyubx2.ubxreader:Unknown protocol header b'$\x00'.
ERROR:pyubx2.ubxreader:Unknown protocol header b'\xb5\n'.
ERROR:pyubx2.ubxreader:Unknown protocol header b'\xb5\n'.
ERROR:pyubx2.ubxreader:Unknown protocol header b'\xb5\x02'.
ERROR:pyubx2.ubxreader:Unknown protocol header b'\xb5\x02'.
ERROR:pyubx2.ubxreader:Unknown protocol header b'$:'.
ERROR:pyubx2.ubxreader:Unknown protocol header b'$:'.
ERROR:pyubx2.ubxreader:Unknown protocol header b'$:'.
ERROR:pyubx2.ubxreader:Message checksum b'S\xb5' invalid - should be b'\xbd;'
ERROR:pyubx2.ubxreader:Unknown protocol header b'$\x8b'.
ERROR:pyubx2.ubxreader:Message checksum b'\x06\x01' invalid - should be b'?j'
ERROR:pyubx2.ubxreader:Unknown protocol header b'\xd3\xff'.
ERROR:pyubx2.ubxreader:Unknown protocol header b'$\x83'.
ERROR:pyubx2.ubxreader:Unknown protocol header b'\xd3\xff'.
ERROR:pyubx2.ubxreader:Unknown protocol header b"\xb5'".
ERROR:pyubx2.ubxreader:Unknown protocol header b'\xd3\xdc'.
ERROR:pyubx2.ubxreader:Unknown protocol header b'$\x9d'.
ERROR:pyubx2.ubxreader:Unknown protocol header b'$\xfa'.
ERROR:pyubx2.ubxreader:Unknown protocol header b'\xb5w'.
ERROR:pyubx2.ubxreader:Unknown protocol header b'$\xc0'.
ERROR:pyubx2.ubxreader:Unknown protocol header b'\xb5\x80'.
ERROR:pyubx2.ubxreader:Unknown protocol header b'\xb5A'.
ERROR:pyubx2.ubxreader:Unknown protocol header b'\xb5\x00'.
ERROR:pyubx2.ubxreader:Unknown protocol header b'\xb5\xce'.
ERROR:pyubx2.ubxreader:Unknown protocol header b'$\x03'.
ERROR:pyubx2.ubxreader:Unknown protocol header b'\xb5\x01'.
ERROR:pyubx2.ubxreader:Unknown protocol header b'$\x00'.
ERROR:pyubx2.ubxreader:Unknown protocol header b'\xb5\x01'.
ERROR:pyubx2.ubxreader:Unknown protocol header b'$\x10'.
ERROR:pyubx2.ubxreader:Unknown protocol header b'\xb5\n'.
ERROR:pyubx2.ubxreader:Unknown protocol header b'\xb5\n'.
ERROR:pyubx2.ubxreader:Unknown protocol header b'\xb5\n'.
ERROR:pyubx2.ubxreader:Unknown protocol header b'\xb5\n'.
ERROR:pyubx2.ubxreader:Unknown protocol header b'\xb5\n'.
ERROR:pyubx2.ubxreader:Unknown protocol header b'\xb5\n'.
ERROR:pyubx2.ubxreader:Unknown protocol header b'\xb5\n'.
ERROR:pyubx2.ubxreader:Unknown protocol header b'\xb5\n'.
ERROR:pyubx2.ubxreader:Unknown protocol header b'\xb5\x00'.
ERROR:pyubx2.ubxreader:Unknown protocol header b'\xb5\x02'.
ERROR:pyubx2.ubxreader:Unknown protocol header b'$\xf8'.
ERROR:pyubx2.ubxreader:Unknown protocol header b'$\x02'.
ERROR:pyubx2.ubxreader:Unknown protocol header b'$\x00'.
ERROR:pyubx2.ubxreader:Unknown protocol header b'\xb5A'.
ERROR:pyubx2.ubxreader:Unknown protocol header b'\xb5\xf3'.
ERROR:pyubx2.ubxreader:Unknown protocol header b'\xd3\x06'.
ERROR:pyubx2.ubxreader:Unknown protocol header b'$<'.
ERROR:pyubx2.ubxreader:Unknown protocol header b'\xb5\x83'.
ERROR:pyubx2.ubxreader:Unknown protocol header b'$\x03'.
ERROR:pyubx2.ubxreader:Unknown protocol header b'\xb5\x02'.
ERROR:pyubx2.ubxreader:Unknown protocol header b'\xb5\x02'.
ERROR:pyubx2.ubxreader:Unknown protocol header b'$\x00'.
ERROR:pyubx2.ubxreader:Unknown protocol header b'$\x00'.
ERROR:pyubx2.ubxreader:Unknown protocol header b'\xb5\x02'.
ERROR:pyubx2.ubxreader:Unknown protocol header b'\xb5\x02'.
ERROR:pyubx2.ubxreader:Unknown protocol header b'\xb5\x01'.
ERROR:pyubx2.ubxreader:Unknown protocol header b'\xb5\x01'.
ERROR:pyubx2.ubxreader:Unknown protocol header b'$\x00'.
ERROR:pyubx2.ubxreader:Unknown protocol header b'\xb5\x00'.
ERROR:pyubx2.ubxreader:Unknown protocol header b'\xb5\x01'.
ERROR:pyubx2.ubxreader:Unknown protocol header b'\xb5\x01'.
ERROR:pyubx2.ubxreader:Unknown protocol header b'$+'.
ERROR:pyubx2.ubxreader:Unknown protocol header b'$\x05'.
ERROR:pyubx2.ubxreader:Unknown protocol header b'$\x00'.
ERROR:pyubx2.ubxreader:Unknown protocol header b'$\x00'.
ERROR:pyubx2.ubxreader:Unknown protocol header b'\xb5\x01'.
ERROR:pyubx2.ubxreader:Unknown protocol header b'\xb5\x01'.
ERROR:pyubx2.ubxreader:Unknown protocol header b'$\x14'.
ERROR:pyubx2.ubxreader:Unknown protocol header b'\xb5\x01'.
ERROR:pyubx2.ubxreader:Unknown protocol header b'\xb5\x01'.
ERROR:pyubx2.ubxreader:Unknown protocol header b'\xb5\x01'.
ERROR:pyubx2.ubxreader:Unknown protocol header b'\xb5\x01'.
ERROR:pyubx2.ubxreader:Unknown protocol header b'\xb5\x01'.
ERROR:pyubx2.ubxreader:Unknown protocol header b'\xb5\x01'.
ERROR:pyubx2.ubxreader:Unknown protocol header b'\xb5\x01'.
ERROR:pyubx2.ubxreader:Unknown protocol header b'\xb5\x01'.
ERROR:pyubx2.ubxreader:Unknown protocol header b'\xb5\x01'.
ERROR:pyubx2.ubxreader:Unknown protocol header b'\xb5\x01'.
ERROR:pyubx2.ubxreader:Unknown protocol header b'\xb5\x01'.
ERROR:pyubx2.ubxreader:Unknown protocol header b'\xb5\x1b'.
ERROR:pyubx2.ubxreader:Unknown protocol header b"\xb5'".
ERROR:pyubx2.ubxreader:Unknown protocol header b"\xb5'".
ERROR:pyubx2.ubxreader:Unknown protocol header b'\xb5\x02'.
ERROR:pyubx2.ubxreader:Unknown protocol header b'\xb5\xc0'.
ERROR:pyubx2.ubxreader:Unknown protocol header b'\xd3u'.
ERROR:pyubx2.ubxreader:Unknown protocol header b'$\xf4'.
ERROR:pyubx2.ubxreader:Unknown protocol header b'\xb5A'.
ERROR:pyubx2.ubxreader:Unknown protocol header b'\xd3\x06'.
ERROR:pyubx2.ubxreader:Unknown protocol header b'$\x03'.
ERROR:pyubx2.ubxreader:Unknown protocol header b'\xb5\x01'.
ERROR:pyubx2.ubxreader:Unknown protocol header b'\xb5\x01'.
ERROR:pyubx2.ubxreader:Unknown protocol header b'\xb5\x01'.
ERROR:pyubx2.ubxreader:Unknown protocol header b'\xb5\x01'.
ERROR:pyubx2.ubxreader:Unknown protocol header b'\xb5\x01'.
ERROR:pyubx2.ubxreader:Unknown protocol header b'$+'.
ERROR:pyubx2.ubxreader:Unknown protocol header b'$\x00'.
ERROR:pyubx2.ubxreader:Unknown protocol header b'\xb5\x01'.
ERROR:pyubx2.ubxreader:Unknown protocol header b'$\x05'.
ERROR:pyubx2.ubxreader:Unknown protocol header b'$*'.
ERROR:pyubx2.ubxreader:Unknown protocol header b'\xb5\x01'.
ERROR:pyubx2.ubxreader:Unknown protocol header b'\xb5\x01'.
ERROR:pyubx2.ubxreader:Unknown protocol header b'\xb5\x01'.
ERROR:pyubx2.ubxreader:Message checksum b'\x01\x00' invalid - should be b'm\xd0'
ERROR:pyubx2.ubxreader:Unknown protocol header b'$\x00'.
ERROR:pyubx2.ubxreader:Unknown protocol header b'$\x00'.
ERROR:pyubx2.ubxreader:Unknown protocol header b'$*'.
ERROR:pyubx2.ubxreader:Unknown protocol header b'\xb5\x01'.
ERROR:pyubx2.ubxreader:Unknown protocol header b'$\x14'.
ERROR:pyubx2.ubxreader:Unknown protocol header b'\xb5\x01'.
ERROR:pyubx2.ubxreader:Unknown protocol header b'\xb5\x02'.
ERROR:pyubx2.ubxreader:Unknown protocol header b'\xb5\x01'.
ERROR:pyubx2.ubxreader:Unknown protocol header b'\xb5\x01'.
ERROR:pyubx2.ubxreader:Unknown protocol header b'\xb5\x01'.
ERROR:pyubx2.ubxreader:Unknown protocol header b'$\xb9'.
ERROR:pyubx2.ubxreader:Unknown protocol header b'$\xd7'.
ERROR:pyubx2.ubxreader:Unknown protocol header b'$\xf7'.
ERROR:pyubx2.ubxreader:Unknown protocol header b'\xd3q'.
ERROR:pyubx2.ubxreader:Unknown protocol header b'\xd3\x9d'.
ERROR:pyubx2.ubxreader:Unknown protocol header b'\xb5\x02'.
ERROR:pyubx2.ubxreader:Unknown protocol header b'\xb5\xfc'.
ERROR:pyubx2.ubxreader:Unknown protocol header b'\xb5\n'.
ERROR:pyubx2.ubxreader:Unknown protocol header b'\xb5\n'.
ERROR:pyubx2.ubxreader:Unknown protocol header b'$\x00'.
ERROR:pyubx2.ubxreader:Unknown protocol header b'\xb5\x02'.
ERROR:pyubx2.ubxreader:Unknown protocol header b'\xb5\x02'.
ERROR:pyubx2.ubxreader:Unknown protocol header b'\xb5\x02'.
ERROR:pyubx2.ubxreader:Unknown protocol header b'\xb5\x02'.
ERROR:pyubx2.ubxreader:Unknown protocol header b'\xb5\x02'.
ERROR:pyubx2.ubxreader:Unknown protocol header b'\xd3\xb5'.
ERROR:pyubx2.ubxreader:Unknown protocol header b'\xb5\x02'.
ERROR:pyubx2.ubxreader:Unknown protocol header b'\xb5\x02'.
ERROR:pyubx2.ubxreader:Unknown protocol header b'\xb5\x02'.
ERROR:pyubx2.ubxreader:Unknown protocol header b'\xb5\x02'.
ERROR:pyubx2.ubxreader:Serial stream terminated unexpectedly. 57346 bytes requested, 24706 bytes returned.
ERROR:pyubx2.ubxreader:Unknown protocol header b'$\x00'.
ERROR:pyubx2.ubxreader:Unknown protocol header b'$~'.
ERROR:pyubx2.ubxreader:Unknown protocol header b'$\x1e'.
ERROR:pyubx2.ubxreader:Unknown protocol header b"\xb5'".
ERROR:pyubx2.ubxreader:Unknown protocol header b'\xb5\x02'.
ERROR:pyubx2.ubxreader:Unknown protocol header b'$\x03'.
ERROR:pyubx2.ubxreader:Unknown protocol header b'$\xbf'.
ERROR:pyubx2.ubxreader:Unknown protocol header b'$\xc2'.
ERROR:pyubx2.ubxreader:Unknown protocol header b'\xd3Q'.
ERROR:pyubx2.ubxreader:Unknown protocol header b'\xb5\x00'.
ERROR:pyubx2.ubxreader:Unknown protocol header b'\xb5\x02'.
ERROR:pyubx2.ubxreader:Unknown protocol header b'\xb5\x02'.
ERROR:pyubx2.ubxreader:Message checksum b'\xe2\xb5' invalid - should be b'b\xb7'
ERROR:pyubx2.ubxreader:Message checksum b'\xd7\xb5' invalid - should be b'z\x94'
ERROR:pyubx2.ubxreader:Unknown protocol header b'$Q'.
ERROR:pyubx2.ubxreader:Unknown protocol header b'$Q'.
ERROR:pyubx2.ubxreader:Message checksum b'j\xb5' invalid - should be b'Zl'
ERROR:pyubx2.ubxreader:Unknown protocol header b'$\x17'.
ERROR:pyubx2.ubxreader:Unknown protocol header b'$\x07'.
ERROR:pyubx2.ubxreader:Unknown protocol header b'\xb5\xb5'.
ERROR:pyubx2.ubxreader:Unknown protocol header b'\xb5s'.
ERROR:pyubx2.ubxreader:Unknown protocol header b'\xd3%'.
ERROR:pyubx2.ubxreader:Unknown protocol header b'$1'.
ERROR:pyubx2.ubxreader:Unknown protocol header b'\xb5\x01'.
ERROR:pyubx2.ubxreader:Unknown protocol header b'$%'.
ERROR:pyubx2.ubxreader:Unknown protocol header b'$\x05'.
ERROR:pyubx2.ubxreader:Unknown protocol header b'$5'.
ERROR:pyubx2.ubxreader:Serial stream terminated unexpectedly. 38917 bytes requested, 20135 bytes returned.
ERROR:pyubx2.ubxreader:Unknown protocol header b'\xb5\x00'.
ERROR:pyubx2.ubxreader:Unknown protocol header b'$$'.
ERROR:pyubx2.ubxreader:Unknown protocol header b'$$'.
ERROR:pyubx2.ubxreader:Unknown protocol header b'\xb5.'.
ERROR:pyubx2.ubxreader:Unknown protocol header b'\xb5\xb5'.
ERROR:pyubx2.ubxreader:Unknown protocol header b'\xb5\xb5'.
ERROR:pyubx2.ubxreader:Serial stream terminated unexpectedly. 30728 bytes requested, 15815 bytes returned.
ERROR:pyubx2.ubxreader:Unknown protocol header b'\xb5\x02'.
ERROR:pyubx2.ubxreader:Unknown protocol header b'\xb5\x02'.
ERROR:pyubx2.ubxreader:Unknown protocol header b'\xb58'.
ERROR:pyubx2.ubxreader:Unknown protocol header b'\xb5\xff'.
ERROR:pyubx2.ubxreader:Unknown protocol header b'$\xff'.
ERROR:pyubx2.ubxreader:Unknown protocol header b"\xb5'".
ERROR:pyubx2.ubxreader:Unknown protocol header b'\xb5\x02'.
ERROR:pyubx2.ubxreader:Unknown protocol header b'\xb5\xef'.
ERROR:pyubx2.ubxreader:Unknown protocol header b'\xd3u'.
ERROR:pyubx2.ubxreader:Unknown protocol header b'\xb5A'.
ERROR:pyubx2.ubxreader:Unknown protocol header b'$\x03'.
ERROR:pyubx2.ubxreader:Unknown protocol header b'\xb5A'.
ERROR:pyubx2.ubxreader:Unknown protocol header b'\xb5\x00'.
ERROR:pyubx2.ubxreader:Unknown protocol header b'\xb5~'.
ERROR:pyubx2.ubxreader:Unknown protocol header b'\xb5\xc3'.
ERROR:pyubx2.ubxreader:Unknown protocol header b'\xb5\x01'.
ERROR:pyubx2.ubxreader:Unknown protocol header b'\xb5\x01'.
ERROR:pyubx2.ubxreader:Unknown protocol header b'\xb5\x00'.
ERROR:pyubx2.ubxreader:Unknown protocol header b'\xb5\xb5'.
ERROR:pyubx2.ubxreader:Unknown protocol header b'\xb5\n'.
ERROR:pyubx2.ubxreader:Unknown protocol header b'\xb5\n'.
ERROR:pyubx2.ubxreader:Unknown protocol header b'$\x02'.
ERROR:pyubx2.ubxreader:Unknown protocol header b'\xd3\xff'.
ERROR:pyubx2.ubxreader:Unknown protocol header b'${'.
ERROR:pyubx2.ubxreader:Unknown protocol header b'\xb5\x00'.
ERROR:pyubx2.ubxreader:Unknown protocol header b'\xb5\xe3'.
ERROR:pyubx2.ubxreader:Message checksum b'\x05\xa5' invalid - should be b'\x92\xb2'
ERROR:pyubx2.ubxreader:Unknown protocol header b'$\xb7'.
ERROR:pyubx2.ubxreader:Unknown protocol header b'$\x0f'.
ERROR:pyubx2.ubxreader:Unknown protocol header b'\xb5\xc7'.
ERROR:pyubx2.ubxreader:Unknown protocol header b'\xb5\xab'.
ERROR:pyubx2.ubxreader:Unknown protocol header b'\xb5\x8c'.
ERROR:pyubx2.ubxreader:Unknown protocol header b'\xb5\xae'.
ERROR:pyubx2.ubxreader:Unknown protocol header b'\xb5s'.
ERROR:pyubx2.ubxreader:Unknown protocol header b'\xd3\xc3'.
ERROR:pyubx2.ubxreader:Unknown protocol header b'\xb5\xc4'.
ERROR:pyubx2.ubxreader:Unknown protocol header b'$\x03'.
ERROR:pyubx2.ubxreader:Message checksum b'\xe6\xb5' invalid - should be b'\xa4\xcd'
ERROR:pyubx2.ubxreader:Unknown protocol header b'$z'.
ERROR:pyubx2.ubxreader:Unknown protocol header b'\xb5\x02'.
ERROR:pyubx2.ubxreader:Unknown protocol header b'\xb5\x02'.
ERROR:pyubx2.ubxreader:Unknown protocol header b'\xb5\x02'.
ERROR:pyubx2.ubxreader:Unknown protocol header b'\xb5\x02'.
ERROR:pyubx2.ubxreader:Unknown protocol header b'\xb5\xb5'.
device reports readiness to read but returned no data (device disconnected or multiple access on port?)
Error in get ublox data thread: device reports readiness to read but returned no data (device disconnected or multiple access on port?)
Error in get ublox data thread: device reports readiness to read but returned no data (device disconnected or multiple access on port?)
Error in get ublox data thread: device reports readiness to read but returned no data (device disconnected or multiple access on port?)
Error in get ublox data thread: device reports readiness to read but returned no data (device disconnected or multiple access on port?)
Error in get ublox data thread: device reports readiness to read but returned no data (device disconnected or multiple access on port?)
Error in get ublox data thread: device reports readiness to read but returned no data (device disconnected or multiple access on port?)
Error in get ublox data thread: device reports readiness to read but returned no data (device disconnected or multiple access on port?)
Error in get ublox data thread: device reports readiness to read but returned no data (device disconnected or multiple access on port?)
Error in get ublox data thread: device reports readiness to read but returned no data (device disconnected or multiple access on port?)
121138.993 and 121139.0
Error in get ublox data thread: device reports readiness to read but returned no data (device disconnected or multiple access on port?)
Error in get ublox data thread: device reports readiness to read but returned no data (device disconnected or multiple access on port?)
Error in get ublox data thread: device reports readiness to read but returned no data (device disconnected or multiple access on port?)
Error in get ublox data thread: device reports readiness to read but returned no data (device disconnected or multiple access on port?)
Error in get ublox data thread: device reports readiness to read but returned no data (device disconnected or multiple access on port?)
Error in get ublox data thread: device reports readiness to read but returned no data (device disconnected or multiple access on port?)
Error in get ublox data thread: device reports readiness to read but returned no data (device disconnected or multiple access on port?)
Error in get ublox data thread: device reports readiness to read but returned no data (device disconnected or multiple access on port?)
Error in get ublox data thread: device reports readiness to read but returned no data (device disconnected or multiple access on port?)
Error in get ublox data thread: device reports readiness to read but returned no data (device disconnected or multiple access on port?)
Error in get ublox data thread: device reports readiness to read but returned no data (device disconnected or multiple access on port?)
Error in get ublox data thread: device reports readiness to read but returned no data (device disconnected or multiple access on port?)
Error in get ublox data thread: device reports readiness to read but returned no data (device disconnected or multiple access on port?)
Error in get ublox data thread: device reports readiness to read but returned no data (device disconnected or multiple access on port?)
Error in get ublox data thread: device reports readiness to read but returned no data (device disconnected or multiple access on port?)
Error in get ublox data thread: device reports readiness to read but returned no data (device disconnected or multiple access on port?)
Error in get ublox data thread: device reports readiness to read but returned no data (device disconnected or multiple access on port?)
Error in get ublox data thread: device reports readiness to read but returned no data (device disconnected or multiple access on port?)
Error in get ublox data thread: device reports readiness to read but returned no data (device disconnected or multiple access on port?)
Error in get ublox data thread: device reports readiness to read but returned no data (device disconnected or multiple access on port?)
Error in get ublox data thread: device reports readiness to read but returned no data (device disconnected or multiple access on port?)
Error in get ublox data thread: device reports readiness to read but returned no data (device disconnected or multiple access on port?)
Error in get ublox data thread: device reports readiness to read but returned no data (device disconnected or multiple access on port?)
Error in get ublox data thread: device reports readiness to read but returned no data (device disconnected or multiple access on port?)
Error in get ublox data thread: device reports readiness to read but returned no data (device disconnected or multiple access on port?)
Error in get ublox data thread: device reports readiness to read but returned no data (device disconnected or multiple access on port?)
Error in get ublox data thread: device reports readiness to read but returned no data (device disconnected or multiple access on port?)
Error in get ublox data thread: device reports readiness to read but returned no data (device disconnected or multiple access on port?)
Error in get ublox data thread: device reports readiness to read but returned no data (device disconnected or multiple access on port?)
Error in get ublox data thread: device reports readiness to read but returned no data (device disconnected or multiple access on port?)
Error in get ublox data thread: device reports readiness to read but returned no data (device disconnected or multiple access on port?)
Error in get ublox data thread: device reports readiness to read but returned no data (device disconnected or multiple access on port?)
Error in get ublox data thread: device reports readiness to read but returned no data (device disconnected or multiple access on port?)
Error in get ublox data thread: device reports readiness to read but returned no data (device disconnected or multiple access on port?)
Error in get ublox data thread: device reports readiness to read but returned no data (device disconnected or multiple access on port?)
Error in get ublox data thread: device reports readiness to read but returned no data (device disconnected or multiple access on port?)
Error in get ublox data thread: device reports readiness to read but returned no data (device disconnected or multiple access on port?)
Error in get ublox data thread: device reports readiness to read but returned no data (device disconnected or multiple access on port?)
Error in get ublox data thread: device reports readiness to read but returned no data (device disconnected or multiple access on port?)
Error in get ublox data thread: device reports readiness to read but returned no data (device disconnected or multiple access on port?)
Error in get ublox data thread: device reports readiness to read but returned no data (device disconnected or multiple access on port?)
Error in get ublox data thread: device reports readiness to read but returned no data (device disconnected or multiple access on port?)
Error in get ublox data thread: device reports readiness to read but returned no data (device disconnected or multiple access on port?)
Error in get ublox data thread: device reports readiness to read but returned no data (device disconnected or multiple access on port?)
Error in get ublox data thread: device reports readiness to read but returned no data (device disconnected or multiple access on port?)
Error in get ublox data thread: device reports readiness to read but returned no data (device disconnected or multiple access on port?)
Error in get ublox data thread: device reports readiness to read but returned no data (device disconnected or multiple access on port?)
Error in get ublox data thread: device reports readiness to read but returned no data (device disconnected or multiple access on port?)
Error in get ublox data thread: device reports readiness to read but returned no data (device disconnected or multiple access on port?)
Error in get ublox data thread: device reports readiness to read but returned no data (device disconnected or multiple access on port?)
Error in get ublox data thread: ERROR:pyubx2.ubxreader:Unknown protocol header b'\xb5\xb5'.
ERROR:pyubx2.ubxreader:Unknown protocol header b'$$'.
ERROR:pyubx2.ubxreader:Unknown protocol header b'$Q'.
ERROR:pyubx2.ubxreader:Unknown protocol header b'$\x00'.
ERROR:pyubx2.ubxreader:Unknown protocol header b'$\x05'.
ERROR:pyubx2.ubxreader:Unknown protocol header b'$\xfc'.
ERROR:pyubx2.ubxreader:Unknown protocol header b'\xb5\x01'.
ERROR:pyubx2.ubxreader:Unknown protocol header b'$\x00'.
ERROR:pyubx2.ubxreader:Unknown protocol header b'\xb5\x01'.
ERROR:pyubx2.ubxreader:Unknown protocol header b'$c'.
ERROR:pyubx2.ubxreader:Unknown protocol header b'\xb5\x01'.
ERROR:pyubx2.ubxreader:Unknown protocol header b'\xb5\x01'.
ERROR:pyubx2.ubxreader:Unknown protocol header b'\xb5\x01'.
ERROR:pyubx2.ubxreader:Unknown protocol header b'\xb5\x01'.
ERROR:pyubx2.ubxreader:Unknown protocol header b'\xb5\x01'.
ERROR:pyubx2.ubxreader:Unknown protocol header b'\xb5\x01'.
ERROR:pyubx2.ubxreader:Unknown protocol header b'\xb5\x01'.
ERROR:pyubx2.ubxreader:Unknown protocol header b'\xb5\x01'.
ERROR:pyubx2.ubxreader:Unknown protocol header b'\xb5\x01'.
ERROR:pyubx2.ubxreader:Unknown protocol header b'\xb5\xb7'.
ERROR:pyubx2.ubxreader:Unknown protocol header b'\xb5\x01'.
ERROR:pyubx2.ubxreader:Unknown protocol header b'\xb5\x01'.
ERROR:pyubx2.ubxreader:Unknown protocol header b'\xb5\x01'.
ERROR:pyubx2.ubxreader:Unknown protocol header b'\xb5\x01'.
ERROR:pyubx2.ubxreader:Unknown protocol header b'\xb5\x01'.
ERROR:pyubx2.ubxreader:Unknown protocol header b'\xd3q'.
ERROR:pyubx2.ubxreader:Unknown protocol header b'$\xf7'.
ERROR:pyubx2.ubxreader:Unknown protocol header b'$\x17'.
ERROR:pyubx2.ubxreader:Unknown protocol header b'$\x97'.
ERROR:pyubx2.ubxreader:Unknown protocol header b'$w'.
ERROR:pyubx2.ubxreader:Unknown protocol header b'\xb5\n'.
ERROR:pyubx2.ubxreader:Message checksum b'\xea\xb5' invalid - should be b'\x10r'
ERROR:pyubx2.ubxreader:Unknown protocol header b'\xb5\n'.
ERROR:pyubx2.ubxreader:Unknown protocol header b'\xb5\n'.
ERROR:pyubx2.ubxreader:Unknown protocol header b'\xb5\x86'.
ERROR:pyubx2.ubxreader:Message checksum b'\x08A' invalid - should be b'\x8f\x88'
ERROR:pyubx2.ubxreader:Unknown protocol header b'\xb5\xb5'.
ERROR:pyubx2.ubxreader:Unknown protocol header b'\xb5\xb5'.
ERROR:pyubx2.ubxreader:Unknown protocol header b'$$'.
ERROR:pyubx2.ubxreader:Unknown protocol header b'$Q'.
ERROR:pyubx2.ubxreader:Unknown protocol header b'$Q'.
ERROR:pyubx2.ubxreader:Unknown protocol header b'\xb5\x01'.
ERROR:pyubx2.ubxreader:Unknown protocol header b'$\x00'.
ERROR:pyubx2.ubxreader:Unknown protocol header b'$\x1f'.
ERROR:pyubx2.ubxreader:Unknown protocol header b'$\x00'.
ERROR:pyubx2.ubxreader:Unknown protocol header b'$\xfc'.
ERROR:pyubx2.ubxreader:Unknown protocol header b'\xb5\x01'.
ERROR:pyubx2.ubxreader:Unknown protocol header b'$\x00'.
ERROR:pyubx2.ubxreader:Unknown protocol header b'\xb5\xb5'.
ERROR:pyubx2.ubxreader:Unknown protocol header b'\xb5\x02'.
ERROR:pyubx2.ubxreader:Unknown protocol header b'\xb5\x02'.
ERROR:pyubx2.ubxreader:Unknown protocol header b'\xb5\x02'.
ERROR:pyubx2.ubxreader:Unknown protocol header b'\xb5\x02'.
ERROR:pyubx2.ubxreader:Unknown protocol header b'\xb5\x02'.
ERROR:pyubx2.ubxreader:Unknown protocol header b'\xb5\x02'.
ERROR:pyubx2.ubxreader:Unknown protocol header b'\xb5\x02'.
ERROR:pyubx2.ubxreader:Unknown protocol header b'\xb5\x01'.
ERROR:pyubx2.ubxreader:Unknown protocol header b'\xb5\x01'.
ERROR:pyubx2.ubxreader:Unknown protocol header b'$\x00'.
ERROR:pyubx2.ubxreader:Unknown protocol header b'$\x00'.
ERROR:pyubx2.ubxreader:Unknown protocol header b'$\x00'.
ERROR:pyubx2.ubxreader:Unknown protocol header b'\xb5\x01'.
ERROR:pyubx2.ubxreader:Unknown protocol header b'$\x00'.
ERROR:pyubx2.ubxreader:Unknown protocol header b'\xb5\x01'.
ERROR:pyubx2.ubxreader:Unknown protocol header b'$\x14'.
ERROR:pyubx2.ubxreader:Unknown protocol header b'\xb5\x01'.
ERROR:pyubx2.ubxreader:Unknown protocol header b'\xb5\x01'.
ERROR:pyubx2.ubxreader:Unknown protocol header b'\xb5\x01'.
ERROR:pyubx2.ubxreader:Unknown protocol header b'\xd3\xd6'.
ERROR:pyubx2.ubxreader:Unknown protocol header b'$\xda'.
ERROR:pyubx2.ubxreader:Unknown protocol header b'$7'.
ERROR:pyubx2.ubxreader:Unknown protocol header b'\xd3u'.
ERROR:pyubx2.ubxreader:Unknown protocol header b'$\xd7'.
ERROR:pyubx2.ubxreader:Unknown protocol header b'$\xc6'.
ERROR:pyubx2.ubxreader:Unknown protocol header b'\xd3q'.
ERROR:pyubx2.ubxreader:Unknown protocol header b'\xd3\x11'.
ERROR:pyubx2.ubxreader:Unknown protocol header b'\xb5\x07'.
ERROR:pyubx2.ubxreader:Unknown protocol header b'\xb5\n'.
ERROR:pyubx2.ubxreader:Unknown protocol header b'$.'.
ERROR:pyubx2.ubxreader:Message checksum b'\x00\x00' invalid - should be b'\x1fd'
ERROR:pyubx2.ubxreader:Unknown protocol header b'\xb5\n'.
ERROR:pyubx2.ubxreader:Message checksum b'US' invalid - should be b'\xdb\xb3'
ERROR:pyubx2.ubxreader:Unknown protocol header b'\xb5\x02'.
ERROR:pyubx2.ubxreader:Unknown protocol header b'$"'.
ERROR:pyubx2.ubxreader:Unknown protocol header b'$\x00'.
ERROR:pyubx2.ubxreader:Unknown protocol header b"\xb5'".
ERROR:pyubx2.ubxreader:Unknown protocol header b'\xb5\x02'.
ERROR:pyubx2.ubxreader:Unknown protocol header b'$\x17'.
ERROR:pyubx2.ubxreader:Unknown protocol header b'$\x07'.
ERROR:pyubx2.ubxreader:Unknown protocol header b'\xb5A'.
ERROR:pyubx2.ubxreader:Unknown protocol header b'\xd3\xd5'.
ERROR:pyubx2.ubxreader:Unknown protocol header b'\xd3\x06'.
ERROR:pyubx2.ubxreader:Unknown protocol header b'$\xfc'.
ERROR:pyubx2.ubxreader:Unknown protocol header b'\xb5\x02'.
ERROR:pyubx2.ubxreader:Unknown protocol header b'\xb5\x02'.
ERROR:pyubx2.ubxreader:Unknown protocol header b'\xb5\x02'.
ERROR:pyubx2.ubxreader:Unknown protocol header b'\xb5\x02'.
ERROR:pyubx2.ubxreader:Unknown protocol header b'\xb5\x02'.
ERROR:pyubx2.ubxreader:Unknown protocol header b'\xb5\x02'.
ERROR:pyubx2.ubxreader:Message checksum b'\x00\x00' invalid - should be b'C\xdc'
ERROR:pyubx2.ubxreader:Unknown protocol header b'\xb5\x02'.
ERROR:pyubx2.ubxreader:Unknown protocol header b'\xb5\x02'.
ERROR:pyubx2.ubxreader:Unknown protocol header b'\xb5\x02'.
ERROR:pyubx2.ubxreader:Unknown protocol header b'\xb5\x02'.
ERROR:pyubx2.ubxreader:Unknown protocol header b'\xb5\x02'.
ERROR:pyubx2.ubxreader:Unknown protocol header b'\xb5\x02'.
ERROR:pyubx2.ubxreader:Unknown protocol header b'\xb5\x01'.
ERROR:pyubx2.ubxreader:Unknown protocol header b'\xb5\x01'.
ERROR:pyubx2.ubxreader:Unknown protocol header b'\xb5\x01'.
ERROR:pyubx2.ubxreader:Unknown protocol header b'\xb5\x01'.
ERROR:pyubx2.ubxreader:Unknown protocol header b'$\x00'.
ERROR:pyubx2.ubxreader:Unknown protocol header b'$\x05'.
ERROR:pyubx2.ubxreader:Message checksum b'd\xb5' invalid - should be b'\xc0\xf4'
ERROR:pyubx2.ubxreader:Message checksum b'(\xb5' invalid - should be b'4\x1d'
ERROR:pyubx2.ubxreader:Unknown protocol header b'\xb5\x01'.
ERROR:pyubx2.ubxreader:Unknown protocol header b'\xb5\x01'.
ERROR:pyubx2.ubxreader:Unknown protocol header b'\xb5\x01'.
ERROR:pyubx2.ubxreader:Unknown protocol header b'$&'.
ERROR:pyubx2.ubxreader:Unknown protocol header b'\xb5\x01'.
ERROR:pyubx2.ubxreader:Unknown protocol header b'\xb5\x01'.
ERROR:pyubx2.ubxreader:Unknown protocol header b'\xb5\x01'.
ERROR:pyubx2.ubxreader:Unknown protocol header b"\xb5'".
ERROR:pyubx2.ubxreader:Unknown protocol header b'\xd3\x7f'.
ERROR:pyubx2.ubxreader:Unknown protocol header b'\xd3q'.
ERROR:pyubx2.ubxreader:Unknown protocol header b'$\xf7'.
ERROR:pyubx2.ubxreader:Unknown protocol header b'$7'.
ERROR:pyubx2.ubxreader:Unknown protocol header b'$\x17'.
ERROR:pyubx2.ubxreader:Unknown protocol header b'\xd3u'.
ERROR:pyubx2.ubxreader:Unknown protocol header b'$\xd7'.
ERROR:pyubx2.ubxreader:Unknown protocol header b'$\xf7'.
ERROR:pyubx2.ubxreader:Unknown protocol header b'\xb5\xb5'.
ERROR:pyubx2.ubxreader:Unknown protocol header b'$\x00'.
ERROR:pyubx2.ubxreader:Unknown protocol header b'\xb5\x01'.
ERROR:pyubx2.ubxreader:Unknown protocol header b'\xb5\x01'.
ERROR:pyubx2.ubxreader:Unknown protocol header b'\xb5\x01'.
ERROR:pyubx2.ubxreader:Unknown protocol header b'$\xeb'.
ERROR:pyubx2.ubxreader:Unknown protocol header b'\xb5\xb5'.
ERROR:pyubx2.ubxreader:Unknown protocol header b'\xb5\x00'.
ERROR:pyubx2.ubxreader:Unknown protocol header b'\xb5\xb5'.
ERROR:pyubx2.ubxreader:Unknown protocol header b'\xb5\xb5'.
ERROR:pyubx2.ubxreader:Unknown protocol header b'\xb5\xf3'.
ERROR:pyubx2.ubxreader:Unknown protocol header b'\xb5 '.
ERROR:pyubx2.ubxreader:Unknown protocol header b'\xb5\xb5'.
ERROR:pyubx2.ubxreader:Unknown protocol header b'$$'.
ERROR:pyubx2.ubxreader:Unknown protocol header b'$$'.
ERROR:pyubx2.ubxreader:Unknown protocol header b'\xb5\x00'.
ERROR:pyubx2.ubxreader:Unknown protocol header b'\xb5\xc5'.
ERROR:pyubx2.ubxreader:Message checksum b'\x00\x00' invalid - should be b'~\x80'
ERROR:pyubx2.ubxreader:Unknown protocol header b'\xb5\n'.
ERROR:pyubx2.ubxreader:Unknown protocol header b'$\x00'.
ERROR:pyubx2.ubxreader:Unknown protocol header b'\xb5\n'.
ERROR:pyubx2.ubxreader:Unknown protocol header b'\xb5\x02'.
ERROR:pyubx2.ubxreader:Unknown protocol header b'\xb5\x02'.
ERROR:pyubx2.ubxreader:Unknown protocol header b'\xb5\x02'.
ERROR:pyubx2.ubxreader:Unknown protocol header b'\xd3\x05'.
ERROR:pyubx2.ubxreader:Unknown protocol header b'\xb5\x1c'.
ERROR:pyubx2.ubxreader:Unknown protocol header b'$\x00'.
ERROR:pyubx2.ubxreader:Unknown protocol header b'$\x00'.
ERROR:pyubx2.ubxreader:Unknown protocol header b'\xd3\xff'.
ERROR:pyubx2.ubxreader:Unknown protocol header b'\xd3\xff'.
ERROR:pyubx2.ubxreader:Unknown protocol header b'\xd3q'.
ERROR:pyubx2.ubxreader:Unknown protocol header b'\xb5\xe7'.
ERROR:pyubx2.ubxreader:Unknown protocol header b'$\x03'.
ERROR:pyubx2.ubxreader:Unknown protocol header b'\xd3\xa5'.
ERROR:pyubx2.ubxreader:Unknown protocol header b'\xd3\xc3'.
ERROR:pyubx2.ubxreader:Unknown protocol header b'\xb5^'.
ERROR:pyubx2.ubxreader:Unknown protocol header b'\xb5\x02'.
ERROR:pyubx2.ubxreader:Unknown protocol header b'\xd3\x04'.
ERROR:pyubx2.ubxreader:Unknown protocol header b'\xb5\x02'.
ERROR:pyubx2.ubxreader:Unknown protocol header b'\xb5\xaa'.
ERROR:pyubx2.ubxreader:Unknown protocol header b'\xd3\x04'.
ERROR:pyubx2.ubxreader:Unknown protocol header b'$Q'.
ERROR:pyubx2.ubxreader:Unknown protocol header b'\xb5\x01'.
ERROR:pyubx2.ubxreader:Unknown protocol header b'\xb5\x01'.
ERROR:pyubx2.ubxreader:Unknown protocol header b'$\xd2'.
ERROR:pyubx2.ubxreader:Unknown protocol header b'\xd3\x0e'.
ERROR:pyubx2.ubxreader:Message checksum b'\xb5b' invalid - should be b'\xc1?'
ERROR:pyubx2.ubxreader:Unknown protocol header b'$\x14'.
ERROR:pyubx2.ubxreader:Unknown protocol header b'\xb5\x01'.
ERROR:pyubx2.ubxreader:Unknown protocol header b'\xb5\x01'.
ERROR:pyubx2.ubxreader:Unknown protocol header b'\xb5\x01'.
ERROR:pyubx2.ubxreader:Unknown protocol header b'\xb5\x01'.
ERROR:pyubx2.ubxreader:Unknown protocol header b'\xb5\x01'.
ERROR:pyubx2.ubxreader:Unknown protocol header b'\xb5<'.
ERROR:pyubx2.ubxreader:Unknown protocol header b'\xb59'.
ERROR:pyubx2.ubxreader:Unknown protocol header b'\xb5\x01'.
ERROR:pyubx2.ubxreader:Unknown protocol header b'\xd3q'.
ERROR:pyubx2.ubxreader:Unknown protocol header b'$\x17'.
ERROR:pyubx2.ubxreader:Unknown protocol header b'$\x97'.
ERROR:pyubx2.ubxreader:Unknown protocol header b'\xb5\xb5'.
ERROR:pyubx2.ubxreader:Unknown protocol header b'\xb5\x00'.
ERROR:pyubx2.ubxreader:Unknown protocol header b'\xb5<'.
ERROR:pyubx2.ubxreader:Unknown protocol header b'$s'.
ERROR:pyubx2.ubxreader:Unknown protocol header b'$s'.
ERROR:pyubx2.ubxreader:Unknown protocol header b'\xd3\x11'.
ERROR:pyubx2.ubxreader:Unknown protocol header b'\xb5u'.
ERROR:pyubx2.ubxreader:Unknown protocol header b'\xd3\x12'.
ERROR:pyubx2.ubxreader:Unknown protocol header b'\xb5\r'.
ERROR:pyubx2.ubxreader:Unknown protocol header b'$\x00'.
ERROR:pyubx2.ubxreader:Unknown protocol header b'\xb5\x02'.
ERROR:pyubx2.ubxreader:Unknown protocol header b'\xb5\x02'.
ERROR:pyubx2.ubxreader:Unknown protocol header b'$g'.
ERROR:pyubx2.ubxreader:Unknown protocol header b'\xb5\x02'.
ERROR:pyubx2.ubxreader:Unknown protocol header b'\xb5\n'.
ERROR:pyubx2.ubxreader:Unknown protocol header b'\xb5\x02'.
ERROR:pyubx2.ubxreader:Unknown protocol header b'\xb5\x02'.
ERROR:pyubx2.ubxreader:Unknown protocol header b'\xb5,'.
ERROR:pyubx2.ubxreader:Unknown protocol header b'\xb5\x02'.
ERROR:pyubx2.ubxreader:Unknown protocol header b'$\x9f'.
ERROR:pyubx2.ubxreader:Unknown protocol header b'$\xef'.
ERROR:pyubx2.ubxreader:Unknown protocol header b'\xb5\xff'.
ERROR:pyubx2.ubxreader:Unknown protocol header b'\xb5\x00'.
ERROR:pyubx2.ubxreader:Unknown protocol header b'$\x16'.
ERROR:pyubx2.ubxreader:Unknown protocol header b"\xb5'".
ERROR:pyubx2.ubxreader:Unknown protocol header b"\xb5'".
ERROR:pyubx2.ubxreader:Unknown protocol header b'$\x03'.
ERROR:pyubx2.ubxreader:Unknown protocol header b'\xd3\xc3'.
ERROR:pyubx2.ubxreader:Unknown protocol header b'\xd3\x9e'.
ERROR:pyubx2.ubxreader:Unknown protocol header b'\xb5A'.
ERROR:pyubx2.ubxreader:Unknown protocol header b'$w'.
ERROR:pyubx2.ubxreader:Unknown protocol header b'\xb5\x02'.
ERROR:pyubx2.ubxreader:Unknown protocol header b'\xb5\x02'.
ERROR:pyubx2.ubxreader:Unknown protocol header b'\xb5\x02'.
ERROR:pyubx2.ubxreader:Unknown protocol header b'\xb5\x02'.
ERROR:pyubx2.ubxreader:Unknown protocol header b'\xb5\x02'.
ERROR:pyubx2.ubxreader:Unknown protocol header b'\xb5\x02'.
ERROR:pyubx2.ubxreader:Unknown protocol header b'\xb5\x02'.
ERROR:pyubx2.ubxreader:Unknown protocol header b'\xb5\x02'.
ERROR:pyubx2.ubxreader:Unknown protocol header b'\xb5\x02'.
ERROR:pyubx2.ubxreader:Unknown protocol header b'\xb5\x02'.
ERROR:pyubx2.ubxreader:Unknown protocol header b'\xb5\x02'.
ERROR:pyubx2.ubxreader:Unknown protocol header b'\xb5\x02'.
ERROR:pyubx2.ubxreader:Unknown protocol header b'\xb5\x02'.
ERROR:pyubx2.ubxreader:Unknown protocol header b'\xb5\x02'.
ERROR:pyubx2.ubxreader:Unknown protocol header b'\xb5\x02'.
ERROR:pyubx2.ubxreader:Unknown protocol header b'\xb5\x02'.
ERROR:pyubx2.ubxreader:Unknown protocol header b'\xb5\x02'.
ERROR:pyubx2.ubxreader:Unknown protocol header b'\xb5\x02'.
ERROR:pyubx2.ubxreader:Unknown protocol header b'\xb5\x02'.
ERROR:pyubx2.ubxreader:Unknown protocol header b'\xb5\x01'.
ERROR:pyubx2.ubxreader:Unknown protocol header b'\xb5\x01'.
ERROR:pyubx2.ubxreader:Unknown protocol header b'\xb5\x01'.
ERROR:pyubx2.ubxreader:Unknown protocol header b'\xb5\x01'.
ERROR:pyubx2.ubxreader:Unknown protocol header b'\xb5\x01'.
ERROR:pyubx2.ubxreader:Unknown protocol header b'\xb5\x01'.
ERROR:pyubx2.ubxreader:Unknown protocol header b'\xb5\x01'.
ERROR:pyubx2.ubxreader:Unknown protocol header b'$Q'.
ERROR:pyubx2.ubxreader:Unknown protocol header b'$\x00'.
ERROR:pyubx2.ubxreader:Unknown protocol header b'$\x01'.
ERROR:pyubx2.ubxreader:Unknown protocol header b'$\xb5'.
ERROR:pyubx2.ubxreader:Unknown protocol header b'$\x9b'.
ERROR:pyubx2.ubxreader:Unknown protocol header b'$\x00'.
ERROR:pyubx2.ubxreader:Unknown protocol header b'\xb5\x01'.
ERROR:pyubx2.ubxreader:Unknown protocol header b'$\x00'.
ERROR:pyubx2.ubxreader:Unknown protocol header b'\xb5\xb5'.
ERROR:pyubx2.ubxreader:Unknown protocol header b'$$'.
ERROR:pyubx2.ubxreader:Unknown protocol header b'$$'.
ERROR:pyubx2.ubxreader:Unknown protocol header b'\xb5\xb5'.
ERROR:pyubx2.ubxreader:Unknown protocol header b'\xd3\xa1'.
ERROR:pyubx2.ubxreader:Unknown protocol header b'\xb5V'.
ERROR:pyubx2.ubxreader:Unknown protocol header b'\xb5\xb5'.
device reports readiness to read but returned no data (device disconnected or multiple access on port?)
Error in get ublox data thread: device reports readiness to read but returned no data (device disconnected or multiple access on port?)
Error in get ublox data thread: device reports readiness to read but returned no data (device disconnected or multiple access on port?)
Error in get ublox data thread: device reports readiness to read but returned no data (device disconnected or multiple access on port?)
Error in get ublox data thread: device reports readiness to read but returned no data (device disconnected or multiple access on port?)
Error in get ublox data thread: device reports readiness to read but returned no data (device disconnected or multiple access on port?)
Error in get ublox data thread: device reports readiness to read but returned no data (device disconnected or multiple access on port?)
Error in get ublox data thread: device reports readiness to read but returned no data (device disconnected or multiple access on port?)
Error in get ublox data thread: device reports readiness to read but returned no data (device disconnected or multiple access on port?)
Error in get ublox data thread: device reports readiness to read but returned no data (device disconnected or multiple access on port?)
Error in get ublox data thread: device reports readiness to read but returned no data (device disconnected or multiple access on port?)
Error in get ublox data thread: device reports readiness to read but returned no data (device disconnected or multiple access on port?)
Error in get ublox data thread: device reports readiness to read but returned no data (device disconnected or multiple access on port?)
Error in get ublox data thread: device reports readiness to read but returned no data (device disconnected or multiple access on port?)
Error in get ublox data thread: device reports readiness to read but returned no data (device disconnected or multiple access on port?)
Error in get ublox data thread: device reports readiness to read but returned no data (device disconnected or multiple access on port?)
Error in get ublox data thread: device reports readiness to read but returned no data (device disconnected or multiple access on port?)
Error in get ublox data thread: device reports readiness to read but returned no data (device disconnected or multiple access on port?)
Error in get ublox data thread: device reports readiness to read but returned no data (device disconnected or multiple access on port?)
Error in get ublox data thread: device reports readiness to read but returned no data (device disconnected or multiple access on port?)
Error in get ublox data thread: device reports readiness to read but returned no data (device disconnected or multiple access on port?)
Error in get ublox data thread: device reports readiness to read but returned no data (device disconnected or multiple access on port?)
Error in get ublox data thread: device reports readiness to read but returned no data (device disconnected or multiple access on port?)
Error in get ublox data thread: device reports readiness to read but returned no data (device disconnected or multiple access on port?)
Error in get ublox data thread: device reports readiness to read but returned no data (device disconnected or multiple access on port?)
Error in get ublox data thread: device reports readiness to read but returned no data (device disconnected or multiple access on port?)
Error in get ublox data thread: device reports readiness to read but returned no data (device disconnected or multiple access on port?)
Error in get ublox data thread: device reports readiness to read but returned no data (device disconnected or multiple access on port?)
Error in get ublox data thread: device reports readiness to read but returned no data (device disconnected or multiple access on port?)
Error in get ublox data thread: device reports readiness to read but returned no data (device disconnected or multiple access on port?)
Error in get ublox data thread: device reports readiness to read but returned no data (device disconnected or multiple access on port?)
Error in get ublox data thread: device reports readiness to read but returned no data (device disconnected or multiple access on port?)
Error in get ublox data thread: device reports readiness to read but returned no data (device disconnected or multiple access on port?)
Error in get ublox data thread: device reports readiness to read but returned no data (device disconnected or multiple access on port?)
Error in get ublox data thread: device reports readiness to read but returned no data (device disconnected or multiple access on port?)
Error in get ublox data thread: device reports readiness to read but returned no data (device disconnected or multiple access on port?)
Error in get ublox data thread: device reports readiness to read but returned no data (device disconnected or multiple access on port?)
Error in get ublox data thread: device reports readiness to read but returned no data (device disconnected or multiple access on port?)
Error in get ublox data thread: device reports readiness to read but returned no data (device disconnected or multiple access on port?)
Error in get ublox data thread: device reports readiness to read but returned no data (device disconnected or multiple access on port?)
Error in get ublox data thread: device reports readiness to read but returned no data (device disconnected or multiple access on port?)
Error in get ublox data thread: device reports readiness to read but returned no data (device disconnected or multiple access on port?)
Error in get ublox data thread: device reports readiness to read but returned no data (device disconnected or multiple access on port?)
Error in get ublox data thread: device reports readiness to read but returned no data (device disconnected or multiple access on port?)
Error in get ublox data thread: device reports readiness to read but returned no data (device disconnected or multiple access on port?)
Error in get ublox data thread: device reports readiness to read but returned no data (device disconnected or multiple access on port?)
Error in get ublox data thread: device reports readiness to read but returned no data (device disconnected or multiple access on port?)
Error in get ublox data thread: device reports readiness to read but returned no data (device disconnected or multiple access on port?)
Error in get ublox data thread: device reports readiness to read but returned no data (device disconnected or multiple access on port?)
Error in get ublox data thread: device reports readiness to read but returned no data (device disconnected or multiple access on port?)
Error in get ublox data thread: device reports readiness to read but returned no data (device disconnected or multiple access on port?)
Error in get ublox data thread: device reports readiness to read but returned no data (device disconnected or multiple access on port?)
Error in get ublox data thread: device reports readiness to read but returned no data (device disconnected or multiple access on port?)
Error in get ublox data thread: device reports readiness to read but returned no data (device disconnected or multiple access on port?)
Error in get ublox data thread: device reports readiness to read but returned no data (device disconnected or multiple access on port?)
Error in get ublox data thread: device reports readiness to read but returned no data (device disconnected or multiple access on port?)
Error in get ublox data thread: device reports readiness to read but returned no data (device disconnected or multiple access on port?)
Error in get ublox data thread: device reports readiness to read but returned no data (device disconnected or multiple access on port?)
Error in get ublox data thread: device reports readiness to read but returned no data (device disconnected or multiple access on port?)
Error in get ublox data thread: device reports readiness to read but returned no data (device disconnected or multiple access on port?)
Error in get ublox data thread: ERROR:pyubx2.ubxreader:Unknown protocol header b'\xb5\x02'.
ERROR:pyubx2.ubxreader:Unknown protocol header b'\xd3\xff'.
ERROR:pyubx2.ubxreader:Unknown protocol header b'\xd3\xff'.
ERROR:pyubx2.ubxreader:Unknown protocol header b'$\x08'.
ERROR:pyubx2.ubxreader:Unknown protocol header b"\xb5'".
ERROR:pyubx2.ubxreader:Unknown protocol header b'$\x03'.
ERROR:pyubx2.ubxreader:Unknown protocol header b'\xb5\x1c'.
ERROR:pyubx2.ubxreader:Unknown protocol header b'\xb5\x81'.
ERROR:pyubx2.ubxreader:Unknown protocol header b'\xb5A'.
ERROR:pyubx2.ubxreader:Unknown protocol header b'\xb5\x02'.
ERROR:pyubx2.ubxreader:Unknown protocol header b'\xb5\x02'.
ERROR:pyubx2.ubxreader:Unknown protocol header b'\xb5\x02'.
ERROR:pyubx2.ubxreader:Unknown protocol header b'\xb5\x02'.
ERROR:pyubx2.ubxreader:Unknown protocol header b'\xb5\x02'.
ERROR:pyubx2.ubxreader:Unknown protocol header b'\xb5\x02'.
ERROR:pyubx2.ubxreader:Unknown protocol header b'\xb5\x02'.
ERROR:pyubx2.ubxreader:Unknown protocol header b'\xb5\x02'.
ERROR:pyubx2.ubxreader:Unknown protocol header b'\xb5\x02'.
ERROR:pyubx2.ubxreader:Unknown protocol header b'\xb5\x02'.
ERROR:pyubx2.ubxreader:Unknown protocol header b'\xb5\x02'.
ERROR:pyubx2.ubxreader:Unknown protocol header b'\xb5\x02'.
ERROR:pyubx2.ubxreader:Unknown protocol header b'\xb5\x02'.
ERROR:pyubx2.ubxreader:Unknown protocol header b'\xb5\x02'.
ERROR:pyubx2.ubxreader:Unknown protocol header b'$b'.
ERROR:pyubx2.ubxreader:Unknown protocol header b'\xb5\x01'.
ERROR:pyubx2.ubxreader:Unknown protocol header b'\xb5\x01'.
ERROR:pyubx2.ubxreader:Unknown protocol header b'\xb5\x01'.
ERROR:pyubx2.ubxreader:Unknown protocol header b'\xb5\x01'.
ERROR:pyubx2.ubxreader:Unknown protocol header b'$%'.
ERROR:pyubx2.ubxreader:Unknown protocol header b'\xb5\x01'.
ERROR:pyubx2.ubxreader:Unknown protocol header b'\xb5\x01'.
ERROR:pyubx2.ubxreader:Unknown protocol header b'\xb5\x01'.
ERROR:pyubx2.ubxreader:Message checksum b'\xe1\xb5' invalid - should be b'\x17m'
ERROR:pyubx2.ubxreader:Unknown protocol header b'\xb5\n'.
ERROR:pyubx2.ubxreader:Unknown protocol header b'\xb5\n'.
ERROR:pyubx2.ubxreader:Unknown protocol header b'\xb5\n'.
ERROR:pyubx2.ubxreader:Unknown protocol header b'\xb5\n'.
ERROR:pyubx2.ubxreader:Unknown protocol header b'\xb5\x02'.
ERROR:pyubx2.ubxreader:Unknown protocol header b'$\x01'.
ERROR:pyubx2.ubxreader:Unknown protocol header b'\xb5\x00'.
ERROR:pyubx2.ubxreader:Unknown protocol header b"\xb5'".
ERROR:pyubx2.ubxreader:Unknown protocol header b'$\x03'.
ERROR:pyubx2.ubxreader:Unknown protocol header b'\xd3\xb5'.
ERROR:pyubx2.ubxreader:Unknown protocol header b'$\x00'.
ERROR:pyubx2.ubxreader:Unknown protocol header b'\xd3A'.
ERROR:pyubx2.ubxreader:Unknown protocol header b'$\xc3'.
ERROR:pyubx2.ubxreader:Unknown protocol header b'\xb5\x01'.
ERROR:pyubx2.ubxreader:Unknown protocol header b'\xb5\x01'.
ERROR:pyubx2.ubxreader:Unknown protocol header b'\xb5\x01'.
ERROR:pyubx2.ubxreader:Unknown protocol header b'\xb5\x01'.
ERROR:pyubx2.ubxreader:Unknown protocol header b'\xb5\x01'.
ERROR:pyubx2.ubxreader:Unknown protocol header b'$\x00'.
ERROR:pyubx2.ubxreader:Unknown protocol header b'$Q'.
ERROR:pyubx2.ubxreader:Unknown protocol header b'$+'.
ERROR:pyubx2.ubxreader:Unknown protocol header b'$\x00'.
ERROR:pyubx2.ubxreader:Unknown protocol header b'\xd3_'.
ERROR:pyubx2.ubxreader:Unknown protocol header b'$\x00'.
ERROR:pyubx2.ubxreader:Unknown protocol header b'$\x00'.
ERROR:pyubx2.ubxreader:Unknown protocol header b'\xb5\x01'.
ERROR:pyubx2.ubxreader:Unknown protocol header b'$\x14'.
ERROR:pyubx2.ubxreader:Unknown protocol header b'\xb5\x01'.
ERROR:pyubx2.ubxreader:Unknown protocol header b'\xb5\x01'.
ERROR:pyubx2.ubxreader:Unknown protocol header b'\xb5\x01'.
ERROR:pyubx2.ubxreader:Unknown protocol header b'\xb5\xb5'.
ERROR:pyubx2.ubxreader:Unknown protocol header b'\xb5\x01'.
ERROR:pyubx2.ubxreader:Unknown protocol header b"\xb5'".
ERROR:pyubx2.ubxreader:Unknown protocol header b'\xb5\x9b'.
ERROR:pyubx2.ubxreader:Unknown protocol header b'\xd3\x91'.
ERROR:pyubx2.ubxreader:Unknown protocol header b'$\x17'.
ERROR:pyubx2.ubxreader:Unknown protocol header b'$7'.
ERROR:pyubx2.ubxreader:Unknown protocol header b'$.'.
ERROR:pyubx2.ubxreader:Unknown protocol header b'\xd3q'.
ERROR:pyubx2.ubxreader:Unknown protocol header b'$\x17'.
ERROR:pyubx2.ubxreader:Unknown protocol header b'$\xd7'.
ERROR:pyubx2.ubxreader:Unknown protocol header b'\xd3q'.
ERROR:pyubx2.ubxreader:Unknown protocol header b'\xb5\r'.
ERROR:pyubx2.ubxreader:Unknown protocol header b'\xb5\x02'.
ERROR:pyubx2.ubxreader:Unknown protocol header b'\xb5\x02'.
ERROR:pyubx2.ubxreader:Unknown protocol header b'$\x83'.
ERROR:pyubx2.ubxreader:Unknown protocol header b'\xb5\xb5'.
ERROR:pyubx2.ubxreader:Unknown protocol header b'\xb57'.
ERROR:pyubx2.ubxreader:Unknown protocol header b'$\x00'.
ERROR:pyubx2.ubxreader:Unknown protocol header b'\xb5\x02'.
ERROR:pyubx2.ubxreader:Unknown protocol header b'\xb5\x02'.
ERROR:pyubx2.ubxreader:Unknown protocol header b'\xb5\x02'.
ERROR:pyubx2.ubxreader:Unknown protocol header b'\xb5\x02'.
ERROR:pyubx2.ubxreader:Unknown protocol header b'\xb5\x02'.
ERROR:pyubx2.ubxreader:Unknown protocol header b'\xb5\x02'.
ERROR:pyubx2.ubxreader:Unknown protocol header b'\xb5\x02'.
ERROR:pyubx2.ubxreader:Unknown protocol header b'\xb5\n'.
ERROR:pyubx2.ubxreader:Unknown protocol header b'\xb5\n'.
ERROR:pyubx2.ubxreader:Unknown protocol header b'\xb5\n'.
ERROR:pyubx2.ubxreader:Unknown protocol header b'\xb5\n'.
ERROR:pyubx2.ubxreader:Unknown protocol header b'\xb5\n'.
ERROR:pyubx2.ubxreader:Unknown protocol header b'\xb5\n'.
ERROR:pyubx2.ubxreader:Unknown protocol header b'\xb5\n'.
ERROR:pyubx2.ubxreader:Unknown protocol header b'\xb5\n'.
ERROR:pyubx2.ubxreader:Unknown protocol header b'\xb5\n'.
ERROR:pyubx2.ubxreader:Unknown protocol header b'\xb5\n'.
ERROR:pyubx2.ubxreader:Unknown protocol header b'\xb5\n'.
ERROR:pyubx2.ubxreader:Unknown protocol header b'\xb5\x02'.
ERROR:pyubx2.ubxreader:Unknown protocol header b'\xb5\xf4'.
ERROR:pyubx2.ubxreader:Unknown protocol header b'\xb5\xc0'.
ERROR:pyubx2.ubxreader:Unknown protocol header b'\xb5\xfd'.
ERROR:pyubx2.ubxreader:Unknown protocol header b'\xb5A'.
ERROR:pyubx2.ubxreader:Unknown protocol header b'$\x00'.
ERROR:pyubx2.ubxreader:Unknown protocol header b'\xb5\xef'.
ERROR:pyubx2.ubxreader:Unknown protocol header b'\xd3*'.
ERROR:pyubx2.ubxreader:Unknown protocol header b'\xb5\x01'.
ERROR:pyubx2.ubxreader:Unknown protocol header b'\xb5\x01'.
ERROR:pyubx2.ubxreader:Unknown protocol header b'$\x00'.
ERROR:pyubx2.ubxreader:Unknown protocol header b'\xb5\x01'.
ERROR:pyubx2.ubxreader:Unknown protocol header b'\xb5\x01'.
ERROR:pyubx2.ubxreader:Unknown protocol header b'\xd3b'.
ERROR:pyubx2.ubxreader:Unknown protocol header b'\xb5\x02'.
ERROR:pyubx2.ubxreader:Unknown protocol header b'\xb5\x02'.
ERROR:pyubx2.ubxreader:Unknown protocol header b'\xb5\n'.
ERROR:pyubx2.ubxreader:Unknown protocol header b'\xb5\n'.
ERROR:pyubx2.ubxreader:Unknown protocol header b'\xb5\n'.
ERROR:pyubx2.ubxreader:Unknown protocol header b'\xb5\n'.
ERROR:pyubx2.ubxreader:Unknown protocol header b'\xb5\n'.
ERROR:pyubx2.ubxreader:Unknown protocol header b'\xb5\n'.
ERROR:pyubx2.ubxreader:Unknown protocol header b'\xb5\n'.
ERROR:pyubx2.ubxreader:Unknown protocol header b'$\x02'.
ERROR:pyubx2.ubxreader:Unknown protocol header b'\xb5\x02'.
ERROR:pyubx2.ubxreader:Unknown protocol header b'$\x01'.
ERROR:pyubx2.ubxreader:Unknown protocol header b'$\xf3'.
ERROR:pyubx2.ubxreader:Unknown protocol header b'$|'.
ERROR:pyubx2.ubxreader:Unknown protocol header b'\xd3\xad'.
ERROR:pyubx2.ubxreader:Unknown protocol header b'$\x03'.
ERROR:pyubx2.ubxreader:Unknown protocol header b'\xb5A'.
ERROR:pyubx2.ubxreader:Unknown protocol header b'\xd3\xc5'.
ERROR:pyubx2.ubxreader:Unknown protocol header b'$\xd4'.
ERROR:pyubx2.ubxreader:Unknown protocol header b'\xd3\x0f'.
ERROR:pyubx2.ubxreader:Unknown protocol header b'\xb5$'.
ERROR:pyubx2.ubxreader:Unknown protocol header b'\xd3\x91'.
ERROR:pyubx2.ubxreader:Unknown protocol header b'\xb5\x01'.
ERROR:pyubx2.ubxreader:Unknown protocol header b'\xb5\x01'.
ERROR:pyubx2.ubxreader:Unknown protocol header b'\xb5\x01'.
ERROR:pyubx2.ubxreader:Unknown protocol header b'$\x00'.
ERROR:pyubx2.ubxreader:Unknown protocol header b'\xb5\x01'.
ERROR:pyubx2.ubxreader:Unknown protocol header b'\xb5\x01'.
ERROR:pyubx2.ubxreader:Unknown protocol header b'$+'.
ERROR:pyubx2.ubxreader:Unknown protocol header b'$\x00'.
ERROR:pyubx2.ubxreader:Unknown protocol header b'$\x00'.
ERROR:pyubx2.ubxreader:Unknown protocol header b'$\x1f'.
ERROR:pyubx2.ubxreader:Unknown protocol header b'\xb5\x01'.
ERROR:pyubx2.ubxreader:Unknown protocol header b'$\x00'.
ERROR:pyubx2.ubxreader:Unknown protocol header b'$\x00'.
ERROR:pyubx2.ubxreader:Unknown protocol header b'\xb5\x01'.
ERROR:pyubx2.ubxreader:Unknown protocol header b'\xb5\x01'.
ERROR:pyubx2.ubxreader:Unknown protocol header b'\xb5\x01'.
ERROR:pyubx2.ubxreader:Unknown protocol header b'\xb5\x01'.
ERROR:pyubx2.ubxreader:Unknown protocol header b'\xb5\x01'.
ERROR:pyubx2.ubxreader:Unknown protocol header b'\xb5\x01'.
ERROR:pyubx2.ubxreader:Unknown protocol header b'\xb5\x01'.
ERROR:pyubx2.ubxreader:Unknown protocol header b'\xb5\x01'.
ERROR:pyubx2.ubxreader:Unknown protocol header b'\xb5\x01'.
ERROR:pyubx2.ubxreader:Unknown protocol header b'\xb5\x01'.
ERROR:pyubx2.ubxreader:Unknown protocol header b'\xb5\x01'.
ERROR:pyubx2.ubxreader:Unknown protocol header b'\xb5\x01'.
ERROR:pyubx2.ubxreader:Unknown protocol header b'\xb5\x01'.
ERROR:pyubx2.ubxreader:Unknown protocol header b'\xb5\x9b'.
ERROR:pyubx2.ubxreader:Unknown protocol header b'$.'.
ERROR:pyubx2.ubxreader:Unknown protocol header b'\xd3q'.
ERROR:pyubx2.ubxreader:Unknown protocol header b'\xd3q'.
ERROR:pyubx2.ubxreader:Unknown protocol header b'$\xf7'.
ERROR:pyubx2.ubxreader:Unknown protocol header b'$.'.
ERROR:pyubx2.ubxreader:Unknown protocol header b'$.'.
ERROR:pyubx2.ubxreader:Unknown protocol header b'$\xd7'.
ERROR:pyubx2.ubxreader:Unknown protocol header b'$|'.
ERROR:pyubx2.ubxreader:Unknown protocol header b'\xd3q'.
ERROR:pyubx2.ubxreader:Unknown protocol header b'\xb5\r'.
ERROR:pyubx2.ubxreader:Unknown protocol header b'\xb5\x02'.
ERROR:pyubx2.ubxreader:Unknown protocol header b'\xb5\x02'.
ERROR:pyubx2.ubxreader:Unknown protocol header b'\xb5\x02'.
ERROR:pyubx2.ubxreader:Unknown protocol header b'\xb5\x02'.
ERROR:pyubx2.ubxreader:Unknown protocol header b'\xb5\x02'.
ERROR:pyubx2.ubxreader:Unknown protocol header b'\xb5\x02'.
ERROR:pyubx2.ubxreader:Unknown protocol header b'\xb5\x02'.
ERROR:pyubx2.ubxreader:Unknown protocol header b'\xb5\x02'.
ERROR:pyubx2.ubxreader:Unknown protocol header b'\xb5\x02'.
ERROR:pyubx2.ubxreader:Unknown protocol header b'\xb5\x02'.
ERROR:pyubx2.ubxreader:Unknown protocol header b'\xb5\xb5'.
ERROR:pyubx2.ubxreader:Message checksum b'Eb' invalid - should be b'Rn'
ERROR:pyubx2.ubxreader:Unknown protocol header b'\xb5\xb5'.
ERROR:pyubx2.ubxreader:Unknown protocol header b'\xb5\xb5'.
ERROR:pyubx2.ubxreader:Unknown protocol header b'\xb5\xb5'.
ERROR:pyubx2.ubxreader:Unknown protocol header b'\xb5\xb5'.
ERROR:pyubx2.ubxreader:Unknown protocol header b'$$'.
ERROR:pyubx2.ubxreader:Unknown protocol header b'$Q'.
ERROR:pyubx2.ubxreader:Unknown protocol header b'$Q'.
ERROR:pyubx2.ubxreader:Unknown protocol header b'\xb5\xf7'.
ERROR:pyubx2.ubxreader:Unknown protocol header b'$%'.
ERROR:pyubx2.ubxreader:Unknown protocol header b'$\x00'.
ERROR:pyubx2.ubxreader:Unknown protocol header b'\xb5\x01'.
ERROR:pyubx2.ubxreader:Unknown protocol header b'\xd3_'.
ERROR:pyubx2.ubxreader:Unknown protocol header b'\xd3/'.
ERROR:pyubx2.ubxreader:Unknown protocol header b'$\x01'.
ERROR:pyubx2.ubxreader:Unknown protocol header b'$\x00'.
ERROR:pyubx2.ubxreader:Unknown protocol header b'\xb5\x01'.
ERROR:pyubx2.ubxreader:Message checksum b'\xf2\xb5' invalid - should be b'\xf8\x0b'
ERROR:pyubx2.ubxreader:Unknown protocol header b'\xb5\x01'.
ERROR:pyubx2.ubxreader:Unknown protocol header b'$\x00'.
ERROR:pyubx2.ubxreader:Unknown protocol header b'$Q'.
ERROR:pyubx2.ubxreader:Unknown protocol header b'$Q'.
ERROR:pyubx2.ubxreader:Unknown protocol header b'$\x05'.
ERROR:pyubx2.ubxreader:Unknown protocol header b'\xb5\x01'.
ERROR:pyubx2.ubxreader:Unknown protocol header b'$\x00'.
ERROR:pyubx2.ubxreader:Unknown protocol header b'$\x00'.
ERROR:pyubx2.ubxreader:Unknown protocol header b'$*'.
ERROR:pyubx2.ubxreader:Unknown protocol header b'\xb5\x01'.
ERROR:pyubx2.ubxreader:Unknown protocol header b'\xb5\x01'.
ERROR:pyubx2.ubxreader:Unknown protocol header b'\xb5\x01'.
ERROR:pyubx2.ubxreader:Unknown protocol header b'\xb5\x01'.
ERROR:pyubx2.ubxreader:Unknown protocol header b'\xb5\n'.
ERROR:pyubx2.ubxreader:Unknown protocol header b'\xb5\n'.
ERROR:pyubx2.ubxreader:Unknown protocol header b'\xb5\n'.
ERROR:pyubx2.ubxreader:Unknown protocol header b'\xb5\n'.
ERROR:pyubx2.ubxreader:Unknown protocol header b'$\x02'.
ERROR:pyubx2.ubxreader:Unknown protocol header b'\xd3\x1e'.
ERROR:pyubx2.ubxreader:Unknown protocol header b'\xb5\x00'.
ERROR:pyubx2.ubxreader:Unknown protocol header b'$\x93'.
ERROR:pyubx2.ubxreader:Unknown protocol header b'$\x00'.
ERROR:pyubx2.ubxreader:Unknown protocol header b'\xb5c'.
ERROR:pyubx2.ubxreader:Unknown protocol header b'\xb5u'.
ERROR:pyubx2.ubxreader:Unknown protocol header b'$\xc3'.
ERROR:pyubx2.ubxreader:Unknown protocol header b'$\x89'.
ERROR:pyubx2.ubxreader:Unknown protocol header b'\xb5\x01'.
ERROR:pyubx2.ubxreader:Unknown protocol header b'\xb5$'.
ERROR:pyubx2.ubxreader:Unknown protocol header b'$$'.
ERROR:pyubx2.ubxreader:Unknown protocol header b'\xb5\xb5'.
ERROR:pyubx2.ubxreader:Message checksum b'.5' invalid - should be b'\x05\x8c'
ERROR:pyubx2.ubxreader:Unknown protocol header b'\xb5\x01'.
ERROR:pyubx2.ubxreader:Unknown protocol header b'$\x05'.
ERROR:pyubx2.ubxreader:Serial stream terminated unexpectedly. 28677 bytes requested, 21083 bytes returned.
ERROR:pyubx2.ubxreader:Unknown protocol header b'\xb5\x02'.
ERROR:pyubx2.ubxreader:Message checksum b'\xea\xb5' invalid - should be b'\x10r'
ERROR:pyubx2.ubxreader:Message checksum b'E\xb5' invalid - should be b'Rn'
ERROR:pyubx2.ubxreader:Unknown protocol header b'\xb5\n'.
ERROR:pyubx2.ubxreader:Unknown protocol header b'\xb5\n'.
ERROR:pyubx2.ubxreader:Unknown protocol header b'$\x02'.
ERROR:pyubx2.ubxreader:Unknown protocol header b'$\xff'.
ERROR:pyubx2.ubxreader:Unknown protocol header b'\xb5\xff'.
ERROR:pyubx2.ubxreader:Unknown protocol header b"\xb5'".
ERROR:pyubx2.ubxreader:Unknown protocol header b'\xb5\x99'.
ERROR:pyubx2.ubxreader:Unknown protocol header b'$\x85'.
ERROR:pyubx2.ubxreader:Unknown protocol header b'\xb5\x02'.
ERROR:pyubx2.ubxreader:Unknown protocol header b'\xb5\x02'.
ERROR:pyubx2.ubxreader:Message checksum b'\xd8\x14' invalid - should be b'\x9bL'
ERROR:pyubx2.ubxreader:Unknown protocol header b'\xb5\x01'.
ERROR:pyubx2.ubxreader:Unknown protocol header b'$%'.
ERROR:pyubx2.ubxreader:Unknown protocol header b'$\x00'.
ERROR:pyubx2.ubxreader:Unknown protocol header b'$\x06'.
ERROR:pyubx2.ubxreader:Unknown protocol header b'$\x00'.
ERROR:pyubx2.ubxreader:Unknown protocol header b'$\x05'.
ERROR:pyubx2.ubxreader:Unknown protocol header b'$\x00'.
ERROR:pyubx2.ubxreader:Unknown protocol header b'\xb5\x01'.
ERROR:pyubx2.ubxreader:Unknown protocol header b'$\xe6'.
ERROR:pyubx2.ubxreader:Unknown protocol header b'\xb5\x01'.
ERROR:pyubx2.ubxreader:Unknown protocol header b'$\x00'.
ERROR:pyubx2.ubxreader:Unknown protocol header b'\xb5\x01'.
ERROR:pyubx2.ubxreader:Unknown protocol header b'$\x1f'.
ERROR:pyubx2.ubxreader:Unknown protocol header b'$\x00'.
ERROR:pyubx2.ubxreader:Unknown protocol header b'\xb5\x01'.
ERROR:pyubx2.ubxreader:Unknown protocol header b'$.'.
ERROR:pyubx2.ubxreader:Unknown protocol header b'$+'.
ERROR:pyubx2.ubxreader:Unknown protocol header b'$\x00'.
ERROR:pyubx2.ubxreader:Unknown protocol header b'$+'.
ERROR:pyubx2.ubxreader:Unknown protocol header b'\xb5\x01'.
ERROR:pyubx2.ubxreader:Message checksum b'\xb5b' invalid - should be b'\xdd\xee'
ERROR:pyubx2.ubxreader:Unknown protocol header b'\xb5\x01'.
ERROR:pyubx2.ubxreader:Unknown protocol header b'\xb5\x01'.
ERROR:pyubx2.ubxreader:Unknown protocol header b'\xb5\x01'.
ERROR:pyubx2.ubxreader:Unknown protocol header b'\xb5\x01'.
ERROR:pyubx2.ubxreader:Unknown protocol header b'\xb5\x01'.
ERROR:pyubx2.ubxreader:Unknown protocol header b'\xb5\x01'.
ERROR:pyubx2.ubxreader:Unknown protocol header b'\xb5\x01'.
ERROR:pyubx2.ubxreader:Unknown protocol header b'\xb5\x01'.
ERROR:pyubx2.ubxreader:Unknown protocol header b'\xb5\x01'.
ERROR:pyubx2.ubxreader:Unknown protocol header b'\xb5\xb5'.
ERROR:pyubx2.ubxreader:Unknown protocol header b'$u'.
ERROR:pyubx2.ubxreader:Unknown protocol header b'\xd3\xa1'.
ERROR:pyubx2.ubxreader:Unknown protocol header b'\xb5\xb5'.
ERROR:pyubx2.ubxreader:Unknown protocol header b'\xb5\xb5'.
ERROR:pyubx2.ubxreader:Unknown protocol header b'\xb5$'.
ERROR:pyubx2.ubxreader:Unknown protocol header b'$$'.
ERROR:pyubx2.ubxreader:Unknown protocol header b'$$'.
ERROR:pyubx2.ubxreader:Unknown protocol header b'\xb5\xb5'.
ERROR:pyubx2.ubxreader:Unknown protocol header b'\xb5\x02'.
ERROR:pyubx2.ubxreader:Unknown protocol header b'$\x00'.
ERROR:pyubx2.ubxreader:Unknown protocol header b'\xb5\n'.
ERROR:pyubx2.ubxreader:Unknown protocol header b'\xb5\n'.
ERROR:pyubx2.ubxreader:Unknown protocol header b'\xb5\n'.
ERROR:pyubx2.ubxreader:Unknown protocol header b'\xb5\n'.
ERROR:pyubx2.ubxreader:Unknown protocol header b'$\x00'.
ERROR:pyubx2.ubxreader:Unknown protocol header b'\xb5\n'.
ERROR:pyubx2.ubxreader:Unknown protocol header b'$\x02'.
ERROR:pyubx2.ubxreader:Unknown protocol header b'$\x01'.
ERROR:pyubx2.ubxreader:Unknown protocol header b'\xb5\xff'.
ERROR:pyubx2.ubxreader:Unknown protocol header b"\xb5'".
ERROR:pyubx2.ubxreader:Unknown protocol header b'\xd3\xb4'.
ERROR:pyubx2.ubxreader:Unknown protocol header b'\xb5\x8a'.
ERROR:pyubx2.ubxreader:Unknown protocol header b'\xd3x'.
ERROR:pyubx2.ubxreader:Unknown protocol header b'\xd3\xa8'.
ERROR:pyubx2.ubxreader:Unknown protocol header b'\xd3\x05'.
ERROR:pyubx2.ubxreader:Unknown protocol header b'$\x00'.
ERROR:pyubx2.ubxreader:Unknown protocol header b'\xb5\x02'.
ERROR:pyubx2.ubxreader:Unknown protocol header b'\xb5\x02'.
ERROR:pyubx2.ubxreader:Unknown protocol header b'\xb5\x02'.
ERROR:pyubx2.ubxreader:Unknown protocol header b'\xb5\x13'.
ERROR:pyubx2.ubxreader:Unknown protocol header b'\xb5\x13'.
ERROR:pyubx2.ubxreader:Unknown protocol header b'\xb50'.
ERROR:pyubx2.ubxreader:Unknown protocol header b'\xb5\x02'.
ERROR:pyubx2.ubxreader:Unknown protocol header b'\xb5\x01'.
ERROR:pyubx2.ubxreader:Unknown protocol header b'$\x05'.
ERROR:pyubx2.ubxreader:Unknown protocol header b'$.'.
ERROR:pyubx2.ubxreader:Unknown protocol header b'\xb5\x01'.
ERROR:pyubx2.ubxreader:Unknown protocol header b'\xb5\x01'.
ERROR:pyubx2.ubxreader:Unknown protocol header b'\xb5\x01'.
ERROR:pyubx2.ubxreader:Unknown protocol header b'\xb5\x01'.
ERROR:pyubx2.ubxreader:Message checksum b'\xb5b' invalid - should be b'\xf1\x9a'
ERROR:pyubx2.ubxreader:Unknown protocol header b'\xb5\x01'.
ERROR:pyubx2.ubxreader:Unknown protocol header b'\xb5\x00'.
ERROR:pyubx2.ubxreader:Unknown protocol header b'\xb5\x01'.
ERROR:pyubx2.ubxreader:Unknown protocol header b'\xb5\x01'.
ERROR:pyubx2.ubxreader:Unknown protocol header b'\xb5\x01'.
ERROR:pyubx2.ubxreader:Unknown protocol header b'\xb5\x01'.
ERROR:pyubx2.ubxreader:Unknown protocol header b'\xd3\x7f'.
ERROR:pyubx2.ubxreader:Unknown protocol header b'$\xdc'.
ERROR:pyubx2.ubxreader:Unknown protocol header b'$\xa2'.
ERROR:pyubx2.ubxreader:Unknown protocol header b'$\xf7'.
ERROR:pyubx2.ubxreader:Unknown protocol header b'$\x17'.
ERROR:pyubx2.ubxreader:Unknown protocol header b'$\xd7'.
ERROR:pyubx2.ubxreader:Unknown protocol header b'\xd3\x15'.
ERROR:pyubx2.ubxreader:Unknown protocol header b'\xd3q'.
ERROR:pyubx2.ubxreader:Unknown protocol header b'\xb5\x8a'.
ERROR:pyubx2.ubxreader:Unknown protocol header b'\xb5\x02'.
ERROR:pyubx2.ubxreader:Unknown protocol header b'\xb5\n'.
ERROR:pyubx2.ubxreader:Unknown protocol header b'\xb5\n'.
ERROR:pyubx2.ubxreader:Unknown protocol header b'\xb5\n'.
ERROR:pyubx2.ubxreader:Unknown protocol header b'\xb5\n'.
ERROR:pyubx2.ubxreader:Unknown protocol header b'\xb5\n'.
ERROR:pyubx2.ubxreader:Unknown protocol header b'\xb5\n'.
ERROR:pyubx2.ubxreader:Unknown protocol header b'\xb5\n'.
ERROR:pyubx2.ubxreader:Unknown protocol header b'\xb5\n'.
ERROR:pyubx2.ubxreader:Unknown protocol header b'\xb5\x02'.
ERROR:pyubx2.ubxreader:Unknown protocol header b'\xd3\x1e'.
ERROR:pyubx2.ubxreader:Unknown protocol header b'$\x00'.
ERROR:pyubx2.ubxreader:Unknown protocol header b'$\x00'.
ERROR:pyubx2.ubxreader:Unknown protocol header b'$\x9c'.
ERROR:pyubx2.ubxreader:Unknown protocol header b'$\xe3'.
ERROR:pyubx2.ubxreader:Unknown protocol header b'\xd3\xa8'.
ERROR:pyubx2.ubxreader:Unknown protocol header b'\xb5&'.
ERROR:pyubx2.ubxreader:Unknown protocol header b'$\xf5'.
ERROR:pyubx2.ubxreader:Unknown protocol header b'\xd3['.
ERROR:pyubx2.ubxreader:Unknown protocol header b'\xb5\x00'.
ERROR:pyubx2.ubxreader:Message checksum b'\x01\x14' invalid - should be b'\x9bC'
ERROR:pyubx2.ubxreader:Message checksum b'\n\x02' invalid - should be b'\xae\x84'
ERROR:pyubx2.ubxreader:Unknown protocol header b'$,'.
ERROR:pyubx2.ubxreader:Unknown protocol header b'$,'.
ERROR:pyubx2.ubxreader:Unknown protocol header b'\xb5\xb5'.
ERROR:pyubx2.ubxreader:Unknown protocol header b'\xb5\xb5'.
ERROR:pyubx2.ubxreader:Unknown protocol header b'\xb5\xd4'.
ERROR:pyubx2.ubxreader:Unknown protocol header b'\xb5\xb5'.
device reports readiness to read but returned no data (device disconnected or multiple access on port?)
Error in get ublox data thread: device reports readiness to read but returned no data (device disconnected or multiple access on port?)
Error in get ublox data thread: device reports readiness to read but returned no data (device disconnected or multiple access on port?)
Error in get ublox data thread: device reports readiness to read but returned no data (device disconnected or multiple access on port?)
Error in get ublox data thread: device reports readiness to read but returned no data (device disconnected or multiple access on port?)
Error in get ublox data thread: device reports readiness to read but returned no data (device disconnected or multiple access on port?)
Error in get ublox data thread: device reports readiness to read but returned no data (device disconnected or multiple access on port?)
Error in get ublox data thread: device reports readiness to read but returned no data (device disconnected or multiple access on port?)
Error in get ublox data thread: device reports readiness to read but returned no data (device disconnected or multiple access on port?)
Error in get ublox data thread: device reports readiness to read but returned no data (device disconnected or multiple access on port?)
Error in get ublox data thread: device reports readiness to read but returned no data (device disconnected or multiple access on port?)
Error in get ublox data thread: device reports readiness to read but returned no data (device disconnected or multiple access on port?)
Error in get ublox data thread: device reports readiness to read but returned no data (device disconnected or multiple access on port?)
Error in get ublox data thread: device reports readiness to read but returned no data (device disconnected or multiple access on port?)
Error in get ublox data thread: device reports readiness to read but returned no data (device disconnected or multiple access on port?)
Error in get ublox data thread: device reports readiness to read but returned no data (device disconnected or multiple access on port?)
Error in get ublox data thread: device reports readiness to read but returned no data (device disconnected or multiple access on port?)
Error in get ublox data thread: device reports readiness to read but returned no data (device disconnected or multiple access on port?)
Error in get ublox data thread: device reports readiness to read but returned no data (device disconnected or multiple access on port?)
Error in get ublox data thread: device reports readiness to read but returned no data (device disconnected or multiple access on port?)
Error in get ublox data thread: device reports readiness to read but returned no data (device disconnected or multiple access on port?)
Error in get ublox data thread: device reports readiness to read but returned no data (device disconnected or multiple access on port?)
Error in get ublox data thread: device reports readiness to read but returned no data (device disconnected or multiple access on port?)
Error in get ublox data thread: device reports readiness to read but returned no data (device disconnected or multiple access on port?)
Error in get ublox data thread: device reports readiness to read but returned no data (device disconnected or multiple access on port?)
Error in get ublox data thread: device reports readiness to read but returned no data (device disconnected or multiple access on port?)
Error in get ublox data thread: device reports readiness to read but returned no data (device disconnected or multiple access on port?)
Error in get ublox data thread: device reports readiness to read but returned no data (device disconnected or multiple access on port?)
Error in get ublox data thread: device reports readiness to read but returned no data (device disconnected or multiple access on port?)
Error in get ublox data thread: device reports readiness to read but returned no data (device disconnected or multiple access on port?)
Error in get ublox data thread: device reports readiness to read but returned no data (device disconnected or multiple access on port?)
Error in get ublox data thread: device reports readiness to read but returned no data (device disconnected or multiple access on port?)
Error in get ublox data thread: device reports readiness to read but returned no data (device disconnected or multiple access on port?)
Error in get ublox data thread: device reports readiness to read but returned no data (device disconnected or multiple access on port?)
Error in get ublox data thread: device reports readiness to read but returned no data (device disconnected or multiple access on port?)
Error in get ublox data thread: device reports readiness to read but returned no data (device disconnected or multiple access on port?)
Error in get ublox data thread: device reports readiness to read but returned no data (device disconnected or multiple access on port?)
Error in get ublox data thread: device reports readiness to read but returned no data (device disconnected or multiple access on port?)
Error in get ublox data thread: device reports readiness to read but returned no data (device disconnected or multiple access on port?)
Error in get ublox data thread: device reports readiness to read but returned no data (device disconnected or multiple access on port?)
Error in get ublox data thread: device reports readiness to read but returned no data (device disconnected or multiple access on port?)
Error in get ublox data thread: device reports readiness to read but returned no data (device disconnected or multiple access on port?)
Error in get ublox data thread: device reports readiness to read but returned no data (device disconnected or multiple access on port?)
Error in get ublox data thread: device reports readiness to read but returned no data (device disconnected or multiple access on port?)
Error in get ublox data thread: device reports readiness to read but returned no data (device disconnected or multiple access on port?)
Error in get ublox data thread: device reports readiness to read but returned no data (device disconnected or multiple access on port?)
Error in get ublox data thread: device reports readiness to read but returned no data (device disconnected or multiple access on port?)
Error in get ublox data thread: device reports readiness to read but returned no data (device disconnected or multiple access on port?)
Error in get ublox data thread: device reports readiness to read but returned no data (device disconnected or multiple access on port?)
Error in get ublox data thread: device reports readiness to read but returned no data (device disconnected or multiple access on port?)
Error in get ublox data thread: device reports readiness to read but returned no data (device disconnected or multiple access on port?)
Error in get ublox data thread: device reports readiness to read but returned no data (device disconnected or multiple access on port?)
Error in get ublox data thread: device reports readiness to read but returned no data (device disconnected or multiple access on port?)
Error in get ublox data thread: device reports readiness to read but returned no data (device disconnected or multiple access on port?)
Error in get ublox data thread: device reports readiness to read but returned no data (device disconnected or multiple access on port?)
Error in get ublox data thread: device reports readiness to read but returned no data (device disconnected or multiple access on port?)
Error in get ublox data thread: device reports readiness to read but returned no data (device disconnected or multiple access on port?)
Error in get ublox data thread: device reports readiness to read but returned no data (device disconnected or multiple access on port?)
Error in get ublox data thread: device reports readiness to read but returned no data (device disconnected or multiple access on port?)
Error in get ublox data thread: device reports readiness to read but returned no data (device disconnected or multiple access on port?)
Error in get ublox data thread: ERROR:pyubx2.ubxreader:Unknown protocol header b'\xb5\x02'.
ERROR:pyubx2.ubxreader:Unknown protocol header b'\xb5\xb5'.
ERROR:pyubx2.ubxreader:Unknown protocol header b'\xb5\x02'.
ERROR:pyubx2.ubxreader:Unknown protocol header b'\xb5\n'.
ERROR:pyubx2.ubxreader:Unknown protocol header b'\xb5\n'.
ERROR:pyubx2.ubxreader:Unknown protocol header b'$\x02'.
ERROR:pyubx2.ubxreader:Unknown protocol header b'$"'.
ERROR:pyubx2.ubxreader:Unknown protocol header b'\xb5\x00'.
ERROR:pyubx2.ubxreader:Unknown protocol header b'\xb5\xff'.
ERROR:pyubx2.ubxreader:Unknown protocol header b'\xd3\xac'.
ERROR:pyubx2.ubxreader:Unknown protocol header b"\xb5'".
ERROR:pyubx2.ubxreader:Unknown protocol header b'\xb5\xa9'.
ERROR:pyubx2.ubxreader:Unknown protocol header b'\xd3\xdf'.
ERROR:pyubx2.ubxreader:Unknown protocol header b'$\x03'.
ERROR:pyubx2.ubxreader:Unknown protocol header b'\xd3\x05'.
ERROR:pyubx2.ubxreader:Unknown protocol header b'\xb5\x01'.
ERROR:pyubx2.ubxreader:Unknown protocol header b'\xb5\x01'.
ERROR:pyubx2.ubxreader:Unknown protocol header b'\xb5\x01'.
ERROR:pyubx2.ubxreader:Unknown protocol header b'$\x00'.
ERROR:pyubx2.ubxreader:Unknown protocol header b'\xb5\x01'.
ERROR:pyubx2.ubxreader:Unknown protocol header b'$\x05'.
ERROR:pyubx2.ubxreader:Unknown protocol header b'$\x00'.
ERROR:pyubx2.ubxreader:Unknown protocol header b'$+'.
ERROR:pyubx2.ubxreader:Unknown protocol header b'$\x00'.
ERROR:pyubx2.ubxreader:Unknown protocol header b'\xb5\x01'.
ERROR:pyubx2.ubxreader:Unknown protocol header b'\xb5\x01'.
ERROR:pyubx2.ubxreader:Unknown protocol header b'\xb5\x01'.
ERROR:pyubx2.ubxreader:Unknown protocol header b'\xb5\x01'.
ERROR:pyubx2.ubxreader:Unknown protocol header b'\xb5\x01'.
ERROR:pyubx2.ubxreader:Unknown protocol header b'\xb5\x01'.
ERROR:pyubx2.ubxreader:Unknown protocol header b'\xb5\x01'.
ERROR:pyubx2.ubxreader:Unknown protocol header b'\xb5\x01'.
ERROR:pyubx2.ubxreader:Unknown protocol header b'\xb5\x01'.
ERROR:pyubx2.ubxreader:Unknown protocol header b'\xb5\x01'.
ERROR:pyubx2.ubxreader:Unknown protocol header b'\xb5\x01'.
ERROR:pyubx2.ubxreader:Unknown protocol header b'\xb5\x01'.
ERROR:pyubx2.ubxreader:Unknown protocol header b"\xb5'".
ERROR:pyubx2.ubxreader:Unknown protocol header b'$\xda'.
ERROR:pyubx2.ubxreader:Unknown protocol header b'$\xd7'.
ERROR:pyubx2.ubxreader:Unknown protocol header b'\xd3D'.
ERROR:pyubx2.ubxreader:Unknown protocol header b'\xd3q'.
ERROR:pyubx2.ubxreader:Unknown protocol header b'$\xf7'.
ERROR:pyubx2.ubxreader:Unknown protocol header b'$\xd7'.
ERROR:pyubx2.ubxreader:Unknown protocol header b'$\xd7'.
ERROR:pyubx2.ubxreader:Unknown protocol header b'\xd3q'.
ERROR:pyubx2.ubxreader:Unknown protocol header b'\xd3q'.
ERROR:pyubx2.ubxreader:Unknown protocol header b'\xb5\x02'.
ERROR:pyubx2.ubxreader:Unknown protocol header b'\xb5\x02'.
ERROR:pyubx2.ubxreader:Unknown protocol header b'\xb5\x02'.
ERROR:pyubx2.ubxreader:Unknown protocol header b'\xb5\x02'.
ERROR:pyubx2.ubxreader:Unknown protocol header b'\xb5\x02'.
ERROR:pyubx2.ubxreader:Unknown protocol header b'\xb5\x02'.
ERROR:pyubx2.ubxreader:Unknown protocol header b'$\x00'.
ERROR:pyubx2.ubxreader:Unknown protocol header b'\xb5\n'.
ERROR:pyubx2.ubxreader:Unknown protocol header b'\xb5\n'.
ERROR:pyubx2.ubxreader:Unknown protocol header b'\xb5\x01'.
ERROR:pyubx2.ubxreader:Message checksum b'p\xb5' invalid - should be b'\xf2\xac'
ERROR:pyubx2.ubxreader:Unknown protocol header b'\xb5\x01'.
ERROR:pyubx2.ubxreader:Unknown protocol header b'\xb5\x01'.
ERROR:pyubx2.ubxreader:Unknown protocol header b'$\x00'.
ERROR:pyubx2.ubxreader:Unknown protocol header b'$Q'.
ERROR:pyubx2.ubxreader:Unknown protocol header b'$Q'.
ERROR:pyubx2.ubxreader:Unknown protocol header b'$%'.
ERROR:pyubx2.ubxreader:Unknown protocol header b'$\x00'.
ERROR:pyubx2.ubxreader:Unknown protocol header b'\xb5\x01'.
ERROR:pyubx2.ubxreader:Unknown protocol header b'$\x17'.
ERROR:pyubx2.ubxreader:Unknown protocol header b'$\x05'.
ERROR:pyubx2.ubxreader:Unknown protocol header b'$\x00'.
ERROR:pyubx2.ubxreader:Unknown protocol header b'$\x00'.
ERROR:pyubx2.ubxreader:Unknown protocol header b'\xb5\xb5'.
ERROR:pyubx2.ubxreader:Unknown protocol header b'\xd3\xff'.
ERROR:pyubx2.ubxreader:Unknown protocol header b'\xd3\xff'.
ERROR:pyubx2.ubxreader:Unknown protocol header b'\xb5\xb5'.
ERROR:pyubx2.ubxreader:Unknown protocol header b'$$'.
ERROR:pyubx2.ubxreader:Unknown protocol header b'\xb5\xb5'.
ERROR:pyubx2.ubxreader:Unknown protocol header b'\xb5:'.
ERROR:pyubx2.ubxreader:Unknown protocol header b'\xd3\x19'.
ERROR:pyubx2.ubxreader:Unknown protocol header b"\xb5'".
ERROR:pyubx2.ubxreader:Unknown protocol header b'$\x03'.
ERROR:pyubx2.ubxreader:Unknown protocol header b'\xd3\xcd'.
ERROR:pyubx2.ubxreader:Unknown protocol header b'\xb5\xc2'.
ERROR:pyubx2.ubxreader:Unknown protocol header b'\xb5\x81'.
ERROR:pyubx2.ubxreader:Unknown protocol header b'\xd3t'.
ERROR:pyubx2.ubxreader:Unknown protocol header b'\xb5\xe6'.
ERROR:pyubx2.ubxreader:Unknown protocol header b'$\x8b'.
ERROR:pyubx2.ubxreader:Unknown protocol header b'$\x03'.
ERROR:pyubx2.ubxreader:Unknown protocol header b'\xb5\x01'.
ERROR:pyubx2.ubxreader:Unknown protocol header b'\xb5\x01'.
ERROR:pyubx2.ubxreader:Unknown protocol header b'\xb5\x01'.
ERROR:pyubx2.ubxreader:Unknown protocol header b'\xb5\x01'.
ERROR:pyubx2.ubxreader:Unknown protocol header b'\xb5\x01'.
ERROR:pyubx2.ubxreader:Unknown protocol header b'$Q'.
ERROR:pyubx2.ubxreader:Unknown protocol header b'$\x00'.
ERROR:pyubx2.ubxreader:Unknown protocol header b'\xb5\x01'.
ERROR:pyubx2.ubxreader:Unknown protocol header b'$\x00'.
ERROR:pyubx2.ubxreader:Unknown protocol header b'$b'.
ERROR:pyubx2.ubxreader:Message checksum b'1\x07' invalid - should be b'\xc7\xaa'
ERROR:pyubx2.ubxreader:Unknown protocol header b'$1'.
ERROR:pyubx2.ubxreader:Unknown protocol header b'\xb5\n'.
ERROR:pyubx2.ubxreader:Unknown protocol header b'$\x02'.
ERROR:pyubx2.ubxreader:Unknown protocol header b'\xb5\x00'.
ERROR:pyubx2.ubxreader:Unknown protocol header b'$\x01'.
ERROR:pyubx2.ubxreader:Unknown protocol header b'\xb5\x00'.
ERROR:pyubx2.ubxreader:Unknown protocol header b"\xb5'".
ERROR:pyubx2.ubxreader:Unknown protocol header b"\xb5'".
ERROR:pyubx2.ubxreader:Unknown protocol header b'\xb5\x02'.
ERROR:pyubx2.ubxreader:Unknown protocol header b'\xb5\n'.
ERROR:pyubx2.ubxreader:Unknown protocol header b'\xb5\n'.
ERROR:pyubx2.ubxreader:Unknown protocol header b'\xb5\xb5'.
ERROR:pyubx2.ubxreader:Unknown protocol header b'\xb5\xb5'.
ERROR:pyubx2.ubxreader:Unknown protocol header b'$h'.
ERROR:pyubx2.ubxreader:Unknown protocol header b'\xd3&'.
ERROR:pyubx2.ubxreader:Unknown protocol header b'$\x99'.
ERROR:pyubx2.ubxreader:Unknown protocol header b'\xb5U'.
ERROR:pyubx2.ubxreader:Unknown protocol header b'\xb5\x96'.
ERROR:pyubx2.ubxreader:Unknown protocol header b'\xb5\x01'.
ERROR:pyubx2.ubxreader:Unknown protocol header b'\xb5\x01'.
ERROR:pyubx2.ubxreader:Unknown protocol header b'\xb5\x01'.
ERROR:pyubx2.ubxreader:Unknown protocol header b'\xb5\x01'.
ERROR:pyubx2.ubxreader:Unknown protocol header b'$Q'.
ERROR:pyubx2.ubxreader:Unknown protocol header b'\xb5\x01'.
ERROR:pyubx2.ubxreader:Unknown protocol header b'$+'.
ERROR:pyubx2.ubxreader:Unknown protocol header b'$\x00'.
ERROR:pyubx2.ubxreader:Unknown protocol header b'\xb5\x01'.
ERROR:pyubx2.ubxreader:Unknown protocol header b'$\x05'.
ERROR:pyubx2.ubxreader:Unknown protocol header b'$\x00'.
ERROR:pyubx2.ubxreader:Unknown protocol header b'$.'.
ERROR:pyubx2.ubxreader:Unknown protocol header b'$\x00'.
ERROR:pyubx2.ubxreader:Unknown protocol header b'\xb5\x01'.
ERROR:pyubx2.ubxreader:Unknown protocol header b'\xb5\x01'.
ERROR:pyubx2.ubxreader:Unknown protocol header b'\xb5\x01'.
ERROR:pyubx2.ubxreader:Unknown protocol header b'\xb5\x01'.
ERROR:pyubx2.ubxreader:Unknown protocol header b'\xb5\x01'.
ERROR:pyubx2.ubxreader:Unknown protocol header b'\xb5\x01'.
ERROR:pyubx2.ubxreader:Unknown protocol header b'\xb5\x01'.
ERROR:pyubx2.ubxreader:Unknown protocol header b'\xb5\x01'.
ERROR:pyubx2.ubxreader:Unknown protocol header b'\xb5\x01'.
ERROR:pyubx2.ubxreader:Unknown protocol header b'\xb5\x01'.
ERROR:pyubx2.ubxreader:Unknown protocol header b'\xb5\x01'.
ERROR:pyubx2.ubxreader:Unknown protocol header b'\xb5\x01'.
ERROR:pyubx2.ubxreader:Unknown protocol header b'\xb5\x01'.
ERROR:pyubx2.ubxreader:Unknown protocol header b"\xb5'".
ERROR:pyubx2.ubxreader:Unknown protocol header b'$\xd7'.
ERROR:pyubx2.ubxreader:Unknown protocol header b'\xb5\x84'.
ERROR:pyubx2.ubxreader:Unknown protocol header b'\xb5u'.
ERROR:pyubx2.ubxreader:Unknown protocol header b'$\x00'.
ERROR:pyubx2.ubxreader:Unknown protocol header b'\xb5\x02'.
ERROR:pyubx2.ubxreader:Unknown protocol header b'$\x02'.
ERROR:pyubx2.ubxreader:Message checksum b'\xb5b' invalid - should be b'A\x9b'
ERROR:pyubx2.ubxreader:Unknown protocol header b'\xb5\n'.
ERROR:pyubx2.ubxreader:Unknown protocol header b'\xb5\n'.
ERROR:pyubx2.ubxreader:Unknown protocol header b'\xb5\xb5'.
ERROR:pyubx2.ubxreader:Unknown protocol header b'\xb5\x00'.
ERROR:pyubx2.ubxreader:Unknown protocol header b'\xb5\xb5'.
ERROR:pyubx2.ubxreader:Unknown protocol header b'$\x01'.
ERROR:pyubx2.ubxreader:Unknown protocol header b"\xb5'".
ERROR:pyubx2.ubxreader:Unknown protocol header b'$3'.
ERROR:pyubx2.ubxreader:Unknown protocol header b'\xb5z'.
ERROR:pyubx2.ubxreader:Unknown protocol header b'\xd31'.
ERROR:pyubx2.ubxreader:Unknown protocol header b'$\x00'.
ERROR:pyubx2.ubxreader:Unknown protocol header b'\xb5w'.
ERROR:pyubx2.ubxreader:Unknown protocol header b'\xb5\xc3'.
ERROR:pyubx2.ubxreader:Unknown protocol header b'\xb5\x02'.
ERROR:pyubx2.ubxreader:Message checksum b',5' invalid - should be b'\xbd\x99'
ERROR:pyubx2.ubxreader:Unknown protocol header b'$+'.
ERROR:pyubx2.ubxreader:Message checksum b'1Q' invalid - should be b'\xccX'
ERROR:pyubx2.ubxreader:Unknown protocol header b'\xb5\x02'.
ERROR:pyubx2.ubxreader:Unknown protocol header b'\xb5\n'.
ERROR:pyubx2.ubxreader:Unknown protocol header b'\xb5\x00'.
ERROR:pyubx2.ubxreader:Unknown protocol header b'\xb5x'.
ERROR:pyubx2.ubxreader:Unknown protocol header b'\xb5\x00'.
ERROR:pyubx2.ubxreader:Unknown protocol header b'\xb54'.
ERROR:pyubx2.ubxreader:Unknown protocol header b'\xb5\x02'.
ERROR:pyubx2.ubxreader:Unknown protocol header b'$#'.
ERROR:pyubx2.ubxreader:Unknown protocol header b'$\x1b'.
ERROR:pyubx2.ubxreader:Unknown protocol header b"\xb5'".
ERROR:pyubx2.ubxreader:Unknown protocol header b'\xb5\x02'.
ERROR:pyubx2.ubxreader:Unknown protocol header b'$\xb3'.
ERROR:pyubx2.ubxreader:Unknown protocol header b'\xd36'.
ERROR:pyubx2.ubxreader:Unknown protocol header b'$\x00'.
ERROR:pyubx2.ubxreader:Unknown protocol header b'$\x03'.
ERROR:pyubx2.ubxreader:Unknown protocol header b'\xb5\x13'.
ERROR:pyubx2.ubxreader:Unknown protocol header b'\xb5\x02'.
ERROR:pyubx2.ubxreader:Unknown protocol header b'\xb5\x02'.
ERROR:pyubx2.ubxreader:Unknown protocol header b'$\xe7'.
ERROR:pyubx2.ubxreader:Unknown protocol header b'\xb5\x02'.
ERROR:pyubx2.ubxreader:Unknown protocol header b'\xb5\x02'.
ERROR:pyubx2.ubxreader:Unknown protocol header b'\xb5\x02'.
ERROR:pyubx2.ubxreader:Unknown protocol header b'\xb5\x02'.
ERROR:pyubx2.ubxreader:Unknown protocol header b'\xd3\xb5'.
ERROR:pyubx2.ubxreader:Unknown protocol header b'\xb5\xb5'.
ERROR:pyubx2.ubxreader:Unknown protocol header b'\xb5\xb5'.
ERROR:pyubx2.ubxreader:Unknown protocol header b'\xb5\x02'.
ERROR:pyubx2.ubxreader:Unknown protocol header b'\xb5\x02'.
ERROR:pyubx2.ubxreader:Unknown protocol header b'\xb5\x02'.
ERROR:pyubx2.ubxreader:Unknown protocol header b'\xb5\x02'.
ERROR:pyubx2.ubxreader:Unknown protocol header b'\xb5\x02'.
ERROR:pyubx2.ubxreader:Unknown protocol header b'\xb5\x02'.
ERROR:pyubx2.ubxreader:Unknown protocol header b'\xb5\x01'.
ERROR:pyubx2.ubxreader:Unknown protocol header b'\xb5\x01'.
ERROR:pyubx2.ubxreader:Unknown protocol header b'\xb5\x01'.
ERROR:pyubx2.ubxreader:Unknown protocol header b'\xb5\x01'.
ERROR:pyubx2.ubxreader:Unknown protocol header b'$\x00'.
ERROR:pyubx2.ubxreader:Unknown protocol header b'\xb5\x01'.
ERROR:pyubx2.ubxreader:Unknown protocol header b'$\x00'.
ERROR:pyubx2.ubxreader:Unknown protocol header b'\xb5\x01'.
ERROR:pyubx2.ubxreader:Message checksum b'\x00\x01' invalid - should be b'\xc0\x80'
ERROR:pyubx2.ubxreader:Unknown protocol header b'$\x00'.
ERROR:pyubx2.ubxreader:Unknown protocol header b'\xd3;'.
ERROR:pyubx2.ubxreader:Unknown protocol header b'\xd3\x05'.
ERROR:pyubx2.ubxreader:Unknown protocol header b'\xb5\x01'.
ERROR:pyubx2.ubxreader:Unknown protocol header b'$\x03'.
ERROR:pyubx2.ubxreader:Unknown protocol header b'\xb5\x01'.
ERROR:pyubx2.ubxreader:Unknown protocol header b'\xb5\x01'.
ERROR:pyubx2.ubxreader:Unknown protocol header b'$\x00'.
ERROR:pyubx2.ubxreader:Unknown protocol header b'\xb54'.
ERROR:pyubx2.ubxreader:Unknown protocol header b'$+'.
ERROR:pyubx2.ubxreader:Unknown protocol header b'$\x05'.
ERROR:pyubx2.ubxreader:Unknown protocol header b'$\x00'.
ERROR:pyubx2.ubxreader:Unknown protocol header b'\xb5\x01'.
ERROR:pyubx2.ubxreader:Unknown protocol header b'$\x00'.
ERROR:pyubx2.ubxreader:Unknown protocol header b'$.'.
ERROR:pyubx2.ubxreader:Unknown protocol header b'$\x00'.
ERROR:pyubx2.ubxreader:Unknown protocol header b'\xb5\x01'.
ERROR:pyubx2.ubxreader:Unknown protocol header b'\xb5\x01'.
ERROR:pyubx2.ubxreader:Unknown protocol header b'\xb5\x01'.
ERROR:pyubx2.ubxreader:Unknown protocol header b'\xb5\x01'.
ERROR:pyubx2.ubxreader:Unknown protocol header b'\xb5\x01'.
ERROR:pyubx2.ubxreader:Unknown protocol header b'\xb5\x01'.
ERROR:pyubx2.ubxreader:Unknown protocol header b'\xb5\x01'.
ERROR:pyubx2.ubxreader:Unknown protocol header b'\xb5\x01'.
ERROR:pyubx2.ubxreader:Unknown protocol header b'\xd3<'.
ERROR:pyubx2.ubxreader:Unknown protocol header b'\xb5\x01'.
ERROR:pyubx2.ubxreader:Unknown protocol header b'\xb5\x01'.
ERROR:pyubx2.ubxreader:Unknown protocol header b'\xb5\x01'.
ERROR:pyubx2.ubxreader:Unknown protocol header b'\xd3\x7f'.
ERROR:pyubx2.ubxreader:Unknown protocol header b'$\xff'.
ERROR:pyubx2.ubxreader:Unknown protocol header b'$\x17'.
ERROR:pyubx2.ubxreader:Unknown protocol header b'$7'.
ERROR:pyubx2.ubxreader:Unknown protocol header b'\xd3q'.
ERROR:pyubx2.ubxreader:Unknown protocol header b'\xb5\x02'.
ERROR:pyubx2.ubxreader:Unknown protocol header b'\xb5\x02'.
ERROR:pyubx2.ubxreader:Unknown protocol header b'\xb5\x02'.
ERROR:pyubx2.ubxreader:Unknown protocol header b'$\x01'.
ERROR:pyubx2.ubxreader:Unknown protocol header b'\xd3\xfc'.
ERROR:pyubx2.ubxreader:Unknown protocol header b'\xb5\x02'.
ERROR:pyubx2.ubxreader:Unknown protocol header b'$\x00'.
ERROR:pyubx2.ubxreader:Unknown protocol header b'\xb5\n'.
ERROR:pyubx2.ubxreader:Unknown protocol header b'\xb5\n'.
ERROR:pyubx2.ubxreader:Unknown protocol header b'$+'.
ERROR:pyubx2.ubxreader:Unknown protocol header b'$\x00'.
ERROR:pyubx2.ubxreader:Unknown protocol header b'$\x00'.
ERROR:pyubx2.ubxreader:Unknown protocol header b'\xb5\x01'.
ERROR:pyubx2.ubxreader:Unknown protocol header b'\xb5\x01'.
ERROR:pyubx2.ubxreader:Unknown protocol header b'\xb5\x01'.
ERROR:pyubx2.ubxreader:Unknown protocol header b'$\x14'.
ERROR:pyubx2.ubxreader:Unknown protocol header b'\xb5\x01'.
ERROR:pyubx2.ubxreader:Unknown protocol header b'\xb5\x01'.
ERROR:pyubx2.ubxreader:Unknown protocol header b'\xb5\x01'.
ERROR:pyubx2.ubxreader:Unknown protocol header b'\xb5\x01'.
ERROR:pyubx2.ubxreader:Unknown protocol header b'\xb5\x02'.
ERROR:pyubx2.ubxreader:Unknown protocol header b'\xb5\x01'.
ERROR:pyubx2.ubxreader:Unknown protocol header b'\xb5\x01'.
ERROR:pyubx2.ubxreader:Unknown protocol header b'\xb5\x01'.
ERROR:pyubx2.ubxreader:Unknown protocol header b'\xb5\x01'.
ERROR:pyubx2.ubxreader:Message checksum b'\\<' invalid - should be b'$Z'
ERROR:pyubx2.ubxreader:Unknown protocol header b'\xd3#'.
ERROR:pyubx2.ubxreader:Message checksum b'^$' invalid - should be b'\xbe\x0c'
ERROR:pyubx2.ubxreader:Unknown protocol header b'\xb5\n'.
ERROR:pyubx2.ubxreader:Unknown protocol header b'\xb5\n'.
ERROR:pyubx2.ubxreader:Unknown protocol header b'\xb5\n'.
ERROR:pyubx2.ubxreader:Unknown protocol header b'$\x02'.
ERROR:pyubx2.ubxreader:Unknown protocol header b'$\x01'.
ERROR:pyubx2.ubxreader:Unknown protocol header b'\xb5\x00'.
ERROR:pyubx2.ubxreader:Unknown protocol header b"\xb5'".
ERROR:pyubx2.ubxreader:Unknown protocol header b'$\xc3'.
ERROR:pyubx2.ubxreader:Unknown protocol header b'$\x9d'.
ERROR:pyubx2.ubxreader:Unknown protocol header b'\xb5\xb1'.
ERROR:pyubx2.ubxreader:Unknown protocol header b'$)'.
ERROR:pyubx2.ubxreader:Unknown protocol header b'\xd3C'.
ERROR:pyubx2.ubxreader:Unknown protocol header b'\xb5R'.
ERROR:pyubx2.ubxreader:Unknown protocol header b'\xb5\x01'.
ERROR:pyubx2.ubxreader:Unknown protocol header b'$\x00'.
ERROR:pyubx2.ubxreader:Unknown protocol header b'\xb5\x01'.
ERROR:pyubx2.ubxreader:Unknown protocol header b'\xb5\x01'.
ERROR:pyubx2.ubxreader:Unknown protocol header b'$Q'.
ERROR:pyubx2.ubxreader:Unknown protocol header b'$('.
ERROR:pyubx2.ubxreader:Unknown protocol header b'\xb5\x01'.
ERROR:pyubx2.ubxreader:Unknown protocol header b'\xb5\x01'.
ERROR:pyubx2.ubxreader:Unknown protocol header b'\xb5\x02'.
ERROR:pyubx2.ubxreader:Unknown protocol header b'\xb5\x02'.
ERROR:pyubx2.ubxreader:Unknown protocol header b'\xb5\n'.
ERROR:pyubx2.ubxreader:Unknown protocol header b'$\x02'.
ERROR:pyubx2.ubxreader:Unknown protocol header b'\xb5\x13'.
ERROR:pyubx2.ubxreader:Unknown protocol header b'\xb5\x02'.
ERROR:pyubx2.ubxreader:Unknown protocol header b'\xd3\xff'.
ERROR:pyubx2.ubxreader:Unknown protocol header b'\xb5\xff'.
ERROR:pyubx2.ubxreader:Unknown protocol header b'\xb5\x02'.
ERROR:pyubx2.ubxreader:Unknown protocol header b'$#'.
ERROR:pyubx2.ubxreader:Unknown protocol header b'$\xe5'.
ERROR:pyubx2.ubxreader:Unknown protocol header b'\xb5\x98'.
ERROR:pyubx2.ubxreader:Unknown protocol header b'\xb5\xe8'.
ERROR:pyubx2.ubxreader:Unknown protocol header b'$\x07'.
ERROR:pyubx2.ubxreader:Unknown protocol header b'\xb5\x02'.
ERROR:pyubx2.ubxreader:Unknown protocol header b'\xb5\x01'.
ERROR:pyubx2.ubxreader:Unknown protocol header b'\xb5\x01'.
ERROR:pyubx2.ubxreader:Unknown protocol header b'$\xd7'.
ERROR:pyubx2.ubxreader:Unknown protocol header b'\xd3q'.
ERROR:pyubx2.ubxreader:Unknown protocol header b'$\xb9'.
ERROR:pyubx2.ubxreader:Unknown protocol header b'\xb5\xf7'.
ERROR:pyubx2.ubxreader:Unknown protocol header b'\xb5\xf7'.
ERROR:pyubx2.ubxreader:Unknown protocol header b'\xb5\x02'.
ERROR:pyubx2.ubxreader:Unknown protocol header b'\xb5\x02'.
ERROR:pyubx2.ubxreader:Unknown protocol header b'\xb5\x00'.
ERROR:pyubx2.ubxreader:Message checksum b'\x00\x00' invalid - should be b'$t'
ERROR:pyubx2.ubxreader:Unknown protocol header b'\xb5\n'.
ERROR:pyubx2.ubxreader:Unknown protocol header b'$!'.
ERROR:pyubx2.ubxreader:Unknown protocol header b'$\x02'.
ERROR:pyubx2.ubxreader:Unknown protocol header b'\xb5\x02'.
ERROR:pyubx2.ubxreader:Unknown protocol header b'$\xf0'.
ERROR:pyubx2.ubxreader:Unknown protocol header b'\xb5\x15'.
ERROR:pyubx2.ubxreader:Unknown protocol header b'\xb5\x01'.
ERROR:pyubx2.ubxreader:Unknown protocol header b'$\x00'.
ERROR:pyubx2.ubxreader:Unknown protocol header b'$\x00'.
ERROR:pyubx2.ubxreader:Unknown protocol header b'\xb5\x02'.
ERROR:pyubx2.ubxreader:Unknown protocol header b'$+'.
ERROR:pyubx2.ubxreader:Unknown protocol header b'$\x00'.
ERROR:pyubx2.ubxreader:Unknown protocol header b'$\x8b'.
ERROR:pyubx2.ubxreader:Unknown protocol header b'\xb5\x01'.
ERROR:pyubx2.ubxreader:Unknown protocol header b'$\x00'.
ERROR:pyubx2.ubxreader:Unknown protocol header b'$0'.
ERROR:pyubx2.ubxreader:Unknown protocol header b'$.'.
ERROR:pyubx2.ubxreader:Unknown protocol header b'$\x00'.
ERROR:pyubx2.ubxreader:Unknown protocol header b'\xb5\x01'.
ERROR:pyubx2.ubxreader:Unknown protocol header b'\xb5\x01'.
ERROR:pyubx2.ubxreader:Unknown protocol header b'\xb5\x01'.
ERROR:pyubx2.ubxreader:Unknown protocol header b'\xb5\x01'.
ERROR:pyubx2.ubxreader:Unknown protocol header b'\xb5\x01'.
ERROR:pyubx2.ubxreader:Unknown protocol header b'\xb5\x01'.
ERROR:pyubx2.ubxreader:Unknown protocol header b'\xd3b'.
ERROR:pyubx2.ubxreader:Unknown protocol header b'\xb5\x01'.
ERROR:pyubx2.ubxreader:Unknown protocol header b'\xb5;'.
ERROR:pyubx2.ubxreader:Unknown protocol header b'\xb5\x01'.
ERROR:pyubx2.ubxreader:Unknown protocol header b"\xb5'".
ERROR:pyubx2.ubxreader:Unknown protocol header b'$\xda'.
ERROR:pyubx2.ubxreader:Unknown protocol header b'\xb5&'.
ERROR:pyubx2.ubxreader:Unknown protocol header b'$u'.
ERROR:pyubx2.ubxreader:Unknown protocol header b'$\x17'.
ERROR:pyubx2.ubxreader:Unknown protocol header b'$\x17'.
ERROR:pyubx2.ubxreader:Unknown protocol header b'$y'.
ERROR:pyubx2.ubxreader:Unknown protocol header b'$y'.
ERROR:pyubx2.ubxreader:Unknown protocol header b'\xb5\x84'.
ERROR:pyubx2.ubxreader:Unknown protocol header b'\xb5\x02'.
ERROR:pyubx2.ubxreader:Unknown protocol header b'\xb50'.
ERROR:pyubx2.ubxreader:Unknown protocol header b'\xb5\x02'.
ERROR:pyubx2.ubxreader:Unknown protocol header b'\xb5\xb5'.
ERROR:pyubx2.ubxreader:Unknown protocol header b'\xb5\x00'.
ERROR:pyubx2.ubxreader:Unknown protocol header b'$\x00'.
ERROR:pyubx2.ubxreader:Unknown protocol header b'\xb5\n'.
ERROR:pyubx2.ubxreader:Unknown protocol header b'\xb5\x02'.
ERROR:pyubx2.ubxreader:Unknown protocol header b'$\x01'.
ERROR:pyubx2.ubxreader:Unknown protocol header b'$\t'.
ERROR:pyubx2.ubxreader:Unknown protocol header b'$\x00'.
ERROR:pyubx2.ubxreader:Unknown protocol header b"\xb5'".
ERROR:pyubx2.ubxreader:Unknown protocol header b'$\x02'.
ERROR:pyubx2.ubxreader:Unknown protocol header b'$!'.
ERROR:pyubx2.ubxreader:Unknown protocol header b'$\x98'.
ERROR:pyubx2.ubxreader:Unknown protocol header b'\xb5j'.
ERROR:pyubx2.ubxreader:Unknown protocol header b'\xb5\x00'.
ERROR:pyubx2.ubxreader:Unknown protocol header b'\xb5\x01'.
ERROR:pyubx2.ubxreader:Message checksum b'\xca\xb5' invalid - should be b'\xac='
ERROR:pyubx2.ubxreader:Unknown protocol header b'\xb5\x01'.
ERROR:pyubx2.ubxreader:Unknown protocol header b'$Q'.
ERROR:pyubx2.ubxreader:Unknown protocol header b'$+'.
ERROR:pyubx2.ubxreader:Unknown protocol header b'$\x05'.
ERROR:pyubx2.ubxreader:Unknown protocol header b'$\x00'.
ERROR:pyubx2.ubxreader:Unknown protocol header b'\xb5\xb5'.
ERROR:pyubx2.ubxreader:Unknown protocol header b'\xb5\xb5'.
device reports readiness to read but returned no data (device disconnected or multiple access on port?)
Error in get ublox data thread: device reports readiness to read but returned no data (device disconnected or multiple access on port?)
Error in get ublox data thread: device reports readiness to read but returned no data (device disconnected or multiple access on port?)
Error in get ublox data thread: device reports readiness to read but returned no data (device disconnected or multiple access on port?)
Error in get ublox data thread: device reports readiness to read but returned no data (device disconnected or multiple access on port?)
Error in get ublox data thread: device reports readiness to read but returned no data (device disconnected or multiple access on port?)
Error in get ublox data thread: device reports readiness to read but returned no data (device disconnected or multiple access on port?)
Error in get ublox data thread: device reports readiness to read but returned no data (device disconnected or multiple access on port?)
Error in get ublox data thread: device reports readiness to read but returned no data (device disconnected or multiple access on port?)
Error in get ublox data thread: device reports readiness to read but returned no data (device disconnected or multiple access on port?)
Error in get ublox data thread: device reports readiness to read but returned no data (device disconnected or multiple access on port?)
Error in get ublox data thread: device reports readiness to read but returned no data (device disconnected or multiple access on port?)
Error in get ublox data thread: device reports readiness to read but returned no data (device disconnected or multiple access on port?)
Error in get ublox data thread: device reports readiness to read but returned no data (device disconnected or multiple access on port?)
Error in get ublox data thread: device reports readiness to read but returned no data (device disconnected or multiple access on port?)
Error in get ublox data thread: device reports readiness to read but returned no data (device disconnected or multiple access on port?)
Error in get ublox data thread: device reports readiness to read but returned no data (device disconnected or multiple access on port?)
Error in get ublox data thread: device reports readiness to read but returned no data (device disconnected or multiple access on port?)
Error in get ublox data thread: device reports readiness to read but returned no data (device disconnected or multiple access on port?)
Error in get ublox data thread: device reports readiness to read but returned no data (device disconnected or multiple access on port?)
Error in get ublox data thread: device reports readiness to read but returned no data (device disconnected or multiple access on port?)
Error in get ublox data thread: device reports readiness to read but returned no data (device disconnected or multiple access on port?)
Error in get ublox data thread: device reports readiness to read but returned no data (device disconnected or multiple access on port?)
Error in get ublox data thread: device reports readiness to read but returned no data (device disconnected or multiple access on port?)
Error in get ublox data thread: device reports readiness to read but returned no data (device disconnected or multiple access on port?)
Error in get ublox data thread: device reports readiness to read but returned no data (device disconnected or multiple access on port?)
Error in get ublox data thread: device reports readiness to read but returned no data (device disconnected or multiple access on port?)
Error in get ublox data thread: device reports readiness to read but returned no data (device disconnected or multiple access on port?)
Error in get ublox data thread: device reports readiness to read but returned no data (device disconnected or multiple access on port?)
Error in get ublox data thread: device reports readiness to read but returned no data (device disconnected or multiple access on port?)
Error in get ublox data thread: device reports readiness to read but returned no data (device disconnected or multiple access on port?)
Error in get ublox data thread: device reports readiness to read but returned no data (device disconnected or multiple access on port?)
Error in get ublox data thread: device reports readiness to read but returned no data (device disconnected or multiple access on port?)
Error in get ublox data thread: device reports readiness to read but returned no data (device disconnected or multiple access on port?)
Error in get ublox data thread: device reports readiness to read but returned no data (device disconnected or multiple access on port?)
Error in get ublox data thread: device reports readiness to read but returned no data (device disconnected or multiple access on port?)
Error in get ublox data thread: device reports readiness to read but returned no data (device disconnected or multiple access on port?)
Error in get ublox data thread: device reports readiness to read but returned no data (device disconnected or multiple access on port?)
Error in get ublox data thread: device reports readiness to read but returned no data (device disconnected or multiple access on port?)
Error in get ublox data thread: device reports readiness to read but returned no data (device disconnected or multiple access on port?)
Error in get ublox data thread: device reports readiness to read but returned no data (device disconnected or multiple access on port?)
Error in get ublox data thread: device reports readiness to read but returned no data (device disconnected or multiple access on port?)
Error in get ublox data thread: device reports readiness to read but returned no data (device disconnected or multiple access on port?)
Error in get ublox data thread: device reports readiness to read but returned no data (device disconnected or multiple access on port?)
Error in get ublox data thread: device reports readiness to read but returned no data (device disconnected or multiple access on port?)
Error in get ublox data thread: device reports readiness to read but returned no data (device disconnected or multiple access on port?)
Error in get ublox data thread: device reports readiness to read but returned no data (device disconnected or multiple access on port?)
Error in get ublox data thread: device reports readiness to read but returned no data (device disconnected or multiple access on port?)
Error in get ublox data thread: device reports readiness to read but returned no data (device disconnected or multiple access on port?)
Error in get ublox data thread: device reports readiness to read but returned no data (device disconnected or multiple access on port?)
Error in get ublox data thread: device reports readiness to read but returned no data (device disconnected or multiple access on port?)
Error in get ublox data thread: device reports readiness to read but returned no data (device disconnected or multiple access on port?)
Error in get ublox data thread: device reports readiness to read but returned no data (device disconnected or multiple access on port?)
Error in get ublox data thread: device reports readiness to read but returned no data (device disconnected or multiple access on port?)
Error in get ublox data thread: device reports readiness to read but returned no data (device disconnected or multiple access on port?)
Error in get ublox data thread: device reports readiness to read but returned no data (device disconnected or multiple access on port?)
Error in get ublox data thread: device reports readiness to read but returned no data (device disconnected or multiple access on port?)
Error in get ublox data thread: device reports readiness to read but returned no data (device disconnected or multiple access on port?)
Error in get ublox data thread: device reports readiness to read but returned no data (device disconnected or multiple access on port?)
Error in get ublox data thread: device reports readiness to read but returned no data (device disconnected or multiple access on port?)
Error in get ublox data thread: ERROR:pyubx2.ubxreader:Message checksum b'\xc3\xc8' invalid - should be b'cr'
ERROR:pyubx2.ubxreader:Unknown protocol header b'\xb5\x02'.
ERROR:pyubx2.ubxreader:Message checksum b'06' invalid - should be b'\xbd\xad'
ERROR:pyubx2.ubxreader:Unknown protocol header b'\xb5\x01'.
ERROR:pyubx2.ubxreader:Unknown protocol header b'$\x00'.
ERROR:pyubx2.ubxreader:Unknown protocol header b'\xb5\x01'.
ERROR:pyubx2.ubxreader:Unknown protocol header b'\xb5C'.
ERROR:pyubx2.ubxreader:Unknown protocol header b'$\x07'.
ERROR:pyubx2.ubxreader:Unknown protocol header b'$+'.
ERROR:pyubx2.ubxreader:Unknown protocol header b'\xb5\x01'.
ERROR:pyubx2.ubxreader:Unknown protocol header b'\xb5\x01'.
ERROR:pyubx2.ubxreader:Unknown protocol header b'\xb5\x01'.
ERROR:pyubx2.ubxreader:Unknown protocol header b'\xb5\x01'.
ERROR:pyubx2.ubxreader:Unknown protocol header b'\xb5\x01'.
ERROR:pyubx2.ubxreader:Unknown protocol header b'$\x17'.
ERROR:pyubx2.ubxreader:Unknown protocol header b'$\xd7'.
ERROR:pyubx2.ubxreader:Unknown protocol header b'$\xd7'.
ERROR:pyubx2.ubxreader:Unknown protocol header b'\xd3\xa1'.
ERROR:pyubx2.ubxreader:Unknown protocol header b'$.'.
ERROR:pyubx2.ubxreader:Unknown protocol header b'\xd3q'.
ERROR:pyubx2.ubxreader:Unknown protocol header b'$\xd8'.
ERROR:pyubx2.ubxreader:Unknown protocol header b'\xb5\r'.
ERROR:pyubx2.ubxreader:Message checksum b'\x00\x00' invalid - should be b'I\xfa'
ERROR:pyubx2.ubxreader:Message checksum b'\x02\x00' invalid - should be b'\xfd\x98'
ERROR:pyubx2.ubxreader:Unknown protocol header b'\xb5\x02'.
ERROR:pyubx2.ubxreader:Unknown protocol header b'$\xc7'.
ERROR:pyubx2.ubxreader:Unknown protocol header b'$\xc0'.
ERROR:pyubx2.ubxreader:Unknown protocol header b'\xd3\xc8'.
ERROR:pyubx2.ubxreader:Unknown protocol header b'\xb5A'.
ERROR:pyubx2.ubxreader:Unknown protocol header b'\xd3\x98'.
ERROR:pyubx2.ubxreader:Unknown protocol header b'\xb5\x96'.
ERROR:pyubx2.ubxreader:Unknown protocol header b'\xb5\x07'.
ERROR:pyubx2.ubxreader:Unknown protocol header b'\xb5\x1c'.
ERROR:pyubx2.ubxreader:Unknown protocol header b'\xb5\x14'.
ERROR:pyubx2.ubxreader:Unknown protocol header b'\xb5\x1c'.
ERROR:pyubx2.ubxreader:Unknown protocol header b'\xb5$'.
ERROR:pyubx2.ubxreader:Unknown protocol header b'\xb5\x14'.
ERROR:pyubx2.ubxreader:Unknown protocol header b'\xb5$'.
ERROR:pyubx2.ubxreader:Unknown protocol header b'$X'.
ERROR:pyubx2.ubxreader:Unknown protocol header b'\xb5\xb5'.
ERROR:pyubx2.ubxreader:Unknown protocol header b'\xb5\xb5'.
ERROR:pyubx2.ubxreader:Unknown protocol header b'\xb5\xb5'.
ERROR:pyubx2.ubxreader:Unknown protocol header b'\xb5\x90'.
ERROR:pyubx2.ubxreader:Unknown protocol header b'\xd3%'.
ERROR:pyubx2.ubxreader:Unknown protocol header b'\xb5\xd4'.
ERROR:pyubx2.ubxreader:Unknown protocol header b'\xb5\x01'.
ERROR:pyubx2.ubxreader:Unknown protocol header b'\xb5\x01'.
ERROR:pyubx2.ubxreader:Unknown protocol header b'\xb5\x01'.
ERROR:pyubx2.ubxreader:Unknown protocol header b'\xb5\x01'.
ERROR:pyubx2.ubxreader:Unknown protocol header b'$\x00'.
ERROR:pyubx2.ubxreader:Unknown protocol header b'$+'.
ERROR:pyubx2.ubxreader:Unknown protocol header b'$\x00'.
ERROR:pyubx2.ubxreader:Unknown protocol header b'$.'.
ERROR:pyubx2.ubxreader:Unknown protocol header b'\xb5\x01'.
ERROR:pyubx2.ubxreader:Unknown protocol header b'$\x14'.
ERROR:pyubx2.ubxreader:Unknown protocol header b'\xb5\x01'.
ERROR:pyubx2.ubxreader:Unknown protocol header b'\xb5\x01'.
ERROR:pyubx2.ubxreader:Unknown protocol header b'\xd3<'.
ERROR:pyubx2.ubxreader:Unknown protocol header b'\xb5\x01'.
ERROR:pyubx2.ubxreader:Unknown protocol header b'\xb5\x01'.
ERROR:pyubx2.ubxreader:Unknown protocol header b'\xd3\xa1'.
ERROR:pyubx2.ubxreader:Unknown protocol header b'\xd3q'.
ERROR:pyubx2.ubxreader:Unknown protocol header b'\xb5\x02'.
ERROR:pyubx2.ubxreader:Unknown protocol header b'\xd3I'.
ERROR:pyubx2.ubxreader:Unknown protocol header b'\xb5\x02'.
ERROR:pyubx2.ubxreader:Unknown protocol header b'\xb5\x02'.
ERROR:pyubx2.ubxreader:Unknown protocol header b'\xb5\x02'.
ERROR:pyubx2.ubxreader:Unknown protocol header b'\xb5\x02'.
ERROR:pyubx2.ubxreader:Unknown protocol header b'\xb5\xff'.
ERROR:pyubx2.ubxreader:Message checksum b'\x00\x00' invalid - should be b'~\x80'
ERROR:pyubx2.ubxreader:Message checksum b'\x00\x00' invalid - should be b'$t'
ERROR:pyubx2.ubxreader:Message checksum b'E\xb5' invalid - should be b'Rn'
ERROR:pyubx2.ubxreader:Unknown protocol header b'$\x00'.
ERROR:pyubx2.ubxreader:Unknown protocol header b'\xb5\n'.
ERROR:pyubx2.ubxreader:Message checksum b'\x00<' invalid - should be b'Y\xe6'
ERROR:pyubx2.ubxreader:Unknown protocol header b'$#'.
ERROR:pyubx2.ubxreader:Message checksum b'\xa6A' invalid - should be b'Pl'
ERROR:pyubx2.ubxreader:Unknown protocol header b'\xd3\xd3'.
ERROR:pyubx2.ubxreader:Unknown protocol header b'$\xef'.
ERROR:pyubx2.ubxreader:Unknown protocol header b'\xd3\x98'.
ERROR:pyubx2.ubxreader:Unknown protocol header b'$w'.
ERROR:pyubx2.ubxreader:Unknown protocol header b'$\x9d'.
ERROR:pyubx2.ubxreader:Unknown protocol header b'\xd3['.
ERROR:pyubx2.ubxreader:Unknown protocol header b'\xb5\x81'.
ERROR:pyubx2.ubxreader:Unknown protocol header b'$\xaa'.
ERROR:pyubx2.ubxreader:Message checksum b'\xac\xb5' invalid - should be b'\xc6\xb5'
ERROR:pyubx2.ubxreader:Unknown protocol header b'$\x00'.
ERROR:pyubx2.ubxreader:Unknown protocol header b'\xb5\x01'.
ERROR:pyubx2.ubxreader:Unknown protocol header b'\xb5\x01'.
ERROR:pyubx2.ubxreader:Message checksum b'\xb5b' invalid - should be b'\x00\x00'
ERROR:pyubx2.ubxreader:Unknown protocol header b'\xb5\xb5'.
ERROR:pyubx2.ubxreader:Unknown protocol header b'\xb5\x01'.
ERROR:pyubx2.ubxreader:Unknown protocol header b'$\x00'.
ERROR:pyubx2.ubxreader:Unknown protocol header b'\xb5\x01'.
ERROR:pyubx2.ubxreader:Unknown protocol header b'$Q'.
ERROR:pyubx2.ubxreader:Unknown protocol header b'$+'.
ERROR:pyubx2.ubxreader:Unknown protocol header b'\xb5\x01'.
ERROR:pyubx2.ubxreader:Unknown protocol header b'$\x05'.
ERROR:pyubx2.ubxreader:Unknown protocol header b'\xb5\x01'.
ERROR:pyubx2.ubxreader:Unknown protocol header b'$\x00'.
ERROR:pyubx2.ubxreader:Unknown protocol header b'\xb5\x01'.
ERROR:pyubx2.ubxreader:Unknown protocol header b'\xb5\x01'.
ERROR:pyubx2.ubxreader:Unknown protocol header b'\xb5\x01'.
ERROR:pyubx2.ubxreader:Unknown protocol header b'\xb5\x01'.
ERROR:pyubx2.ubxreader:Unknown protocol header b'\xb5\x01'.
ERROR:pyubx2.ubxreader:Unknown protocol header b'\xb5\x01'.
ERROR:pyubx2.ubxreader:Unknown protocol header b'\xb5\x01'.
ERROR:pyubx2.ubxreader:Unknown protocol header b'\xb5\x01'.
ERROR:pyubx2.ubxreader:Unknown protocol header b'\xb5\x01'.
ERROR:pyubx2.ubxreader:Unknown protocol header b'\xb5\x01'.
ERROR:pyubx2.ubxreader:Unknown protocol header b'\xb5\x01'.
ERROR:pyubx2.ubxreader:Unknown protocol header b'\xb5\x01'.
ERROR:pyubx2.ubxreader:Unknown protocol header b'\xb5\x01'.
ERROR:pyubx2.ubxreader:Unknown protocol header b'\xb5\x01'.
ERROR:pyubx2.ubxreader:Unknown protocol header b"\xb5'".
ERROR:pyubx2.ubxreader:Unknown protocol header b'\xd3\x1c'.
ERROR:pyubx2.ubxreader:Unknown protocol header b'\xd3\x91'.
ERROR:pyubx2.ubxreader:Unknown protocol header b'\xd3D'.
ERROR:pyubx2.ubxreader:Unknown protocol header b'$7'.
ERROR:pyubx2.ubxreader:Unknown protocol header b'\xd3q'.
ERROR:pyubx2.ubxreader:Unknown protocol header b'$\x17'.
ERROR:pyubx2.ubxreader:Unknown protocol header b'\xd3D'.
ERROR:pyubx2.ubxreader:Unknown protocol header b'$\xc6'.
ERROR:pyubx2.ubxreader:Unknown protocol header b'\xb5\x84'.
ERROR:pyubx2.ubxreader:Unknown protocol header b'$.'.
ERROR:pyubx2.ubxreader:Unknown protocol header b'\xd3\xa1'.
ERROR:pyubx2.ubxreader:Unknown protocol header b'\xd3D'.
ERROR:pyubx2.ubxreader:Unknown protocol header b'\xd3q'.
ERROR:pyubx2.ubxreader:Unknown protocol header b'\xb5\r'.
ERROR:pyubx2.ubxreader:Unknown protocol header b'$\x00'.
ERROR:pyubx2.ubxreader:Unknown protocol header b'\xb5\x02'.
ERROR:pyubx2.ubxreader:Unknown protocol header b'\xb5\n'.
ERROR:pyubx2.ubxreader:Unknown protocol header b'\xb5\n'.
ERROR:pyubx2.ubxreader:Unknown protocol header b'\xb5\n'.
ERROR:pyubx2.ubxreader:Unknown protocol header b'\xb5\n'.
ERROR:pyubx2.ubxreader:Unknown protocol header b'\xb5\n'.
ERROR:pyubx2.ubxreader:Unknown protocol header b'$\x00'.
ERROR:pyubx2.ubxreader:Unknown protocol header b'\xb5\n'.
ERROR:pyubx2.ubxreader:Unknown protocol header b'$\x02'.
ERROR:pyubx2.ubxreader:Unknown protocol header b'$\x01'.
ERROR:pyubx2.ubxreader:Unknown protocol header b"\xb5'".
ERROR:pyubx2.ubxreader:Unknown protocol header b'\xb5\x02'.
ERROR:pyubx2.ubxreader:Unknown protocol header b'\xd3\xd1'.
ERROR:pyubx2.ubxreader:Unknown protocol header b'\xb5\x81'.
ERROR:pyubx2.ubxreader:Unknown protocol header b'$\xcf'.
ERROR:pyubx2.ubxreader:Unknown protocol header b'\xb5\x02'.
ERROR:pyubx2.ubxreader:Message checksum b'SV' invalid - should be b'\xfeZ'
ERROR:pyubx2.ubxreader:Unknown protocol header b'$Q'.
ERROR:pyubx2.ubxreader:Unknown protocol header b'$\x00'.
ERROR:pyubx2.ubxreader:Unknown protocol header b'\xb5C'.
ERROR:pyubx2.ubxreader:Unknown protocol header b'$\x07'.
ERROR:pyubx2.ubxreader:Unknown protocol header b'\xb5\x01'.
ERROR:pyubx2.ubxreader:Unknown protocol header b'$\x14'.
ERROR:pyubx2.ubxreader:Unknown protocol header b'\xb5\x01'.
ERROR:pyubx2.ubxreader:Unknown protocol header b'\xb5\x01'.
ERROR:pyubx2.ubxreader:Unknown protocol header b'\xb5\x01'.
ERROR:pyubx2.ubxreader:Unknown protocol header b'\xb5\x01'.
ERROR:pyubx2.ubxreader:Unknown protocol header b'\xb5\x01'.
ERROR:pyubx2.ubxreader:Unknown protocol header b'\xb5\x01'.
ERROR:pyubx2.ubxreader:Unknown protocol header b'\xb5\x01'.
ERROR:pyubx2.ubxreader:Unknown protocol header b'\xb5\x01'.
ERROR:pyubx2.ubxreader:Unknown protocol header b'\xd3\x16'.
ERROR:pyubx2.ubxreader:Unknown protocol header b'$%'.
ERROR:pyubx2.ubxreader:Unknown protocol header b'$\xd7'.
ERROR:pyubx2.ubxreader:Unknown protocol header b'$.'.
ERROR:pyubx2.ubxreader:Unknown protocol header b'\xd3q'.
ERROR:pyubx2.ubxreader:Unknown protocol header b'$\x17'.
ERROR:pyubx2.ubxreader:Unknown protocol header b'\xd3q'.
ERROR:pyubx2.ubxreader:Unknown protocol header b'$.'.
ERROR:pyubx2.ubxreader:Message checksum b'\xd7\xb5' invalid - should be b'\xe2\x8b'
ERROR:pyubx2.ubxreader:Message checksum b'\x94b' invalid - should be b'\xb6\xc6'
ERROR:pyubx2.ubxreader:Message checksum b'\x94\xb5' invalid - should be b'\x99\xba'
ERROR:pyubx2.ubxreader:Message checksum b'\x03\xb5' invalid - should be b'F\xd3'
ERROR:pyubx2.ubxreader:Unknown protocol header b'$\x00'.
ERROR:pyubx2.ubxreader:Unknown protocol header b'\xb5\x00'.
ERROR:pyubx2.ubxreader:Unknown protocol header b'\xb5\x01'.
ERROR:pyubx2.ubxreader:Unknown protocol header b'$$'.
ERROR:pyubx2.ubxreader:Unknown protocol header b'\xb5\x00'.
ERROR:pyubx2.ubxreader:Message checksum b'\x01C' invalid - should be b'\xdc\x04'
ERROR:pyubx2.ubxreader:Unknown protocol header b'\xb5\x01'.
ERROR:pyubx2.ubxreader:Unknown protocol header b'\xb5\x01'.
ERROR:pyubx2.ubxreader:Unknown protocol header b'\xb5\x01'.
ERROR:pyubx2.ubxreader:Unknown protocol header b'$\x14'.
ERROR:pyubx2.ubxreader:Unknown protocol header b'\xb5\x01'.
ERROR:pyubx2.ubxreader:Unknown protocol header b'\xb5\x01'.
ERROR:pyubx2.ubxreader:Unknown protocol header b'\xb5\x01'.
ERROR:pyubx2.ubxreader:Unknown protocol header b'\xb5\x01'.
ERROR:pyubx2.ubxreader:Unknown protocol header b'\xb5\x01'.
ERROR:pyubx2.ubxreader:Unknown protocol header b'\xb5\x01'.
ERROR:pyubx2.ubxreader:Unknown protocol header b'\xb5\x01'.
ERROR:pyubx2.ubxreader:Unknown protocol header b'\xb5\x01'.
ERROR:pyubx2.ubxreader:Unknown protocol header b'\xb5\x01'.
ERROR:pyubx2.ubxreader:Unknown protocol header b'\xd3*'.
ERROR:pyubx2.ubxreader:Unknown protocol header b'\xd3q'.
ERROR:pyubx2.ubxreader:Unknown protocol header b'$\xf7'.
ERROR:pyubx2.ubxreader:Unknown protocol header b'$7'.
ERROR:pyubx2.ubxreader:Unknown protocol header b'\xd3q'.
ERROR:pyubx2.ubxreader:Unknown protocol header b'$\x17'.
ERROR:pyubx2.ubxreader:Unknown protocol header b'\xb5\x84'.
ERROR:pyubx2.ubxreader:Unknown protocol header b'$\x12'.
ERROR:pyubx2.ubxreader:Unknown protocol header b'\xd3\x11'.
ERROR:pyubx2.ubxreader:Unknown protocol header b'\xb5\x02'.
ERROR:pyubx2.ubxreader:Unknown protocol header b'\xb5\x02'.
ERROR:pyubx2.ubxreader:Unknown protocol header b'\xb5\n'.
ERROR:pyubx2.ubxreader:Unknown protocol header b'$\x01'.
ERROR:pyubx2.ubxreader:Unknown protocol header b'\xb5\x02'.
ERROR:pyubx2.ubxreader:Unknown protocol header b'\xd3v'.
ERROR:pyubx2.ubxreader:Unknown protocol header b'$\x08'.
ERROR:pyubx2.ubxreader:Unknown protocol header b'$\x06'.
ERROR:pyubx2.ubxreader:Unknown protocol header b'\xb5\x02'.
ERROR:pyubx2.ubxreader:Unknown protocol header b'\xb5\x02'.
ERROR:pyubx2.ubxreader:Unknown protocol header b'\xb5\x89'.
ERROR:pyubx2.ubxreader:Unknown protocol header b'\xd3\xa5'.
ERROR:pyubx2.ubxreader:Unknown protocol header b'\xb5\x02'.
ERROR:pyubx2.ubxreader:Unknown protocol header b'\xb5\x02'.
ERROR:pyubx2.ubxreader:Unknown protocol header b'\xb5\x02'.
ERROR:pyubx2.ubxreader:Unknown protocol header b'\xb5\x02'.
ERROR:pyubx2.ubxreader:Unknown protocol header b'$\n'.
ERROR:pyubx2.ubxreader:Unknown protocol header b'\xb5\x02'.
ERROR:pyubx2.ubxreader:Unknown protocol header b'\xb5\x02'.
ERROR:pyubx2.ubxreader:Unknown protocol header b'\xb5\x02'.
ERROR:pyubx2.ubxreader:Unknown protocol header b'\xb5\x02'.
ERROR:pyubx2.ubxreader:Unknown protocol header b'\xb5\x02'.
ERROR:pyubx2.ubxreader:Unknown protocol header b'\xb5\x02'.
ERROR:pyubx2.ubxreader:Unknown protocol header b'\xb5\x02'.
ERROR:pyubx2.ubxreader:Unknown protocol header b'\xb5\x02'.
ERROR:pyubx2.ubxreader:Unknown protocol header b'\xb5\x02'.
ERROR:pyubx2.ubxreader:Unknown protocol header b'\xb5\x02'.
ERROR:pyubx2.ubxreader:Unknown protocol header b'\xb5\x02'.
ERROR:pyubx2.ubxreader:Unknown protocol header b'\xb5\x02'.
ERROR:pyubx2.ubxreader:Unknown protocol header b'\xb5\x02'.
ERROR:pyubx2.ubxreader:Unknown protocol header b'\xb5\x02'.
ERROR:pyubx2.ubxreader:Unknown protocol header b'\xb5\x02'.
ERROR:pyubx2.ubxreader:Unknown protocol header b'\xb5\x02'.
ERROR:pyubx2.ubxreader:Unknown protocol header b'\xb5\x02'.
ERROR:pyubx2.ubxreader:Unknown protocol header b'\xb5\x01'.
ERROR:pyubx2.ubxreader:Unknown protocol header b'\xb5\x00'.
ERROR:pyubx2.ubxreader:Unknown protocol header b'$\x00'.
ERROR:pyubx2.ubxreader:Unknown protocol header b'\xb5\xf7'.
ERROR:pyubx2.ubxreader:Unknown protocol header b'$+'.
ERROR:pyubx2.ubxreader:Unknown protocol header b'$\x00'.
ERROR:pyubx2.ubxreader:Unknown protocol header b'$\x14'.
ERROR:pyubx2.ubxreader:Unknown protocol header b'\xb5\x01'.
ERROR:pyubx2.ubxreader:Unknown protocol header b'\xb5\x01'.
ERROR:pyubx2.ubxreader:Unknown protocol header b'\xb5\x01'.
ERROR:pyubx2.ubxreader:Unknown protocol header b'\xb5\x01'.
ERROR:pyubx2.ubxreader:Unknown protocol header b'\xb5\x01'.
ERROR:pyubx2.ubxreader:Unknown protocol header b'\xb5\x01'.
ERROR:pyubx2.ubxreader:Unknown protocol header b'\xb5\x01'.
ERROR:pyubx2.ubxreader:Unknown protocol header b'\xb5\x01'.
ERROR:pyubx2.ubxreader:Unknown protocol header b'\xb5\x01'.
ERROR:pyubx2.ubxreader:Unknown protocol header b'\xb5\x01'.
ERROR:pyubx2.ubxreader:Unknown protocol header b'\xb5\x01'.
ERROR:pyubx2.ubxreader:Unknown protocol header b'\xb5\x01'.
ERROR:pyubx2.ubxreader:Unknown protocol header b'\xd3)'.
ERROR:pyubx2.ubxreader:Unknown protocol header b'\xd3\x11'.
ERROR:pyubx2.ubxreader:Unknown protocol header b'$7'.
ERROR:pyubx2.ubxreader:Unknown protocol header b'\xd3q'.
ERROR:pyubx2.ubxreader:Unknown protocol header b'\xd3D'.
ERROR:pyubx2.ubxreader:Unknown protocol header b'$\xf7'.
ERROR:pyubx2.ubxreader:Unknown protocol header b'\xd3q'.
ERROR:pyubx2.ubxreader:Unknown protocol header b'\xd3D'.
ERROR:pyubx2.ubxreader:Unknown protocol header b'\xd3q'.
ERROR:pyubx2.ubxreader:Unknown protocol header b'\xb5\r'.
ERROR:pyubx2.ubxreader:Unknown protocol header b'\xb5\x02'.
ERROR:pyubx2.ubxreader:Unknown protocol header b'\xb5\x00'.
ERROR:pyubx2.ubxreader:Unknown protocol header b'\xb5\x02'.
ERROR:pyubx2.ubxreader:Unknown protocol header b'\xb5\n'.
ERROR:pyubx2.ubxreader:Unknown protocol header b'\xb5\n'.
ERROR:pyubx2.ubxreader:Unknown protocol header b'\xb5\n'.
ERROR:pyubx2.ubxreader:Unknown protocol header b'\xb5\n'.
ERROR:pyubx2.ubxreader:Unknown protocol header b'\xb5\n'.
ERROR:pyubx2.ubxreader:Unknown protocol header b'\xb5\n'.
ERROR:pyubx2.ubxreader:Unknown protocol header b'$\x00'.
ERROR:pyubx2.ubxreader:Unknown protocol header b'\xb5\n'.
ERROR:pyubx2.ubxreader:Unknown protocol header b'\xb5\n'.
ERROR:pyubx2.ubxreader:Unknown protocol header b'$\x01'.
ERROR:pyubx2.ubxreader:Unknown protocol header b'$\n'.
ERROR:pyubx2.ubxreader:Unknown protocol header b'$1'.
ERROR:pyubx2.ubxreader:Unknown protocol header b'$\xce'.
ERROR:pyubx2.ubxreader:Unknown protocol header b'$\xc2'.
ERROR:pyubx2.ubxreader:Unknown protocol header b'$\x00'.
ERROR:pyubx2.ubxreader:Unknown protocol header b'$O'.
ERROR:pyubx2.ubxreader:Unknown protocol header b'\xd3y'.
ERROR:pyubx2.ubxreader:Unknown protocol header b'$\x01'.
ERROR:pyubx2.ubxreader:Unknown protocol header b'\xb5\x01'.
ERROR:pyubx2.ubxreader:Unknown protocol header b'\xb5\x01'.
ERROR:pyubx2.ubxreader:Message checksum b'\x8f\x8f' invalid - should be b'\xf4\xc3'
ERROR:pyubx2.ubxreader:Unknown protocol header b'\xd3\xf8'.
ERROR:pyubx2.ubxreader:Unknown protocol header b'\xb5\xb5'.
ERROR:pyubx2.ubxreader:Unknown protocol header b'\xb5\x02'.
ERROR:pyubx2.ubxreader:Unknown protocol header b'\xb5\x01'.
ERROR:pyubx2.ubxreader:Unknown protocol header b'\xb5\x01'.
ERROR:pyubx2.ubxreader:Unknown protocol header b'\xb5\x01'.
ERROR:pyubx2.ubxreader:Unknown protocol header b'\xb5\x00'.
ERROR:pyubx2.ubxreader:Unknown protocol header b'\xb5\x01'.
ERROR:pyubx2.ubxreader:Unknown protocol header b'$Q'.
ERROR:pyubx2.ubxreader:Unknown protocol header b'\xb5\x01'.
ERROR:pyubx2.ubxreader:Unknown protocol header b'$+'.
ERROR:pyubx2.ubxreader:Unknown protocol header b'$\x00'.
ERROR:pyubx2.ubxreader:Unknown protocol header b'$\x05'.
ERROR:pyubx2.ubxreader:Unknown protocol header b'$\x00'.
ERROR:pyubx2.ubxreader:Unknown protocol header b'$\xff'.
ERROR:pyubx2.ubxreader:Unknown protocol header b'$\x00'.
ERROR:pyubx2.ubxreader:Unknown protocol header b'$\x00'.
ERROR:pyubx2.ubxreader:Unknown protocol header b'\xb5\x01'.
ERROR:pyubx2.ubxreader:Unknown protocol header b'\xb5\x01'.
ERROR:pyubx2.ubxreader:Unknown protocol header b'\xb5\x01'.
ERROR:pyubx2.ubxreader:Unknown protocol header b'\xb5\x01'.
ERROR:pyubx2.ubxreader:Unknown protocol header b'\xb5\x01'.
ERROR:pyubx2.ubxreader:Unknown protocol header b'\xb5\x01'.
ERROR:pyubx2.ubxreader:Unknown protocol header b'\xb5\x01'.
ERROR:pyubx2.ubxreader:Unknown protocol header b'\xb5\x01'.
ERROR:pyubx2.ubxreader:Unknown protocol header b'\xb5\x01'.
ERROR:pyubx2.ubxreader:Unknown protocol header b'\xb5\x01'.
ERROR:pyubx2.ubxreader:Unknown protocol header b'\xb5\x01'.
ERROR:pyubx2.ubxreader:Unknown protocol header b'\xb5\x01'.
ERROR:pyubx2.ubxreader:Unknown protocol header b'\xb5\x01'.
ERROR:pyubx2.ubxreader:Unknown protocol header b'\xb5\x01'.
ERROR:pyubx2.ubxreader:Unknown protocol header b'\xb5\x01'.
ERROR:pyubx2.ubxreader:Unknown protocol header b'\xb5\x01'.
ERROR:pyubx2.ubxreader:Unknown protocol header b'\xd3D'.
ERROR:pyubx2.ubxreader:Unknown protocol header b'$\x17'.
ERROR:pyubx2.ubxreader:Unknown protocol header b'\xd3q'.
ERROR:pyubx2.ubxreader:Unknown protocol header b'\xb5\x02'.
ERROR:pyubx2.ubxreader:Unknown protocol header b'\xb5\x02'.
ERROR:pyubx2.ubxreader:Unknown protocol header b'\xb5\x02'.
ERROR:pyubx2.ubxreader:Unknown protocol header b'\xb5\n'.
ERROR:pyubx2.ubxreader:Unknown protocol header b'\xb5\n'.
ERROR:pyubx2.ubxreader:Unknown protocol header b'\xb5\n'.
ERROR:pyubx2.ubxreader:Unknown protocol header b'\xb5\x02'.
ERROR:pyubx2.ubxreader:Unknown protocol header b'$\x01'.
ERROR:pyubx2.ubxreader:Unknown protocol header b"\xb5'".
ERROR:pyubx2.ubxreader:Unknown protocol header b'$\x06'.
ERROR:pyubx2.ubxreader:Unknown protocol header b'\xb5z'.
ERROR:pyubx2.ubxreader:Unknown protocol header b'\xb5\xde'.
ERROR:pyubx2.ubxreader:Unknown protocol header b'\xd3y'.
ERROR:pyubx2.ubxreader:Unknown protocol header b'\xb5\xc4'.
ERROR:pyubx2.ubxreader:Unknown protocol header b'$\x00'.
ERROR:pyubx2.ubxreader:Unknown protocol header b'\xb5\x01'.
ERROR:pyubx2.ubxreader:Unknown protocol header b'\xb5\xb5'.
ERROR:pyubx2.ubxreader:Unknown protocol header b'\xb5\xb5'.
device reports readiness to read but returned no data (device disconnected or multiple access on port?)
Error in get ublox data thread: device reports readiness to read but returned no data (device disconnected or multiple access on port?)
Error in get ublox data thread: device reports readiness to read but returned no data (device disconnected or multiple access on port?)
Error in get ublox data thread: device reports readiness to read but returned no data (device disconnected or multiple access on port?)
Error in get ublox data thread: device reports readiness to read but returned no data (device disconnected or multiple access on port?)
Error in get ublox data thread: device reports readiness to read but returned no data (device disconnected or multiple access on port?)
Error in get ublox data thread: device reports readiness to read but returned no data (device disconnected or multiple access on port?)
Error in get ublox data thread: device reports readiness to read but returned no data (device disconnected or multiple access on port?)
Error in get ublox data thread: device reports readiness to read but returned no data (device disconnected or multiple access on port?)
Error in get ublox data thread: device reports readiness to read but returned no data (device disconnected or multiple access on port?)
Error in get ublox data thread: device reports readiness to read but returned no data (device disconnected or multiple access on port?)
Error in get ublox data thread: device reports readiness to read but returned no data (device disconnected or multiple access on port?)
Error in get ublox data thread: device reports readiness to read but returned no data (device disconnected or multiple access on port?)
Error in get ublox data thread: device reports readiness to read but returned no data (device disconnected or multiple access on port?)
Error in get ublox data thread: device reports readiness to read but returned no data (device disconnected or multiple access on port?)
Error in get ublox data thread: device reports readiness to read but returned no data (device disconnected or multiple access on port?)
Error in get ublox data thread: device reports readiness to read but returned no data (device disconnected or multiple access on port?)
Error in get ublox data thread: device reports readiness to read but returned no data (device disconnected or multiple access on port?)
Error in get ublox data thread: device reports readiness to read but returned no data (device disconnected or multiple access on port?)
Error in get ublox data thread: device reports readiness to read but returned no data (device disconnected or multiple access on port?)
Error in get ublox data thread: device reports readiness to read but returned no data (device disconnected or multiple access on port?)
Error in get ublox data thread: device reports readiness to read but returned no data (device disconnected or multiple access on port?)
Error in get ublox data thread: device reports readiness to read but returned no data (device disconnected or multiple access on port?)
Error in get ublox data thread: device reports readiness to read but returned no data (device disconnected or multiple access on port?)
Error in get ublox data thread: device reports readiness to read but returned no data (device disconnected or multiple access on port?)
Error in get ublox data thread: device reports readiness to read but returned no data (device disconnected or multiple access on port?)
Error in get ublox data thread: device reports readiness to read but returned no data (device disconnected or multiple access on port?)
Error in get ublox data thread: device reports readiness to read but returned no data (device disconnected or multiple access on port?)
Error in get ublox data thread: device reports readiness to read but returned no data (device disconnected or multiple access on port?)
Error in get ublox data thread: device reports readiness to read but returned no data (device disconnected or multiple access on port?)
Error in get ublox data thread: device reports readiness to read but returned no data (device disconnected or multiple access on port?)
Error in get ublox data thread: device reports readiness to read but returned no data (device disconnected or multiple access on port?)
Error in get ublox data thread: device reports readiness to read but returned no data (device disconnected or multiple access on port?)
Error in get ublox data thread: device reports readiness to read but returned no data (device disconnected or multiple access on port?)
Error in get ublox data thread: device reports readiness to read but returned no data (device disconnected or multiple access on port?)
Error in get ublox data thread: device reports readiness to read but returned no data (device disconnected or multiple access on port?)
Error in get ublox data thread: device reports readiness to read but returned no data (device disconnected or multiple access on port?)
Error in get ublox data thread: device reports readiness to read but returned no data (device disconnected or multiple access on port?)
Error in get ublox data thread: device reports readiness to read but returned no data (device disconnected or multiple access on port?)
Error in get ublox data thread: device reports readiness to read but returned no data (device disconnected or multiple access on port?)
Error in get ublox data thread: device reports readiness to read but returned no data (device disconnected or multiple access on port?)
Error in get ublox data thread: device reports readiness to read but returned no data (device disconnected or multiple access on port?)
Error in get ublox data thread: device reports readiness to read but returned no data (device disconnected or multiple access on port?)
Error in get ublox data thread: device reports readiness to read but returned no data (device disconnected or multiple access on port?)
Error in get ublox data thread: device reports readiness to read but returned no data (device disconnected or multiple access on port?)
Error in get ublox data thread: device reports readiness to read but returned no data (device disconnected or multiple access on port?)
Error in get ublox data thread: device reports readiness to read but returned no data (device disconnected or multiple access on port?)
Error in get ublox data thread: device reports readiness to read but returned no data (device disconnected or multiple access on port?)
Error in get ublox data thread: device reports readiness to read but returned no data (device disconnected or multiple access on port?)
Error in get ublox data thread: device reports readiness to read but returned no data (device disconnected or multiple access on port?)
Error in get ublox data thread: device reports readiness to read but returned no data (device disconnected or multiple access on port?)
Error in get ublox data thread: device reports readiness to read but returned no data (device disconnected or multiple access on port?)
Error in get ublox data thread: device reports readiness to read but returned no data (device disconnected or multiple access on port?)
Error in get ublox data thread: device reports readiness to read but returned no data (device disconnected or multiple access on port?)
Error in get ublox data thread: device reports readiness to read but returned no data (device disconnected or multiple access on port?)
Error in get ublox data thread: device reports readiness to read but returned no data (device disconnected or multiple access on port?)
Error in get ublox data thread: device reports readiness to read but returned no data (device disconnected or multiple access on port?)
Error in get ublox data thread: device reports readiness to read but returned no data (device disconnected or multiple access on port?)
Error in get ublox data thread: device reports readiness to read but returned no data (device disconnected or multiple access on port?)
Error in get ublox data thread: device reports readiness to read but returned no data (device disconnected or multiple access on port?)
Error in get ublox data thread: ERROR:pyubx2.ubxreader:Unknown protocol header b'\xb5\xb5'.
ERROR:pyubx2.ubxreader:Unknown protocol header b'$$'.
ERROR:pyubx2.ubxreader:Unknown protocol header b'$$'.
ERROR:pyubx2.ubxreader:Unknown protocol header b'$$'.
ERROR:pyubx2.ubxreader:Unknown protocol header b'$$'.
ERROR:pyubx2.ubxreader:Unknown protocol header b'$\xb5'.
ERROR:pyubx2.ubxreader:Unknown protocol header b'$\t'.
ERROR:pyubx2.ubxreader:Message checksum b'\xb5b' invalid - should be b'\x82\xcf'
ERROR:pyubx2.ubxreader:Unknown protocol header b'$\x00'.
ERROR:pyubx2.ubxreader:Unknown protocol header b'\xb5\x04'.
ERROR:pyubx2.ubxreader:Unknown protocol header b'\xb5 '.
ERROR:pyubx2.ubxreader:Unknown protocol header b'$\x14'.
ERROR:pyubx2.ubxreader:Unknown protocol header b'\xb5!'.
ERROR:pyubx2.ubxreader:Unknown protocol header b'\xb5&'.
ERROR:pyubx2.ubxreader:Unknown protocol header b'\xb5\xb5'.
ERROR:pyubx2.ubxreader:Unknown protocol header b'\xb5\x91'.
ERROR:pyubx2.ubxreader:Unknown protocol header b'\xb5x'.
ERROR:pyubx2.ubxreader:Unknown protocol header b'\xb5\n'.
ERROR:pyubx2.ubxreader:Unknown protocol header b'\xb5\n'.
ERROR:pyubx2.ubxreader:Unknown protocol header b'\xb5\n'.
ERROR:pyubx2.ubxreader:Unknown protocol header b'\xb5\n'.
ERROR:pyubx2.ubxreader:Unknown protocol header b'\xb5\x02'.
ERROR:pyubx2.ubxreader:Unknown protocol header b'\xb5\x02'.
ERROR:pyubx2.ubxreader:Unknown protocol header b'$\xa8'.
ERROR:pyubx2.ubxreader:Unknown protocol header b'\xd3\xff'.
ERROR:pyubx2.ubxreader:Unknown protocol header b"\xb5'".
ERROR:pyubx2.ubxreader:Unknown protocol header b'$\x03'.
ERROR:pyubx2.ubxreader:Unknown protocol header b'\xd3\x7f'.
ERROR:pyubx2.ubxreader:Unknown protocol header b'\xd3\x83'.
ERROR:pyubx2.ubxreader:Unknown protocol header b'\xb5\x94'.
ERROR:pyubx2.ubxreader:Unknown protocol header b'\xd3\xdd'.
ERROR:pyubx2.ubxreader:Unknown protocol header b'\xb5\x02'.
ERROR:pyubx2.ubxreader:Message checksum b'\x00\x00' invalid - should be b'C\xdc'
ERROR:pyubx2.ubxreader:Unknown protocol header b'\xb5\xb5'.
ERROR:pyubx2.ubxreader:Unknown protocol header b'\xd3\xdd'.
ERROR:pyubx2.ubxreader:Unknown protocol header b'\xb5\x02'.
ERROR:pyubx2.ubxreader:Unknown protocol header b'\xd3\xdd'.
ERROR:pyubx2.ubxreader:Unknown protocol header b'\xb5\x02'.
ERROR:pyubx2.ubxreader:Unknown protocol header b'\xb5\x02'.
ERROR:pyubx2.ubxreader:Unknown protocol header b'\xb5\x02'.
ERROR:pyubx2.ubxreader:Unknown protocol header b'\xb5\x02'.
ERROR:pyubx2.ubxreader:Unknown protocol header b'\xb5\x02'.
ERROR:pyubx2.ubxreader:Unknown protocol header b'\xb5\x02'.
ERROR:pyubx2.ubxreader:Unknown protocol header b'\xb5\x02'.
ERROR:pyubx2.ubxreader:Unknown protocol header b'\xb5\x02'.
ERROR:pyubx2.ubxreader:Unknown protocol header b'\xb5\x02'.
ERROR:pyubx2.ubxreader:Unknown protocol header b'\xb5\x02'.
ERROR:pyubx2.ubxreader:Unknown protocol header b'\xb5\x02'.
ERROR:pyubx2.ubxreader:Unknown protocol header b'\xb5\x02'.
ERROR:pyubx2.ubxreader:Unknown protocol header b'\xb5\x02'.
ERROR:pyubx2.ubxreader:Unknown protocol header b'\xb5\x02'.
ERROR:pyubx2.ubxreader:Unknown protocol header b'\xb5\x02'.
ERROR:pyubx2.ubxreader:Unknown protocol header b'\xb5\x02'.
ERROR:pyubx2.ubxreader:Unknown protocol header b'\xb5\x02'.
ERROR:pyubx2.ubxreader:Unknown protocol header b'\xb5\x01'.
ERROR:pyubx2.ubxreader:Unknown protocol header b'\xb5\x01'.
ERROR:pyubx2.ubxreader:Unknown protocol header b'\xb5\x01'.
ERROR:pyubx2.ubxreader:Unknown protocol header b'\xb5\x01'.
ERROR:pyubx2.ubxreader:Unknown protocol header b'\xb5\x01'.
ERROR:pyubx2.ubxreader:Unknown protocol header b'$\x00'.
ERROR:pyubx2.ubxreader:Unknown protocol header b'$0'.
ERROR:pyubx2.ubxreader:Unknown protocol header b'\xb5\x01'.
ERROR:pyubx2.ubxreader:Unknown protocol header b'$\x01'.
ERROR:pyubx2.ubxreader:Unknown protocol header b'$\x00'.
ERROR:pyubx2.ubxreader:Unknown protocol header b'\xb5\x01'.
ERROR:pyubx2.ubxreader:Unknown protocol header b'\xb5\x01'.
ERROR:pyubx2.ubxreader:Unknown protocol header b'\xb5\x01'.
ERROR:pyubx2.ubxreader:Unknown protocol header b'$\x00'.
ERROR:pyubx2.ubxreader:Unknown protocol header b'\xb5\x01'.
ERROR:pyubx2.ubxreader:Unknown protocol header b'\xb5\x01'.
ERROR:pyubx2.ubxreader:Unknown protocol header b'\xb5\x01'.
ERROR:pyubx2.ubxreader:Unknown protocol header b'\xb5\x01'.
ERROR:pyubx2.ubxreader:Unknown protocol header b'\xb5\x01'.
ERROR:pyubx2.ubxreader:Unknown protocol header b'\xb5\x01'.
ERROR:pyubx2.ubxreader:Unknown protocol header b'\xb5\x01'.
ERROR:pyubx2.ubxreader:Unknown protocol header b'\xb5\x90'.
ERROR:pyubx2.ubxreader:Unknown protocol header b'\xb5\x01'.
ERROR:pyubx2.ubxreader:Unknown protocol header b'$\xb5'.
ERROR:pyubx2.ubxreader:Unknown protocol header b'\xb5\x01'.
ERROR:pyubx2.ubxreader:Unknown protocol header b'\xb5\x01'.
ERROR:pyubx2.ubxreader:Unknown protocol header b'\xb5\x01'.
ERROR:pyubx2.ubxreader:Unknown protocol header b"\xb5'".
ERROR:pyubx2.ubxreader:Unknown protocol header b'\xd3q'.
ERROR:pyubx2.ubxreader:Unknown protocol header b'$\x97'.
ERROR:pyubx2.ubxreader:Unknown protocol header b'$w'.
ERROR:pyubx2.ubxreader:Unknown protocol header b'$.'.
ERROR:pyubx2.ubxreader:Unknown protocol header b'$\xf7'.
ERROR:pyubx2.ubxreader:Unknown protocol header b'\xb5\n'.
ERROR:pyubx2.ubxreader:Unknown protocol header b'\xb5\n'.
ERROR:pyubx2.ubxreader:Unknown protocol header b'\xb5\n'.
ERROR:pyubx2.ubxreader:Unknown protocol header b'$\x02'.
ERROR:pyubx2.ubxreader:Unknown protocol header b'\xd3\x10'.
ERROR:pyubx2.ubxreader:Unknown protocol header b'$\x9d'.
ERROR:pyubx2.ubxreader:Unknown protocol header b'$-'.
ERROR:pyubx2.ubxreader:Unknown protocol header b'$\xff'.
ERROR:pyubx2.ubxreader:Unknown protocol header b'$\xfd'.
ERROR:pyubx2.ubxreader:Message checksum b'\xa5A' invalid - should be b'8\xac'
ERROR:pyubx2.ubxreader:Unknown protocol header b'$\x03'.
ERROR:pyubx2.ubxreader:Unknown protocol header b'\xd3u'.
ERROR:pyubx2.ubxreader:Unknown protocol header b'\xd3\x9b'.
ERROR:pyubx2.ubxreader:Unknown protocol header b'\xd3\x96'.
ERROR:pyubx2.ubxreader:Unknown protocol header b'$\x03'.
ERROR:pyubx2.ubxreader:Unknown protocol header b'$\\'.
ERROR:pyubx2.ubxreader:Unknown protocol header b'\xd3\x7f'.
ERROR:pyubx2.ubxreader:Unknown protocol header b'\xb5\x01'.
ERROR:pyubx2.ubxreader:Unknown protocol header b'\xb5\x01'.
ERROR:pyubx2.ubxreader:Unknown protocol header b'$\x00'.
ERROR:pyubx2.ubxreader:Unknown protocol header b'$$'.
ERROR:pyubx2.ubxreader:Unknown protocol header b'$\x00'.
ERROR:pyubx2.ubxreader:Unknown protocol header b'$\x05'.
ERROR:pyubx2.ubxreader:Unknown protocol header b'$\x00'.
ERROR:pyubx2.ubxreader:Unknown protocol header b'\xb5\x01'.
ERROR:pyubx2.ubxreader:Unknown protocol header b'$\x00'.
ERROR:pyubx2.ubxreader:Unknown protocol header b'$\x00'.
ERROR:pyubx2.ubxreader:Unknown protocol header b'\xb5\x01'.
ERROR:pyubx2.ubxreader:Unknown protocol header b'\xb5\x01'.
ERROR:pyubx2.ubxreader:Unknown protocol header b'$9'.
ERROR:pyubx2.ubxreader:Unknown protocol header b'$\x14'.
ERROR:pyubx2.ubxreader:Unknown protocol header b'\xb5\x01'.
ERROR:pyubx2.ubxreader:Unknown protocol header b'\xb5\x01'.
ERROR:pyubx2.ubxreader:Unknown protocol header b'\xb5\x01'.
ERROR:pyubx2.ubxreader:Unknown protocol header b'\xb5\x01'.
ERROR:pyubx2.ubxreader:Unknown protocol header b'\xb5\x01'.
ERROR:pyubx2.ubxreader:Unknown protocol header b'\xb5\x01'.
ERROR:pyubx2.ubxreader:Unknown protocol header b'\xd3D'.
ERROR:pyubx2.ubxreader:Unknown protocol header b'${'.
ERROR:pyubx2.ubxreader:Unknown protocol header b'\xd3K'.
ERROR:pyubx2.ubxreader:Unknown protocol header b'\xd3q'.
ERROR:pyubx2.ubxreader:Unknown protocol header b'\xb5\xb5'.
ERROR:pyubx2.ubxreader:Unknown protocol header b'\xb5\n'.
ERROR:pyubx2.ubxreader:Unknown protocol header b'\xb5\n'.
ERROR:pyubx2.ubxreader:Unknown protocol header b'\xb5\n'.
ERROR:pyubx2.ubxreader:Unknown protocol header b'\xb5\n'.
ERROR:pyubx2.ubxreader:Unknown protocol header b'$\x02'.
ERROR:pyubx2.ubxreader:Unknown protocol header b'\xb5\x02'.
ERROR:pyubx2.ubxreader:Unknown protocol header b'\xb5\x02'.
ERROR:pyubx2.ubxreader:Unknown protocol header b'\xb5\x10'.
ERROR:pyubx2.ubxreader:Unknown protocol header b'\xb5\xfd'.
ERROR:pyubx2.ubxreader:Unknown protocol header b"$'".
ERROR:pyubx2.ubxreader:Unknown protocol header b'\xb5\xff'.
ERROR:pyubx2.ubxreader:Unknown protocol header b'$\xfc'.
ERROR:pyubx2.ubxreader:Unknown protocol header b"\xb5'".
ERROR:pyubx2.ubxreader:Unknown protocol header b"\xb5'".
ERROR:pyubx2.ubxreader:Unknown protocol header b'\xb5\x02'.
ERROR:pyubx2.ubxreader:Unknown protocol header b'$\x03'.
ERROR:pyubx2.ubxreader:Unknown protocol header b'\xd3\xc4'.
ERROR:pyubx2.ubxreader:Unknown protocol header b'$\xeb'.
ERROR:pyubx2.ubxreader:Unknown protocol header b'\xd3\xcd'.
ERROR:pyubx2.ubxreader:Unknown protocol header b'\xd3\x1a'.
ERROR:pyubx2.ubxreader:Unknown protocol header b'\xb5>'.
ERROR:pyubx2.ubxreader:Unknown protocol header b'\xd3U'.
ERROR:pyubx2.ubxreader:Unknown protocol header b'$\x1b'.
ERROR:pyubx2.ubxreader:Unknown protocol header b'\xb5\x02'.
ERROR:pyubx2.ubxreader:Unknown protocol header b'\xb5\x02'.
ERROR:pyubx2.ubxreader:Unknown protocol header b'$\x11'.
ERROR:pyubx2.ubxreader:Message checksum b'1*' invalid - should be b'\x17\xfb'
ERROR:pyubx2.ubxreader:Unknown protocol header b'$$'.
ERROR:pyubx2.ubxreader:Unknown protocol header b'$\x00'.
ERROR:pyubx2.ubxreader:Unknown protocol header b'$\x00'.
ERROR:pyubx2.ubxreader:Unknown protocol header b'\xb5\x01'.
ERROR:pyubx2.ubxreader:Unknown protocol header b'\xd3_'.
ERROR:pyubx2.ubxreader:Unknown protocol header b'$\xd1'.
ERROR:pyubx2.ubxreader:Unknown protocol header b'\xd3/'.
ERROR:pyubx2.ubxreader:Unknown protocol header b'$\x01'.
ERROR:pyubx2.ubxreader:Unknown protocol header b'$\x00'.
ERROR:pyubx2.ubxreader:Unknown protocol header b'\xb5\x01'.
ERROR:pyubx2.ubxreader:Unknown protocol header b'\xb5\x01'.
ERROR:pyubx2.ubxreader:Unknown protocol header b'$%'.
ERROR:pyubx2.ubxreader:Unknown protocol header b'$\x14'.
ERROR:pyubx2.ubxreader:Unknown protocol header b'\xb5\x01'.
ERROR:pyubx2.ubxreader:Unknown protocol header b'\xb5\x01'.
ERROR:pyubx2.ubxreader:Unknown protocol header b'\xb5\x01'.
ERROR:pyubx2.ubxreader:Unknown protocol header b'\xb5\x01'.
ERROR:pyubx2.ubxreader:Unknown protocol header b'\xd3\xb5'.
ERROR:pyubx2.ubxreader:Unknown protocol header b'\xb5\x01'.
ERROR:pyubx2.ubxreader:Unknown protocol header b'\xb5\x01'.
ERROR:pyubx2.ubxreader:Unknown protocol header b'\xb5\x01'.
ERROR:pyubx2.ubxreader:Unknown protocol header b'$\xd7'.
ERROR:pyubx2.ubxreader:Unknown protocol header b'$\x97'.
ERROR:pyubx2.ubxreader:Unknown protocol header b'$w'.
ERROR:pyubx2.ubxreader:Unknown protocol header b'$\xf7'.
ERROR:pyubx2.ubxreader:Unknown protocol header b'$.'.
ERROR:pyubx2.ubxreader:Unknown protocol header b'$\x17'.
ERROR:pyubx2.ubxreader:Unknown protocol header b'\xd3q'.
ERROR:pyubx2.ubxreader:Unknown protocol header b'\xb5\x02'.
ERROR:pyubx2.ubxreader:Unknown protocol header b'\xb5\x02'.
ERROR:pyubx2.ubxreader:Unknown protocol header b'\xb5\x02'.
ERROR:pyubx2.ubxreader:Unknown protocol header b'$\xb5'.
ERROR:pyubx2.ubxreader:Unknown protocol header b'\xb5\x02'.
ERROR:pyubx2.ubxreader:Unknown protocol header b'\xb5\x02'.
ERROR:pyubx2.ubxreader:Unknown protocol header b'\xb5A'.
ERROR:pyubx2.ubxreader:Unknown protocol header b'\xb5\n'.
ERROR:pyubx2.ubxreader:Unknown protocol header b'\xb5\n'.
ERROR:pyubx2.ubxreader:Unknown protocol header b'\xb5\n'.
ERROR:pyubx2.ubxreader:Unknown protocol header b'\xb5\x02'.
ERROR:pyubx2.ubxreader:Unknown protocol header b'\xb5\x02'.
ERROR:pyubx2.ubxreader:Unknown protocol header b'\xb5\x02'.
ERROR:pyubx2.ubxreader:Message checksum b'06' invalid - should be b'6o'
ERROR:pyubx2.ubxreader:Unknown protocol header b'\xb5\x01'.
ERROR:pyubx2.ubxreader:Unknown protocol header b'$$'.
ERROR:pyubx2.ubxreader:Unknown protocol header b'\xb5\x01'.
ERROR:pyubx2.ubxreader:Unknown protocol header b'$\x00'.
ERROR:pyubx2.ubxreader:Unknown protocol header b'\xb5\x01'.
ERROR:pyubx2.ubxreader:Unknown protocol header b'$\x10'.
ERROR:pyubx2.ubxreader:Unknown protocol header b'$8'.
ERROR:pyubx2.ubxreader:Unknown protocol header b'$\x00'.
ERROR:pyubx2.ubxreader:Unknown protocol header b'$\x00'.
ERROR:pyubx2.ubxreader:Unknown protocol header b'\xb5\n'.
ERROR:pyubx2.ubxreader:Unknown protocol header b'$\x01'.
ERROR:pyubx2.ubxreader:Unknown protocol header b'\xb5\x8c'.
ERROR:pyubx2.ubxreader:Unknown protocol header b'$\xfd'.
ERROR:pyubx2.ubxreader:Unknown protocol header b'$\x00'.
ERROR:pyubx2.ubxreader:Unknown protocol header b'\xd33'.
ERROR:pyubx2.ubxreader:Unknown protocol header b'\xb5\xfd'.
ERROR:pyubx2.ubxreader:Unknown protocol header b'\xb5\x02'.
ERROR:pyubx2.ubxreader:Unknown protocol header b'\xb5\n'.
ERROR:pyubx2.ubxreader:Unknown protocol header b'\xb5\xb5'.
ERROR:pyubx2.ubxreader:Unknown protocol header b'\xb5\x00'.
ERROR:pyubx2.ubxreader:Unknown protocol header b"\xb5'".
ERROR:pyubx2.ubxreader:Unknown protocol header b'\xb5\x02'.
ERROR:pyubx2.ubxreader:Unknown protocol header b'$\x01'.
ERROR:pyubx2.ubxreader:Unknown protocol header b'\xd3A'.
ERROR:pyubx2.ubxreader:Unknown protocol header b'$\x87'.
ERROR:pyubx2.ubxreader:Unknown protocol header b'\xd3$'.
ERROR:pyubx2.ubxreader:Unknown protocol header b'$\x00'.
ERROR:pyubx2.ubxreader:Unknown protocol header b'$%'.
ERROR:pyubx2.ubxreader:Unknown protocol header b'\xb5\x97'.
ERROR:pyubx2.ubxreader:Unknown protocol header b'\xb5\x02'.
ERROR:pyubx2.ubxreader:Unknown protocol header b'\xb5\x02'.
ERROR:pyubx2.ubxreader:Unknown protocol header b'\xb5\x02'.
ERROR:pyubx2.ubxreader:Unknown protocol header b'\xb5\x02'.
ERROR:pyubx2.ubxreader:Unknown protocol header b'\xb5\x02'.
ERROR:pyubx2.ubxreader:Unknown protocol header b'\xb5\x02'.
ERROR:pyubx2.ubxreader:Unknown protocol header b'\xb5\x01'.
ERROR:pyubx2.ubxreader:Unknown protocol header b'\xb5\x00'.
ERROR:pyubx2.ubxreader:Unknown protocol header b'\xb5\x01'.
ERROR:pyubx2.ubxreader:Message checksum b'\x00\x00' invalid - should be b'\xaeC'
ERROR:pyubx2.ubxreader:Unknown protocol header b'\xb5\n'.
ERROR:pyubx2.ubxreader:Unknown protocol header b'$\x00'.
ERROR:pyubx2.ubxreader:Unknown protocol header b'\xb5\n'.
ERROR:pyubx2.ubxreader:Unknown protocol header b'\xb5\n'.
ERROR:pyubx2.ubxreader:Unknown protocol header b'\xb5\n'.
ERROR:pyubx2.ubxreader:Unknown protocol header b'\xb5\x02'.
ERROR:pyubx2.ubxreader:Unknown protocol header b'$\x01'.
ERROR:pyubx2.ubxreader:Unknown protocol header b"\xb5'".
ERROR:pyubx2.ubxreader:Message checksum b'\xd8\xb5' invalid - should be b'\x8eW'
ERROR:pyubx2.ubxreader:Unknown protocol header b'\xb5\x01'.
ERROR:pyubx2.ubxreader:Unknown protocol header b'\xb5\x01'.
ERROR:pyubx2.ubxreader:Unknown protocol header b'\xb5\x01'.
ERROR:pyubx2.ubxreader:Unknown protocol header b'\xb5\x01'.
ERROR:pyubx2.ubxreader:Unknown protocol header b'\xb5\x01'.
ERROR:pyubx2.ubxreader:Unknown protocol header b'$Q'.
ERROR:pyubx2.ubxreader:Unknown protocol header b'\xb5\x01'.
ERROR:pyubx2.ubxreader:Unknown protocol header b'$+'.
ERROR:pyubx2.ubxreader:Unknown protocol header b'\xb5\x01'.
ERROR:pyubx2.ubxreader:Unknown protocol header b'$X'.
ERROR:pyubx2.ubxreader:Unknown protocol header b'$\x00'.
ERROR:pyubx2.ubxreader:Unknown protocol header b'$\x07'.
ERROR:pyubx2.ubxreader:Unknown protocol header b'\xb5\xb5'.
ERROR:pyubx2.ubxreader:Unknown protocol header b'\xb5\xf6'.
ERROR:pyubx2.ubxreader:Unknown protocol header b'\xb5\xb5'.
ERROR:pyubx2.ubxreader:Message checksum b'\\\xb5' invalid - should be b'\xf7\x98'
ERROR:pyubx2.ubxreader:Message checksum b'\\\x00' invalid - should be b'\x9d\xfd'
ERROR:pyubx2.ubxreader:Unknown protocol header b'\xb5\x01'.
ERROR:pyubx2.ubxreader:Unknown protocol header b'\xb5\x01'.
ERROR:pyubx2.ubxreader:Unknown protocol header b'\xb5\x01'.
ERROR:pyubx2.ubxreader:Unknown protocol header b'$\x00'.
ERROR:pyubx2.ubxreader:Unknown protocol header b'$\x00'.
ERROR:pyubx2.ubxreader:Unknown protocol header b'$\x00'.
ERROR:pyubx2.ubxreader:Unknown protocol header b'$\x05'.
ERROR:pyubx2.ubxreader:Unknown protocol header b'\xb5\x01'.
ERROR:pyubx2.ubxreader:Unknown protocol header b'$0'.
ERROR:pyubx2.ubxreader:Unknown protocol header b'$\x00'.
ERROR:pyubx2.ubxreader:Unknown protocol header b'\xb5\x01'.
ERROR:pyubx2.ubxreader:Unknown protocol header b'$\x14'.
ERROR:pyubx2.ubxreader:Unknown protocol header b'\xb5\x01'.
ERROR:pyubx2.ubxreader:Unknown protocol header b'\xb5\x01'.
ERROR:pyubx2.ubxreader:Unknown protocol header b'\xb5\x01'.
ERROR:pyubx2.ubxreader:Unknown protocol header b'\xb5\x01'.
ERROR:pyubx2.ubxreader:Unknown protocol header b'\xb5\x01'.
ERROR:pyubx2.ubxreader:Unknown protocol header b'\xd3`'.
ERROR:pyubx2.ubxreader:Unknown protocol header b'\xd3\x91'.
ERROR:pyubx2.ubxreader:Unknown protocol header b'$u'.
ERROR:pyubx2.ubxreader:Unknown protocol header b'\xd3\xa1'.
ERROR:pyubx2.ubxreader:Unknown protocol header b'$7'.
ERROR:pyubx2.ubxreader:Unknown protocol header b'\xd3q'.
ERROR:pyubx2.ubxreader:Unknown protocol header b'$u'.
ERROR:pyubx2.ubxreader:Unknown protocol header b'\xb5\n'.
ERROR:pyubx2.ubxreader:Unknown protocol header b'\xb5\n'.
ERROR:pyubx2.ubxreader:Unknown protocol header b'\xb5\n'.
ERROR:pyubx2.ubxreader:Unknown protocol header b'$\x00'.
ERROR:pyubx2.ubxreader:Message checksum b'\x1c\xb5' invalid - should be b'h\x9c'
ERROR:pyubx2.ubxreader:Unknown protocol header b'$f'.
ERROR:pyubx2.ubxreader:Unknown protocol header b'\xb5\n'.
ERROR:pyubx2.ubxreader:Message checksum b'\x02\x00' invalid - should be b'l|'
ERROR:pyubx2.ubxreader:Unknown protocol header b'$$'.
ERROR:pyubx2.ubxreader:Unknown protocol header b'\xb5\xff'.
ERROR:pyubx2.ubxreader:Unknown protocol header b'\xb5\x1e'.
ERROR:pyubx2.ubxreader:Unknown protocol header b'\xd31'.
ERROR:pyubx2.ubxreader:Message checksum b'\x00\x00' invalid - should be b'\x18X'
ERROR:pyubx2.ubxreader:Message checksum b'\t\x12' invalid - should be b'\x1d\xb1'
ERROR:pyubx2.ubxreader:Unknown protocol header b'\xb5\xb4'.
ERROR:pyubx2.ubxreader:Unknown protocol header b'$t'.
ERROR:pyubx2.ubxreader:Unknown protocol header b'\xb5>'.
ERROR:pyubx2.ubxreader:Unknown protocol header b'\xb5\xbb'.
ERROR:pyubx2.ubxreader:Unknown protocol header b'\xd3\xc2'.
ERROR:pyubx2.ubxreader:Unknown protocol header b'$\xa8'.
ERROR:pyubx2.ubxreader:Unknown protocol header b'$\x05'.
ERROR:pyubx2.ubxreader:Unknown protocol header b'$\x99'.
ERROR:pyubx2.ubxreader:Unknown protocol header b'\xb5 '.
ERROR:pyubx2.ubxreader:Unknown protocol header b'$\xfd'.
ERROR:pyubx2.ubxreader:Message checksum b'\xd9\xb5' invalid - should be b'\x1ej'
ERROR:pyubx2.ubxreader:Unknown protocol header b'\xb5\x02'.
ERROR:pyubx2.ubxreader:Unknown protocol header b'\xb5\x02'.
ERROR:pyubx2.ubxreader:Message checksum b'\xe3\xb5' invalid - should be b'4\x8a'
ERROR:pyubx2.ubxreader:Unknown protocol header b'\xb5\x02'.
ERROR:pyubx2.ubxreader:Message checksum b'2,' invalid - should be b'4\x84'
ERROR:pyubx2.ubxreader:Unknown protocol header b'\xb5\xb5'.
device reports readiness to read but returned no data (device disconnected or multiple access on port?)
Error in get ublox data thread: device reports readiness to read but returned no data (device disconnected or multiple access on port?)
Error in get ublox data thread: device reports readiness to read but returned no data (device disconnected or multiple access on port?)
Error in get ublox data thread: device reports readiness to read but returned no data (device disconnected or multiple access on port?)
Error in get ublox data thread: device reports readiness to read but returned no data (device disconnected or multiple access on port?)
Error in get ublox data thread: device reports readiness to read but returned no data (device disconnected or multiple access on port?)
Error in get ublox data thread: device reports readiness to read but returned no data (device disconnected or multiple access on port?)
Error in get ublox data thread: device reports readiness to read but returned no data (device disconnected or multiple access on port?)
Error in get ublox data thread: device reports readiness to read but returned no data (device disconnected or multiple access on port?)
Error in get ublox data thread: device reports readiness to read but returned no data (device disconnected or multiple access on port?)
Error in get ublox data thread: device reports readiness to read but returned no data (device disconnected or multiple access on port?)
Error in get ublox data thread: device reports readiness to read but returned no data (device disconnected or multiple access on port?)
Error in get ublox data thread: device reports readiness to read but returned no data (device disconnected or multiple access on port?)
Error in get ublox data thread: device reports readiness to read but returned no data (device disconnected or multiple access on port?)
Error in get ublox data thread: device reports readiness to read but returned no data (device disconnected or multiple access on port?)
Error in get ublox data thread: device reports readiness to read but returned no data (device disconnected or multiple access on port?)
Error in get ublox data thread: device reports readiness to read but returned no data (device disconnected or multiple access on port?)
Error in get ublox data thread: device reports readiness to read but returned no data (device disconnected or multiple access on port?)
Error in get ublox data thread: device reports readiness to read but returned no data (device disconnected or multiple access on port?)
Error in get ublox data thread: device reports readiness to read but returned no data (device disconnected or multiple access on port?)
Error in get ublox data thread: device reports readiness to read but returned no data (device disconnected or multiple access on port?)
Error in get ublox data thread: device reports readiness to read but returned no data (device disconnected or multiple access on port?)
Error in get ublox data thread: device reports readiness to read but returned no data (device disconnected or multiple access on port?)
Error in get ublox data thread: device reports readiness to read but returned no data (device disconnected or multiple access on port?)
Error in get ublox data thread: device reports readiness to read but returned no data (device disconnected or multiple access on port?)
Error in get ublox data thread: device reports readiness to read but returned no data (device disconnected or multiple access on port?)
Error in get ublox data thread: device reports readiness to read but returned no data (device disconnected or multiple access on port?)
Error in get ublox data thread: device reports readiness to read but returned no data (device disconnected or multiple access on port?)
Error in get ublox data thread: device reports readiness to read but returned no data (device disconnected or multiple access on port?)
Error in get ublox data thread: device reports readiness to read but returned no data (device disconnected or multiple access on port?)
Error in get ublox data thread: device reports readiness to read but returned no data (device disconnected or multiple access on port?)
Error in get ublox data thread: device reports readiness to read but returned no data (device disconnected or multiple access on port?)
Error in get ublox data thread: device reports readiness to read but returned no data (device disconnected or multiple access on port?)
Error in get ublox data thread: device reports readiness to read but returned no data (device disconnected or multiple access on port?)
Error in get ublox data thread: device reports readiness to read but returned no data (device disconnected or multiple access on port?)
Error in get ublox data thread: device reports readiness to read but returned no data (device disconnected or multiple access on port?)
Error in get ublox data thread: device reports readiness to read but returned no data (device disconnected or multiple access on port?)
Error in get ublox data thread: device reports readiness to read but returned no data (device disconnected or multiple access on port?)
Error in get ublox data thread: device reports readiness to read but returned no data (device disconnected or multiple access on port?)
Error in get ublox data thread: device reports readiness to read but returned no data (device disconnected or multiple access on port?)
Error in get ublox data thread: device reports readiness to read but returned no data (device disconnected or multiple access on port?)
Error in get ublox data thread: device reports readiness to read but returned no data (device disconnected or multiple access on port?)
Error in get ublox data thread: device reports readiness to read but returned no data (device disconnected or multiple access on port?)
Error in get ublox data thread: device reports readiness to read but returned no data (device disconnected or multiple access on port?)
Error in get ublox data thread: device reports readiness to read but returned no data (device disconnected or multiple access on port?)
Error in get ublox data thread: device reports readiness to read but returned no data (device disconnected or multiple access on port?)
Error in get ublox data thread: device reports readiness to read but returned no data (device disconnected or multiple access on port?)
Error in get ublox data thread: device reports readiness to read but returned no data (device disconnected or multiple access on port?)
Error in get ublox data thread: device reports readiness to read but returned no data (device disconnected or multiple access on port?)
Error in get ublox data thread: device reports readiness to read but returned no data (device disconnected or multiple access on port?)
Error in get ublox data thread: device reports readiness to read but returned no data (device disconnected or multiple access on port?)
Error in get ublox data thread: device reports readiness to read but returned no data (device disconnected or multiple access on port?)
Error in get ublox data thread: device reports readiness to read but returned no data (device disconnected or multiple access on port?)
Error in get ublox data thread: device reports readiness to read but returned no data (device disconnected or multiple access on port?)
Error in get ublox data thread: device reports readiness to read but returned no data (device disconnected or multiple access on port?)
Error in get ublox data thread: device reports readiness to read but returned no data (device disconnected or multiple access on port?)
Error in get ublox data thread: device reports readiness to read but returned no data (device disconnected or multiple access on port?)
Error in get ublox data thread: device reports readiness to read but returned no data (device disconnected or multiple access on port?)
Error in get ublox data thread: device reports readiness to read but returned no data (device disconnected or multiple access on port?)
Error in get ublox data thread: device reports readiness to read but returned no data (device disconnected or multiple access on port?)
Error in get ublox data thread: ERROR:pyubx2.ubxreader:Message checksum b'\xdd\xfc' invalid - should be b'\xff8'
ERROR:pyubx2.ubxreader:Unknown protocol header b'$\x01'.
ERROR:pyubx2.ubxreader:Unknown protocol header b'$\x03'.
ERROR:pyubx2.ubxreader:Unknown protocol header b'\xb5\x01'.
ERROR:pyubx2.ubxreader:Unknown protocol header b'\xb5\x01'.
ERROR:pyubx2.ubxreader:Unknown protocol header b'\xb5\x01'.
ERROR:pyubx2.ubxreader:Unknown protocol header b'$\x00'.
ERROR:pyubx2.ubxreader:Unknown protocol header b'$Q'.
ERROR:pyubx2.ubxreader:Unknown protocol header b'\xb5\x01'.
ERROR:pyubx2.ubxreader:Unknown protocol header b'$\x00'.
ERROR:pyubx2.ubxreader:Unknown protocol header b'$X'.
ERROR:pyubx2.ubxreader:Unknown protocol header b'\xb5C'.
ERROR:pyubx2.ubxreader:Unknown protocol header b'\xd3.'.
ERROR:pyubx2.ubxreader:Unknown protocol header b'$.'.
ERROR:pyubx2.ubxreader:Unknown protocol header b'$\x07'.
ERROR:pyubx2.ubxreader:Unknown protocol header b'$+'.
ERROR:pyubx2.ubxreader:Unknown protocol header b'\xb5 '.
ERROR:pyubx2.ubxreader:Unknown protocol header b'\xb5#'.
ERROR:pyubx2.ubxreader:Unknown protocol header b'\xb5\x01'.
ERROR:pyubx2.ubxreader:Unknown protocol header b'\xb5\xb5'.
ERROR:pyubx2.ubxreader:Unknown protocol header b'\xb5\xb5'.
ERROR:pyubx2.ubxreader:Unknown protocol header b'\xb5\x00'.
ERROR:pyubx2.ubxreader:Unknown protocol header b'\xb5\n'.
ERROR:pyubx2.ubxreader:Message checksum b'\x00\x00' invalid - should be b'\x1fd'
ERROR:pyubx2.ubxreader:Message checksum b'\x90\xb5' invalid - should be b'T`'
ERROR:pyubx2.ubxreader:Unknown protocol header b'\xb5\n'.
ERROR:pyubx2.ubxreader:Unknown protocol header b'\xb5\xb5'.
ERROR:pyubx2.ubxreader:Message checksum b'\x83\xb5' invalid - should be b'HU'
ERROR:pyubx2.ubxreader:Unknown protocol header b'$\x02'.
ERROR:pyubx2.ubxreader:Unknown protocol header b'\xb5\x02'.
ERROR:pyubx2.ubxreader:Unknown protocol header b'$\x01'.
ERROR:pyubx2.ubxreader:Unknown protocol header b'\xd3\x1d'.
ERROR:pyubx2.ubxreader:Unknown protocol header b'$\x05'.
ERROR:pyubx2.ubxreader:Unknown protocol header b'$x'.
ERROR:pyubx2.ubxreader:Unknown protocol header b'$\xbf'.
ERROR:pyubx2.ubxreader:Unknown protocol header b'\xb5\x93'.
ERROR:pyubx2.ubxreader:Unknown protocol header b'\xd3A'.
ERROR:pyubx2.ubxreader:Unknown protocol header b'\xb5\x01'.
ERROR:pyubx2.ubxreader:Unknown protocol header b'$+'.
ERROR:pyubx2.ubxreader:Unknown protocol header b'$\x11'.
ERROR:pyubx2.ubxreader:Unknown protocol header b'$X'.
ERROR:pyubx2.ubxreader:Unknown protocol header b'$\x00'.
ERROR:pyubx2.ubxreader:Message checksum b'\xb5b' invalid - should be b'\xc6\xe2'
ERROR:pyubx2.ubxreader:Unknown protocol header b'\xb5\x01'.
ERROR:pyubx2.ubxreader:Unknown protocol header b'\xb5\x01'.
ERROR:pyubx2.ubxreader:Unknown protocol header b'\xb5\x01'.
ERROR:pyubx2.ubxreader:Unknown protocol header b'\xb5\x01'.
ERROR:pyubx2.ubxreader:Unknown protocol header b'\xd3\t'.
ERROR:pyubx2.ubxreader:Unknown protocol header b'$\xd7'.
ERROR:pyubx2.ubxreader:Unknown protocol header b'\xd3\x11'.
ERROR:pyubx2.ubxreader:Unknown protocol header b'$\xf7'.
ERROR:pyubx2.ubxreader:Unknown protocol header b'$\x17'.
ERROR:pyubx2.ubxreader:Unknown protocol header b'\xd3D'.
ERROR:pyubx2.ubxreader:Unknown protocol header b'$w'.
ERROR:pyubx2.ubxreader:Unknown protocol header b'$.'.
ERROR:pyubx2.ubxreader:Unknown protocol header b'\xd3q'.
ERROR:pyubx2.ubxreader:Unknown protocol header b'\xb5u'.
ERROR:pyubx2.ubxreader:Unknown protocol header b'$\xd7'.
ERROR:pyubx2.ubxreader:Unknown protocol header b'\xd3q'.
ERROR:pyubx2.ubxreader:Unknown protocol header b'$.'.
ERROR:pyubx2.ubxreader:Unknown protocol header b'\xb5\r'.
ERROR:pyubx2.ubxreader:Unknown protocol header b'\xb5\x02'.
ERROR:pyubx2.ubxreader:Unknown protocol header b'\xb5\x02'.
ERROR:pyubx2.ubxreader:Unknown protocol header b'\xb5\x02'.
ERROR:pyubx2.ubxreader:Unknown protocol header b'\xb5\x02'.
ERROR:pyubx2.ubxreader:Unknown protocol header b'\xb5\x02'.
ERROR:pyubx2.ubxreader:Unknown protocol header b'\xb5\xb5'.
ERROR:pyubx2.ubxreader:Unknown protocol header b'$$'.
ERROR:pyubx2.ubxreader:Unknown protocol header b'$Q'.
ERROR:pyubx2.ubxreader:Unknown protocol header b'\xb5\x02'.
ERROR:pyubx2.ubxreader:Unknown protocol header b'\xb5\x02'.
ERROR:pyubx2.ubxreader:Unknown protocol header b'$\x00'.
ERROR:pyubx2.ubxreader:Unknown protocol header b'\xb5\x01'.
ERROR:pyubx2.ubxreader:Unknown protocol header b'$\x01'.
ERROR:pyubx2.ubxreader:Unknown protocol header b'$\x00'.
ERROR:pyubx2.ubxreader:Message checksum b'\xb5\xb5' invalid - should be b'r\xf6'
ERROR:pyubx2.ubxreader:Unknown protocol header b'$\x14'.
ERROR:pyubx2.ubxreader:Unknown protocol header b'\xb5\x01'.
ERROR:pyubx2.ubxreader:Unknown protocol header b'\xd3b'.
ERROR:pyubx2.ubxreader:Unknown protocol header b'\xb5\x01'.
ERROR:pyubx2.ubxreader:Unknown protocol header b'\xb5\x01'.
ERROR:pyubx2.ubxreader:Unknown protocol header b'\xb5\x01'.
ERROR:pyubx2.ubxreader:Message checksum b'\xae\xb5' invalid - should be b'}\xf6'
ERROR:pyubx2.ubxreader:Unknown protocol header b'\xd3q'.
ERROR:pyubx2.ubxreader:Unknown protocol header b'$w'.
ERROR:pyubx2.ubxreader:Unknown protocol header b'$\xf7'.
ERROR:pyubx2.ubxreader:Unknown protocol header b'\xb5\x84'.
ERROR:pyubx2.ubxreader:Unknown protocol header b'$.'.
ERROR:pyubx2.ubxreader:Unknown protocol header b'\xd3q'.
ERROR:pyubx2.ubxreader:Unknown protocol header b'$\xd7'.
ERROR:pyubx2.ubxreader:Unknown protocol header b'\xd3q'.
ERROR:pyubx2.ubxreader:Unknown protocol header b'\xd3q'.
ERROR:pyubx2.ubxreader:Unknown protocol header b'\xb5\n'.
ERROR:pyubx2.ubxreader:Unknown protocol header b'\xb5\n'.
ERROR:pyubx2.ubxreader:Unknown protocol header b'\xb5\r'.
ERROR:pyubx2.ubxreader:Unknown protocol header b'\xb5\n'.
ERROR:pyubx2.ubxreader:Unknown protocol header b'\xb5\n'.
ERROR:pyubx2.ubxreader:Unknown protocol header b'\xb5\n'.
ERROR:pyubx2.ubxreader:Unknown protocol header b'\xb5\n'.
ERROR:pyubx2.ubxreader:Unknown protocol header b'\xb5\x02'.
ERROR:pyubx2.ubxreader:Unknown protocol header b'\xb5\x02'.
ERROR:pyubx2.ubxreader:Unknown protocol header b'\xd3\xff'.
ERROR:pyubx2.ubxreader:Unknown protocol header b"\xb5'".
ERROR:pyubx2.ubxreader:Unknown protocol header b"\xb5'".
ERROR:pyubx2.ubxreader:Unknown protocol header b'$\x05'.
ERROR:pyubx2.ubxreader:Unknown protocol header b'$\xa3'.
ERROR:pyubx2.ubxreader:Unknown protocol header b'\xb5h'.
ERROR:pyubx2.ubxreader:Unknown protocol header b'\xd3\x80'.
ERROR:pyubx2.ubxreader:Unknown protocol header b'$$'.
ERROR:pyubx2.ubxreader:Unknown protocol header b'$$'.
ERROR:pyubx2.ubxreader:Unknown protocol header b'$$'.
ERROR:pyubx2.ubxreader:Message checksum b'\x00N' invalid - should be b'\xe7\xcf'
ERROR:pyubx2.ubxreader:Unknown protocol header b'\xb5<'.
ERROR:pyubx2.ubxreader:Unknown protocol header b'\xb5\xb5'.
ERROR:pyubx2.ubxreader:Unknown protocol header b'\xb5\x16'.
ERROR:pyubx2.ubxreader:Unknown protocol header b'\xb5\x02'.
ERROR:pyubx2.ubxreader:Unknown protocol header b'\xb5\x02'.
ERROR:pyubx2.ubxreader:Unknown protocol header b'\xb5\x02'.
ERROR:pyubx2.ubxreader:Unknown protocol header b'\xb5\x02'.
ERROR:pyubx2.ubxreader:Unknown protocol header b'\xb5\x02'.
ERROR:pyubx2.ubxreader:Unknown protocol header b'\xb5\x02'.
ERROR:pyubx2.ubxreader:Unknown protocol header b'\xb5\x02'.
ERROR:pyubx2.ubxreader:Unknown protocol header b'$$'.
ERROR:pyubx2.ubxreader:Unknown protocol header b'$$'.
ERROR:pyubx2.ubxreader:Unknown protocol header b'$.'.
ERROR:pyubx2.ubxreader:Unknown protocol header b'$\x00'.
ERROR:pyubx2.ubxreader:Unknown protocol header b'\xb5\x01'.
ERROR:pyubx2.ubxreader:Unknown protocol header b'$\x00'.
ERROR:pyubx2.ubxreader:Unknown protocol header b'\xb5\x01'.
ERROR:pyubx2.ubxreader:Unknown protocol header b'$\x00'.
ERROR:pyubx2.ubxreader:Unknown protocol header b'$\x00'.
ERROR:pyubx2.ubxreader:Unknown protocol header b'\xb5\x01'.
ERROR:pyubx2.ubxreader:Message checksum b'\x19\x02' invalid - should be b'9\r'
ERROR:pyubx2.ubxreader:Unknown protocol header b'\xb5\x02'.
ERROR:pyubx2.ubxreader:Unknown protocol header b'\xd3\xb5'.
ERROR:pyubx2.ubxreader:Unknown protocol header b'\xb5\x02'.
ERROR:pyubx2.ubxreader:Unknown protocol header b'\xb5\x02'.
ERROR:pyubx2.ubxreader:Message checksum b'(\xb5' invalid - should be b'\xf9\xec'
ERROR:pyubx2.ubxreader:Unknown protocol header b'\xb5\n'.
ERROR:pyubx2.ubxreader:Unknown protocol header b'\xb5\n'.
ERROR:pyubx2.ubxreader:Unknown protocol header b'\xb5\x01'.
ERROR:pyubx2.ubxreader:Unknown protocol header b"\xb5'".
ERROR:pyubx2.ubxreader:Unknown protocol header b'\xd3q'.
ERROR:pyubx2.ubxreader:Unknown protocol header b'\xb5\xff'.
ERROR:pyubx2.ubxreader:Unknown protocol header b'\xd3D'.
ERROR:pyubx2.ubxreader:Unknown protocol header b'$\x97'.
ERROR:pyubx2.ubxreader:Unknown protocol header b'\xd3W'.
ERROR:pyubx2.ubxreader:Unknown protocol header b'$w'.
ERROR:pyubx2.ubxreader:Unknown protocol header b'\xd3q'.
ERROR:pyubx2.ubxreader:Unknown protocol header b'$\xd7'.
ERROR:pyubx2.ubxreader:Unknown protocol header b'\xd3q'.
ERROR:pyubx2.ubxreader:Unknown protocol header b'\xd3_'.
ERROR:pyubx2.ubxreader:Unknown protocol header b'$.'.
ERROR:pyubx2.ubxreader:Unknown protocol header b'\xd3q'.
ERROR:pyubx2.ubxreader:Unknown protocol header b'\xb5\n'.
ERROR:pyubx2.ubxreader:Unknown protocol header b'\xb5\n'.
ERROR:pyubx2.ubxreader:Unknown protocol header b'\xb5\r'.
ERROR:pyubx2.ubxreader:Unknown protocol header b'\xb5\x02'.
ERROR:pyubx2.ubxreader:Unknown protocol header b'\xb5\x02'.
ERROR:pyubx2.ubxreader:Unknown protocol header b'\xb5\x02'.
ERROR:pyubx2.ubxreader:Unknown protocol header b'\xb5\x02'.
ERROR:pyubx2.ubxreader:Unknown protocol header b'\xd3g'.
ERROR:pyubx2.ubxreader:Unknown protocol header b'\xb5\x02'.
ERROR:pyubx2.ubxreader:Unknown protocol header b'$('.
ERROR:pyubx2.ubxreader:Unknown protocol header b'\xb5\n'.
ERROR:pyubx2.ubxreader:Unknown protocol header b'\xb5\n'.
ERROR:pyubx2.ubxreader:Unknown protocol header b'$\x00'.
ERROR:pyubx2.ubxreader:Unknown protocol header b'\xb5\n'.
ERROR:pyubx2.ubxreader:Unknown protocol header b'\xb5\n'.
ERROR:pyubx2.ubxreader:Unknown protocol header b'\xb5\n'.
ERROR:pyubx2.ubxreader:Unknown protocol header b'\xb5\x02'.
ERROR:pyubx2.ubxreader:Unknown protocol header b'\xb5\x02'.
ERROR:pyubx2.ubxreader:Unknown protocol header b'\xb5\x02'.
ERROR:pyubx2.ubxreader:Message checksum b'\xb9\xb5' invalid - should be b'\xc9\xad'
ERROR:pyubx2.ubxreader:Unknown protocol header b'\xb5\x02'.
ERROR:pyubx2.ubxreader:Unknown protocol header b'\xb5\x02'.
ERROR:pyubx2.ubxreader:Unknown protocol header b'\xb5\x02'.
ERROR:pyubx2.ubxreader:Unknown protocol header b'\xb5\x02'.
ERROR:pyubx2.ubxreader:Unknown protocol header b'\xb5\x02'.
ERROR:pyubx2.ubxreader:Unknown protocol header b'\xb5\x02'.
ERROR:pyubx2.ubxreader:Message checksum b'\xf3\xb5' invalid - should be b'\xb5\xd3'
ERROR:pyubx2.ubxreader:Unknown protocol header b'$\xf5'.
ERROR:pyubx2.ubxreader:Unknown protocol header b'$\x01'.
ERROR:pyubx2.ubxreader:Message checksum b'\x00\x00' invalid - should be b"T'"
ERROR:pyubx2.ubxreader:Serial stream terminated unexpectedly. 49410 bytes requested, 14535 bytes returned.
ERROR:pyubx2.ubxreader:Unknown protocol header b'\xb5\n'.
ERROR:pyubx2.ubxreader:Unknown protocol header b'$Q'.
ERROR:pyubx2.ubxreader:Unknown protocol header b'\xb55'.
ERROR:pyubx2.ubxreader:Unknown protocol header b'$\x05'.
ERROR:pyubx2.ubxreader:Unknown protocol header b'$\x00'.
ERROR:pyubx2.ubxreader:Unknown protocol header b'$\x1f'.
ERROR:pyubx2.ubxreader:Unknown protocol header b'$\x07'.
ERROR:pyubx2.ubxreader:Unknown protocol header b'\xb5\x01'.
ERROR:pyubx2.ubxreader:Unknown protocol header b'$\x14'.
ERROR:pyubx2.ubxreader:Unknown protocol header b'$\xdc'.
ERROR:pyubx2.ubxreader:Unknown protocol header b'$\xd7'.
ERROR:pyubx2.ubxreader:Unknown protocol header b'$\xff'.
ERROR:pyubx2.ubxreader:Unknown protocol header b'$\xe7'.
ERROR:pyubx2.ubxreader:Unknown protocol header b'$\x17'.
ERROR:pyubx2.ubxreader:Unknown protocol header b'$s'.
ERROR:pyubx2.ubxreader:Unknown protocol header b'\xb5\n'.
ERROR:pyubx2.ubxreader:Unknown protocol header b'\xb5\n'.
ERROR:pyubx2.ubxreader:Unknown protocol header b'\xb5\n'.
ERROR:pyubx2.ubxreader:Unknown protocol header b'\xb5\n'.
ERROR:pyubx2.ubxreader:Unknown protocol header b'$\x00'.
ERROR:pyubx2.ubxreader:Unknown protocol header b'\xb5\n'.
ERROR:pyubx2.ubxreader:Unknown protocol header b'\xb5\n'.
ERROR:pyubx2.ubxreader:Unknown protocol header b'\xd3\xff'.
ERROR:pyubx2.ubxreader:Unknown protocol header b'\xb5\x15'.
ERROR:pyubx2.ubxreader:Unknown protocol header b'$\xdc'.
ERROR:pyubx2.ubxreader:Unknown protocol header b'\xb5o'.
ERROR:pyubx2.ubxreader:Unknown protocol header b'\xb5\x02'.
ERROR:pyubx2.ubxreader:Unknown protocol header b'$$'.
ERROR:pyubx2.ubxreader:Unknown protocol header b'$Q'.
ERROR:pyubx2.ubxreader:Unknown protocol header b'$\x00'.
ERROR:pyubx2.ubxreader:Unknown protocol header b'$('.
ERROR:pyubx2.ubxreader:Unknown protocol header b'\xb5\xb5'.
ERROR:pyubx2.ubxreader:Unknown protocol header b'$$'.
ERROR:pyubx2.ubxreader:Unknown protocol header b'\xb5\xb5'.
ERROR:pyubx2.ubxreader:Unknown protocol header b'\xb5\xff'.
ERROR:pyubx2.ubxreader:Unknown protocol header b'\xb5\n'.
ERROR:pyubx2.ubxreader:Unknown protocol header b'\xb5\n'.
ERROR:pyubx2.ubxreader:Unknown protocol header b'\xb5\n'.
ERROR:pyubx2.ubxreader:Unknown protocol header b'\xb5\x02'.
ERROR:pyubx2.ubxreader:Unknown protocol header b'$#'.
ERROR:pyubx2.ubxreader:Unknown protocol header b'$\x00'.
ERROR:pyubx2.ubxreader:Unknown protocol header b'\xb5\x00'.
ERROR:pyubx2.ubxreader:Unknown protocol header b'$\x00'.
ERROR:pyubx2.ubxreader:Message checksum b'o\xb5' invalid - should be b'\xf8\xe3'
ERROR:pyubx2.ubxreader:Unknown protocol header b'\xb5\x01'.
ERROR:pyubx2.ubxreader:Unknown protocol header b'\xb5\x01'.
ERROR:pyubx2.ubxreader:Unknown protocol header b'\xb5G'.
ERROR:pyubx2.ubxreader:Unknown protocol header b'\xb5\xb5'.
ERROR:pyubx2.ubxreader:Unknown protocol header b'\xb5\xb5'.
device reports readiness to read but returned no data (device disconnected or multiple access on port?)
Error in get ublox data thread: device reports readiness to read but returned no data (device disconnected or multiple access on port?)
Error in get ublox data thread: device reports readiness to read but returned no data (device disconnected or multiple access on port?)
Error in get ublox data thread: device reports readiness to read but returned no data (device disconnected or multiple access on port?)
Error in get ublox data thread: device reports readiness to read but returned no data (device disconnected or multiple access on port?)
Error in get ublox data thread: device reports readiness to read but returned no data (device disconnected or multiple access on port?)
Error in get ublox data thread: device reports readiness to read but returned no data (device disconnected or multiple access on port?)
Error in get ublox data thread: device reports readiness to read but returned no data (device disconnected or multiple access on port?)
Error in get ublox data thread: device reports readiness to read but returned no data (device disconnected or multiple access on port?)
Error in get ublox data thread: device reports readiness to read but returned no data (device disconnected or multiple access on port?)
Error in get ublox data thread: device reports readiness to read but returned no data (device disconnected or multiple access on port?)
Error in get ublox data thread: device reports readiness to read but returned no data (device disconnected or multiple access on port?)
Error in get ublox data thread: device reports readiness to read but returned no data (device disconnected or multiple access on port?)
Error in get ublox data thread: device reports readiness to read but returned no data (device disconnected or multiple access on port?)
Error in get ublox data thread: device reports readiness to read but returned no data (device disconnected or multiple access on port?)
Error in get ublox data thread: device reports readiness to read but returned no data (device disconnected or multiple access on port?)
Error in get ublox data thread: device reports readiness to read but returned no data (device disconnected or multiple access on port?)
Error in get ublox data thread: device reports readiness to read but returned no data (device disconnected or multiple access on port?)
Error in get ublox data thread: device reports readiness to read but returned no data (device disconnected or multiple access on port?)
Error in get ublox data thread: device reports readiness to read but returned no data (device disconnected or multiple access on port?)
Error in get ublox data thread: device reports readiness to read but returned no data (device disconnected or multiple access on port?)
Error in get ublox data thread: device reports readiness to read but returned no data (device disconnected or multiple access on port?)
Error in get ublox data thread: device reports readiness to read but returned no data (device disconnected or multiple access on port?)
Error in get ublox data thread: device reports readiness to read but returned no data (device disconnected or multiple access on port?)
Error in get ublox data thread: device reports readiness to read but returned no data (device disconnected or multiple access on port?)
Error in get ublox data thread: device reports readiness to read but returned no data (device disconnected or multiple access on port?)
Error in get ublox data thread: device reports readiness to read but returned no data (device disconnected or multiple access on port?)
Error in get ublox data thread: device reports readiness to read but returned no data (device disconnected or multiple access on port?)
Error in get ublox data thread: device reports readiness to read but returned no data (device disconnected or multiple access on port?)
Error in get ublox data thread: device reports readiness to read but returned no data (device disconnected or multiple access on port?)
Error in get ublox data thread: device reports readiness to read but returned no data (device disconnected or multiple access on port?)
Error in get ublox data thread: device reports readiness to read but returned no data (device disconnected or multiple access on port?)
Error in get ublox data thread: device reports readiness to read but returned no data (device disconnected or multiple access on port?)
Error in get ublox data thread: device reports readiness to read but returned no data (device disconnected or multiple access on port?)
Error in get ublox data thread: device reports readiness to read but returned no data (device disconnected or multiple access on port?)
Error in get ublox data thread: device reports readiness to read but returned no data (device disconnected or multiple access on port?)
Error in get ublox data thread: device reports readiness to read but returned no data (device disconnected or multiple access on port?)
Error in get ublox data thread: device reports readiness to read but returned no data (device disconnected or multiple access on port?)
Error in get ublox data thread: device reports readiness to read but returned no data (device disconnected or multiple access on port?)
121238.993 and 121239.0
Error in get ublox data thread: device reports readiness to read but returned no data (device disconnected or multiple access on port?)
Error in get ublox data thread: device reports readiness to read but returned no data (device disconnected or multiple access on port?)
Error in get ublox data thread: device reports readiness to read but returned no data (device disconnected or multiple access on port?)
Error in get ublox data thread: device reports readiness to read but returned no data (device disconnected or multiple access on port?)
Error in get ublox data thread: device reports readiness to read but returned no data (device disconnected or multiple access on port?)
Error in get ublox data thread: device reports readiness to read but returned no data (device disconnected or multiple access on port?)
Error in get ublox data thread: device reports readiness to read but returned no data (device disconnected or multiple access on port?)
Error in get ublox data thread: device reports readiness to read but returned no data (device disconnected or multiple access on port?)
Error in get ublox data thread: device reports readiness to read but returned no data (device disconnected or multiple access on port?)
Error in get ublox data thread: device reports readiness to read but returned no data (device disconnected or multiple access on port?)
Error in get ublox data thread: device reports readiness to read but returned no data (device disconnected or multiple access on port?)
Error in get ublox data thread: device reports readiness to read but returned no data (device disconnected or multiple access on port?)
Error in get ublox data thread: device reports readiness to read but returned no data (device disconnected or multiple access on port?)
Error in get ublox data thread: device reports readiness to read but returned no data (device disconnected or multiple access on port?)
Error in get ublox data thread: device reports readiness to read but returned no data (device disconnected or multiple access on port?)
Error in get ublox data thread: device reports readiness to read but returned no data (device disconnected or multiple access on port?)
Error in get ublox data thread: device reports readiness to read but returned no data (device disconnected or multiple access on port?)
Error in get ublox data thread: device reports readiness to read but returned no data (device disconnected or multiple access on port?)
Error in get ublox data thread: device reports readiness to read but returned no data (device disconnected or multiple access on port?)
Error in get ublox data thread: device reports readiness to read but returned no data (device disconnected or multiple access on port?)
Error in get ublox data thread: device reports readiness to read but returned no data (device disconnected or multiple access on port?)
Error in get ublox data thread: ERROR:pyubx2.ubxreader:Unknown protocol header b'$\x00'.
ERROR:pyubx2.ubxreader:Unknown protocol header b'\xb5\xb5'.
ERROR:pyubx2.ubxreader:Unknown protocol header b'\xb5\xb5'.
ERROR:pyubx2.ubxreader:Unknown protocol header b'\xb5\xb5'.
ERROR:pyubx2.ubxreader:Unknown protocol header b'\xb5\n'.
ERROR:pyubx2.ubxreader:Message checksum b'><' invalid - should be b'W\xe2'
ERROR:pyubx2.ubxreader:Unknown protocol header b'\xd3\x0e'.
ERROR:pyubx2.ubxreader:Unknown protocol header b'$\x91'.
ERROR:pyubx2.ubxreader:Unknown protocol header b'$\x00'.
ERROR:pyubx2.ubxreader:Unknown protocol header b'\xd3\xc2'.
ERROR:pyubx2.ubxreader:Unknown protocol header b'$\x03'.
ERROR:pyubx2.ubxreader:Unknown protocol header b'\xd34'.
ERROR:pyubx2.ubxreader:Message checksum b'1\xb5' invalid - should be b'p\xeb'
ERROR:pyubx2.ubxreader:Unknown protocol header b'\xb5\x01'.
ERROR:pyubx2.ubxreader:Unknown protocol header b'\xb5\x01'.
ERROR:pyubx2.ubxreader:Unknown protocol header b'$\x14'.
ERROR:pyubx2.ubxreader:Unknown protocol header b'\xb5\x01'.
ERROR:pyubx2.ubxreader:Unknown protocol header b'\xb5\x01'.
ERROR:pyubx2.ubxreader:Unknown protocol header b'\xb5\x19'.
ERROR:pyubx2.ubxreader:Unknown protocol header b'\xb5\x01'.
ERROR:pyubx2.ubxreader:Unknown protocol header b'\xb5\x02'.
ERROR:pyubx2.ubxreader:Unknown protocol header b'\xb5\n'.
ERROR:pyubx2.ubxreader:Unknown protocol header b'\xd3a'.
ERROR:pyubx2.ubxreader:Unknown protocol header b'\xd3\xe1'.
ERROR:pyubx2.ubxreader:Unknown protocol header b'$\x05'.
ERROR:pyubx2.ubxreader:Unknown protocol header b'$\xf4'.
ERROR:pyubx2.ubxreader:Unknown protocol header b'\xb5\x01'.
ERROR:pyubx2.ubxreader:Unknown protocol header b'\xb5\x01'.
ERROR:pyubx2.ubxreader:Unknown protocol header b'$\x00'.
ERROR:pyubx2.ubxreader:Message checksum b'\x00\x00' invalid - should be b'\x11\x99'
ERROR:pyubx2.ubxreader:Message checksum b'\xe2\xb5' invalid - should be b'\x17<'
ERROR:pyubx2.ubxreader:Unknown protocol header b'\xb5\x02'.
ERROR:pyubx2.ubxreader:Unknown protocol header b'\xb5\x02'.
ERROR:pyubx2.ubxreader:Unknown protocol header b'\xb5\n'.
ERROR:pyubx2.ubxreader:Unknown protocol header b'\xb5\n'.
ERROR:pyubx2.ubxreader:Unknown protocol header b'\xb5\n'.
ERROR:pyubx2.ubxreader:Unknown protocol header b'$\x00'.
ERROR:pyubx2.ubxreader:Unknown protocol header b'$\x02'.
ERROR:pyubx2.ubxreader:Unknown protocol header b'\xb5\x02'.
ERROR:pyubx2.ubxreader:Unknown protocol header b'$\x01'.
ERROR:pyubx2.ubxreader:Unknown protocol header b'\xb5\xff'.
ERROR:pyubx2.ubxreader:Unknown protocol header b'$\xff'.
ERROR:pyubx2.ubxreader:Unknown protocol header b'\xb5\x02'.
ERROR:pyubx2.ubxreader:Unknown protocol header b'\xb5\x9c'.
ERROR:pyubx2.ubxreader:Unknown protocol header b'\xb5\x81'.
ERROR:pyubx2.ubxreader:Unknown protocol header b'\xd3A'.
ERROR:pyubx2.ubxreader:Unknown protocol header b'$\xfb'.
ERROR:pyubx2.ubxreader:Unknown protocol header b'\xd3A'.
ERROR:pyubx2.ubxreader:Unknown protocol header b'$\x05'.
ERROR:pyubx2.ubxreader:Unknown protocol header b'\xb5\x06'.
ERROR:pyubx2.ubxreader:Unknown protocol header b'\xb5\x89'.
ERROR:pyubx2.ubxreader:Unknown protocol header b'\xb5\x02'.
ERROR:pyubx2.ubxreader:Unknown protocol header b'\xb5\x02'.
ERROR:pyubx2.ubxreader:Unknown protocol header b'\xb5\x02'.
ERROR:pyubx2.ubxreader:Unknown protocol header b'\xb5\x13'.
ERROR:pyubx2.ubxreader:Unknown protocol header b'\xb5\x02'.
ERROR:pyubx2.ubxreader:Unknown protocol header b'\xb5\x02'.
ERROR:pyubx2.ubxreader:Unknown protocol header b'\xd3\xc4'.
ERROR:pyubx2.ubxreader:Unknown protocol header b'\xb5\x02'.
ERROR:pyubx2.ubxreader:Unknown protocol header b'\xd3\xc4'.
ERROR:pyubx2.ubxreader:Unknown protocol header b'\xb5\x02'.
ERROR:pyubx2.ubxreader:Unknown protocol header b'\xb5\x13'.
ERROR:pyubx2.ubxreader:Unknown protocol header b'\xb5\x02'.
ERROR:pyubx2.ubxreader:Unknown protocol header b'\xb5\x13'.
ERROR:pyubx2.ubxreader:Unknown protocol header b'\xb5\x02'.
ERROR:pyubx2.ubxreader:Unknown protocol header b'\xb5\x18'.
ERROR:pyubx2.ubxreader:Unknown protocol header b'\xb5\x01'.
ERROR:pyubx2.ubxreader:Unknown protocol header b'$X'.
ERROR:pyubx2.ubxreader:Unknown protocol header b'\xb5\x01'.
ERROR:pyubx2.ubxreader:Unknown protocol header b'$\x00'.
ERROR:pyubx2.ubxreader:Unknown protocol header b'\xb5\x04'.
ERROR:pyubx2.ubxreader:Unknown protocol header b'\xb5\x01'.
ERROR:pyubx2.ubxreader:Unknown protocol header b'\xb5\x01'.
ERROR:pyubx2.ubxreader:Unknown protocol header b'$\x14'.
ERROR:pyubx2.ubxreader:Unknown protocol header b'\xb5\x01'.
ERROR:pyubx2.ubxreader:Unknown protocol header b"\xb5'".
ERROR:pyubx2.ubxreader:Unknown protocol header b'\xb5\x02'.
ERROR:pyubx2.ubxreader:Unknown protocol header b'\xb5B'.
ERROR:pyubx2.ubxreader:Unknown protocol header b'\xb5\x01'.
ERROR:pyubx2.ubxreader:Unknown protocol header b'\xb5\x01'.
ERROR:pyubx2.ubxreader:Unknown protocol header b'\xd3\x7f'.
ERROR:pyubx2.ubxreader:Unknown protocol header b'$\xb1'.
ERROR:pyubx2.ubxreader:Unknown protocol header b'$\xa6'.
ERROR:pyubx2.ubxreader:Unknown protocol header b'\xd3D'.
ERROR:pyubx2.ubxreader:Unknown protocol header b'\xd3 '.
ERROR:pyubx2.ubxreader:Unknown protocol header b'\xd3D'.
ERROR:pyubx2.ubxreader:Unknown protocol header b'$\x17'.
ERROR:pyubx2.ubxreader:Unknown protocol header b'$('.
ERROR:pyubx2.ubxreader:Unknown protocol header b'$\xb1'.
ERROR:pyubx2.ubxreader:Unknown protocol header b'$s'.
ERROR:pyubx2.ubxreader:Unknown protocol header b'\xb5\x83'.
ERROR:pyubx2.ubxreader:Unknown protocol header b'\xb5\r'.
ERROR:pyubx2.ubxreader:Unknown protocol header b'$Q'.
ERROR:pyubx2.ubxreader:Message checksum b'\x00\x00' invalid - should be b'I\xac'
ERROR:pyubx2.ubxreader:Unknown protocol header b'\xb5\n'.
ERROR:pyubx2.ubxreader:Unknown protocol header b'\xb5\n'.
ERROR:pyubx2.ubxreader:Unknown protocol header b'\xb5\x00'.
ERROR:pyubx2.ubxreader:Unknown protocol header b'\xd3\xa4'.
ERROR:pyubx2.ubxreader:Unknown protocol header b'$\x03'.
ERROR:pyubx2.ubxreader:Unknown protocol header b'$\x00'.
ERROR:pyubx2.ubxreader:Unknown protocol header b'\xb5\x01'.
ERROR:pyubx2.ubxreader:Unknown protocol header b'$\x05'.
ERROR:pyubx2.ubxreader:Unknown protocol header b'$\x00'.
ERROR:pyubx2.ubxreader:Unknown protocol header b'$\x1f'.
ERROR:pyubx2.ubxreader:Unknown protocol header b'\xb5\x01'.
ERROR:pyubx2.ubxreader:Unknown protocol header b'$\x00'.
ERROR:pyubx2.ubxreader:Unknown protocol header b'\xb5\x01'.
ERROR:pyubx2.ubxreader:Unknown protocol header b'$\x14'.
ERROR:pyubx2.ubxreader:Unknown protocol header b'\xb5\x01'.
ERROR:pyubx2.ubxreader:Unknown protocol header b'\xb5\xb5'.
ERROR:pyubx2.ubxreader:Unknown protocol header b'\xb5\xb5'.
ERROR:pyubx2.ubxreader:Unknown protocol header b'\xb5\xb5'.
ERROR:pyubx2.ubxreader:Message checksum b'fm' invalid - should be b'\xbc\x07'
ERROR:pyubx2.ubxreader:Unknown protocol header b'\xb5+'.
ERROR:pyubx2.ubxreader:Unknown protocol header b'\xb5\xb5'.
ERROR:pyubx2.ubxreader:Unknown protocol header b'$$'.
ERROR:pyubx2.ubxreader:Unknown protocol header b'$$'.
ERROR:pyubx2.ubxreader:Unknown protocol header b'$$'.
ERROR:pyubx2.ubxreader:Message checksum b'\x07\xfb' invalid - should be b'\x92q'
ERROR:pyubx2.ubxreader:Unknown protocol header b'\xb5;'.
ERROR:pyubx2.ubxreader:Message checksum b'\x00\xf4' invalid - should be b'\xd4\xe2'
ERROR:pyubx2.ubxreader:Unknown protocol header b'$\x00'.
ERROR:pyubx2.ubxreader:Unknown protocol header b'\xb52'.
ERROR:pyubx2.ubxreader:Unknown protocol header b'\xb5\x10'.
ERROR:pyubx2.ubxreader:Unknown protocol header b'\xb5\xf6'.
ERROR:pyubx2.ubxreader:Unknown protocol header b'\xd3+'.
ERROR:pyubx2.ubxreader:Unknown protocol header b'$\x07'.
ERROR:pyubx2.ubxreader:Unknown protocol header b'$\x07'.
ERROR:pyubx2.ubxreader:Unknown protocol header b'$\x07'.
ERROR:pyubx2.ubxreader:Unknown protocol header b'$\x07'.
ERROR:pyubx2.ubxreader:Unknown protocol header b'$\x00'.
ERROR:pyubx2.ubxreader:Unknown protocol header b'$\x07'.
ERROR:pyubx2.ubxreader:Unknown protocol header b'\xb5\x01'.
ERROR:pyubx2.ubxreader:Unknown protocol header b'\xb5\x01'.
ERROR:pyubx2.ubxreader:Unknown protocol header b'$:'.
ERROR:pyubx2.ubxreader:Unknown protocol header b'$\x07'.
ERROR:pyubx2.ubxreader:Unknown protocol header b'$\x00'.
ERROR:pyubx2.ubxreader:Unknown protocol header b'\xb5\x01'.
ERROR:pyubx2.ubxreader:Unknown protocol header b'$\x05'.
ERROR:pyubx2.ubxreader:Unknown protocol header b'$\x00'.
ERROR:pyubx2.ubxreader:Unknown protocol header b'$:'.
ERROR:pyubx2.ubxreader:Unknown protocol header b'$\x00'.
ERROR:pyubx2.ubxreader:Unknown protocol header b'$\x00'.
ERROR:pyubx2.ubxreader:Unknown protocol header b'$:'.
ERROR:pyubx2.ubxreader:Unknown protocol header b'\xb5\x01'.
ERROR:pyubx2.ubxreader:Unknown protocol header b'$\x07'.
ERROR:pyubx2.ubxreader:Unknown protocol header b'\xb5\x01'.
ERROR:pyubx2.ubxreader:Unknown protocol header b'\xb5\x01'.
ERROR:pyubx2.ubxreader:Unknown protocol header b'$\x07'.
ERROR:pyubx2.ubxreader:Unknown protocol header b'\xb5\x01'.
ERROR:pyubx2.ubxreader:Unknown protocol header b'$:'.
ERROR:pyubx2.ubxreader:Unknown protocol header b'\xb5\x01'.
ERROR:pyubx2.ubxreader:Unknown protocol header b'$\x07'.
ERROR:pyubx2.ubxreader:Unknown protocol header b'\xb5\x01'.
ERROR:pyubx2.ubxreader:Unknown protocol header b'$\x07'.
ERROR:pyubx2.ubxreader:Serial stream terminated unexpectedly. 47106 bytes requested, 18156 bytes returned.
ERROR:pyubx2.ubxreader:Unknown protocol header b'\xb5%'.
ERROR:pyubx2.ubxreader:Unknown protocol header b'\xb5\x00'.
ERROR:pyubx2.ubxreader:Unknown protocol header b'\xb5\x13'.
ERROR:pyubx2.ubxreader:Message checksum b'\xe6\xff' invalid - should be b'\xcf\x7f'
ERROR:pyubx2.ubxreader:Unknown protocol header b'\xd3\xab'.
ERROR:pyubx2.ubxreader:Unknown protocol header b'$\xc5'.
ERROR:pyubx2.ubxreader:Unknown protocol header b'\xd3#'.
ERROR:pyubx2.ubxreader:Unknown protocol header b'$\x03'.
ERROR:pyubx2.ubxreader:Unknown protocol header b'\xd3\x93'.
ERROR:pyubx2.ubxreader:Unknown protocol header b'\xb5\x01'.
ERROR:pyubx2.ubxreader:Unknown protocol header b'\xb5\x01'.
ERROR:pyubx2.ubxreader:Unknown protocol header b'\xb5\x01'.
ERROR:pyubx2.ubxreader:Unknown protocol header b'\xb5\x01'.
ERROR:pyubx2.ubxreader:Unknown protocol header b'$\x00'.
ERROR:pyubx2.ubxreader:Unknown protocol header b'$$'.
ERROR:pyubx2.ubxreader:Unknown protocol header b'$\x00'.
ERROR:pyubx2.ubxreader:Unknown protocol header b'\xb5\x01'.
ERROR:pyubx2.ubxreader:Unknown protocol header b'$\x05'.
ERROR:pyubx2.ubxreader:Unknown protocol header b'$\x00'.
ERROR:pyubx2.ubxreader:Unknown protocol header b'$\x00'.
ERROR:pyubx2.ubxreader:Unknown protocol header b'\xb5\x01'.
ERROR:pyubx2.ubxreader:Unknown protocol header b'$\x07'.
ERROR:pyubx2.ubxreader:Unknown protocol header b'$\x02'.
ERROR:pyubx2.ubxreader:Unknown protocol header b'\xb5\x02'.
ERROR:pyubx2.ubxreader:Unknown protocol header b'$\x01'.
ERROR:pyubx2.ubxreader:Unknown protocol header b'\xb5\x05'.
ERROR:pyubx2.ubxreader:Unknown protocol header b'\xb5\x1d'.
ERROR:pyubx2.ubxreader:Unknown protocol header b'\xd3b'.
ERROR:pyubx2.ubxreader:Unknown protocol header b'$_'.
ERROR:pyubx2.ubxreader:Unknown protocol header b'\xd3z'.
ERROR:pyubx2.ubxreader:Unknown protocol header b'\xb5\x81'.
ERROR:pyubx2.ubxreader:Unknown protocol header b'\xb5#'.
ERROR:pyubx2.ubxreader:Unknown protocol header b'$\x05'.
ERROR:pyubx2.ubxreader:Unknown protocol header b'\xd3A'.
ERROR:pyubx2.ubxreader:Unknown protocol header b'\xd3\xc3'.
ERROR:pyubx2.ubxreader:Unknown protocol header b'\xd3E'.
ERROR:pyubx2.ubxreader:Unknown protocol header b'\xb5\x01'.
ERROR:pyubx2.ubxreader:Unknown protocol header b'\xb5\x01'.
ERROR:pyubx2.ubxreader:Unknown protocol header b'\xb5\x01'.
ERROR:pyubx2.ubxreader:Unknown protocol header b'\xb5\x03'.
ERROR:pyubx2.ubxreader:Unknown protocol header b'\xb5\x00'.
ERROR:pyubx2.ubxreader:Unknown protocol header b'\xb5\x00'.
ERROR:pyubx2.ubxreader:Unknown protocol header b'\xb5\x00'.
ERROR:pyubx2.ubxreader:Unknown protocol header b'\xb5\x00'.
ERROR:pyubx2.ubxreader:Unknown protocol header b'\xb5\x01'.
ERROR:pyubx2.ubxreader:Unknown protocol header b'\xb5\n'.
ERROR:pyubx2.ubxreader:Unknown protocol header b'\xb5\n'.
ERROR:pyubx2.ubxreader:Unknown protocol header b'\xb5\n'.
ERROR:pyubx2.ubxreader:Message checksum b'\x00<' invalid - should be b'Y\xe6'
ERROR:pyubx2.ubxreader:Unknown protocol header b'$,'.
ERROR:pyubx2.ubxreader:Unknown protocol header b'\xd3\xb3'.
ERROR:pyubx2.ubxreader:Unknown protocol header b"\xb5'".
ERROR:pyubx2.ubxreader:Unknown protocol header b'\xb5\x02'.
ERROR:pyubx2.ubxreader:Unknown protocol header b'$\x03'.
ERROR:pyubx2.ubxreader:Unknown protocol header b'\xd3A'.
ERROR:pyubx2.ubxreader:Unknown protocol header b'$='.
ERROR:pyubx2.ubxreader:Unknown protocol header b'\xb5\xd2'.
ERROR:pyubx2.ubxreader:Unknown protocol header b'$\x05'.
ERROR:pyubx2.ubxreader:Unknown protocol header b'$r'.
ERROR:pyubx2.ubxreader:Unknown protocol header b'\xd3E'.
ERROR:pyubx2.ubxreader:Unknown protocol header b'\xb5\x02'.
ERROR:pyubx2.ubxreader:Unknown protocol header b'\xb5\x02'.
ERROR:pyubx2.ubxreader:Unknown protocol header b'\xb5\x02'.
ERROR:pyubx2.ubxreader:Unknown protocol header b'\xb5\x02'.
ERROR:pyubx2.ubxreader:Unknown protocol header b'\xb5\x02'.
ERROR:pyubx2.ubxreader:Unknown protocol header b'\xb5\x02'.
ERROR:pyubx2.ubxreader:Unknown protocol header b'\xb5\x02'.
ERROR:pyubx2.ubxreader:Unknown protocol header b'\xb5\x02'.
ERROR:pyubx2.ubxreader:Unknown protocol header b'\xb5\x02'.
ERROR:pyubx2.ubxreader:Unknown protocol header b'\xb5\x02'.
ERROR:pyubx2.ubxreader:Unknown protocol header b'\xb5\x02'.
ERROR:pyubx2.ubxreader:Unknown protocol header b'\xb5\x02'.
ERROR:pyubx2.ubxreader:Unknown protocol header b'\xb5\x02'.
ERROR:pyubx2.ubxreader:Unknown protocol header b'\xb5\x02'.
ERROR:pyubx2.ubxreader:Unknown protocol header b'\xb5\x02'.
ERROR:pyubx2.ubxreader:Unknown protocol header b'\xb5\x02'.
ERROR:pyubx2.ubxreader:Unknown protocol header b'\xb5\x02'.
ERROR:pyubx2.ubxreader:Unknown protocol header b'\xb5\x02'.
ERROR:pyubx2.ubxreader:Unknown protocol header b'\xb5\x02'.
ERROR:pyubx2.ubxreader:Unknown protocol header b'\xb5\x01'.
ERROR:pyubx2.ubxreader:Unknown protocol header b'$\x17'.
ERROR:pyubx2.ubxreader:Unknown protocol header b'\xb5\x01'.
ERROR:pyubx2.ubxreader:Unknown protocol header b'\xb5\x01'.
ERROR:pyubx2.ubxreader:Unknown protocol header b'\xb5\x01'.
ERROR:pyubx2.ubxreader:Unknown protocol header b'$\x89'.
ERROR:pyubx2.ubxreader:Unknown protocol header b'\xb5\x02'.
ERROR:pyubx2.ubxreader:Unknown protocol header b'$\x89'.
ERROR:pyubx2.ubxreader:Unknown protocol header b'$\x05'.
ERROR:pyubx2.ubxreader:Unknown protocol header b'$\x00'.
ERROR:pyubx2.ubxreader:Unknown protocol header b'\xb5\x01'.
ERROR:pyubx2.ubxreader:Unknown protocol header b'$-'.
ERROR:pyubx2.ubxreader:Unknown protocol header b'\xb5\xb5'.
ERROR:pyubx2.ubxreader:Unknown protocol header b'\xb5\xef'.
ERROR:pyubx2.ubxreader:Unknown protocol header b'\xb5$'.
ERROR:pyubx2.ubxreader:Unknown protocol header b'$$'.
ERROR:pyubx2.ubxreader:Unknown protocol header b'$$'.
ERROR:pyubx2.ubxreader:Unknown protocol header b'\xb5\x00'.
ERROR:pyubx2.ubxreader:Unknown protocol header b'\xb5\x0e'.
ERROR:pyubx2.ubxreader:Unknown protocol header b'\xb5\xb5'.
ERROR:pyubx2.ubxreader:Message checksum b'\x00\x00' invalid - should be b'~\x80'
ERROR:pyubx2.ubxreader:Unknown protocol header b'$\x00'.
ERROR:pyubx2.ubxreader:Unknown protocol header b'\xb5\n'.
ERROR:pyubx2.ubxreader:Unknown protocol header b'$\xb5'.
ERROR:pyubx2.ubxreader:Unknown protocol header b'\xb5\n'.
ERROR:pyubx2.ubxreader:Unknown protocol header b'$\x02'.
ERROR:pyubx2.ubxreader:Unknown protocol header b'\xb5\x02'.
ERROR:pyubx2.ubxreader:Unknown protocol header b'$\x9e'.
ERROR:pyubx2.ubxreader:Unknown protocol header b'\xd3\xa5'.
ERROR:pyubx2.ubxreader:Unknown protocol header b'\xd3\x19'.
ERROR:pyubx2.ubxreader:Unknown protocol header b"\xb5'".
ERROR:pyubx2.ubxreader:Unknown protocol header b'\xd3\xc0'.
ERROR:pyubx2.ubxreader:Unknown protocol header b'$\xf3'.
ERROR:pyubx2.ubxreader:Unknown protocol header b'$\x1d'.
ERROR:pyubx2.ubxreader:Unknown protocol header b'\xb5\xe0'.
ERROR:pyubx2.ubxreader:Unknown protocol header b'\xb5\x02'.
ERROR:pyubx2.ubxreader:Unknown protocol header b'\xb5\x02'.
ERROR:pyubx2.ubxreader:Unknown protocol header b'\xb5\x02'.
ERROR:pyubx2.ubxreader:Unknown protocol header b'\xb5\x02'.
ERROR:pyubx2.ubxreader:Message checksum b'41' invalid - should be b'\xa0X'
ERROR:pyubx2.ubxreader:Unknown protocol header b'$\x00'.
ERROR:pyubx2.ubxreader:Unknown protocol header b'\xb5\x01'.
ERROR:pyubx2.ubxreader:Message checksum b'\xc8\xb5' invalid - should be b'\x1a\xb1'
ERROR:pyubx2.ubxreader:Unknown protocol header b'$\x14'.
ERROR:pyubx2.ubxreader:Unknown protocol header b'\xb5\x01'.
ERROR:pyubx2.ubxreader:Unknown protocol header b'\xb5\x01'.
ERROR:pyubx2.ubxreader:Unknown protocol header b'\xb5\xe5'.
ERROR:pyubx2.ubxreader:Unknown protocol header b'\xb5\x01'.
ERROR:pyubx2.ubxreader:Unknown protocol header b'\xb5\x01'.
ERROR:pyubx2.ubxreader:Unknown protocol header b'\xb5\x01'.
ERROR:pyubx2.ubxreader:Unknown protocol header b'\xb5\x01'.
ERROR:pyubx2.ubxreader:Unknown protocol header b"\xb5'".
ERROR:pyubx2.ubxreader:Unknown protocol header b'$.'.
ERROR:pyubx2.ubxreader:Unknown protocol header b'\xd3D'.
ERROR:pyubx2.ubxreader:Unknown protocol header b'$w'.
ERROR:pyubx2.ubxreader:Unknown protocol header b'$\xf7'.
ERROR:pyubx2.ubxreader:Unknown protocol header b'$.'.
ERROR:pyubx2.ubxreader:Unknown protocol header b'\xb5\r'.
ERROR:pyubx2.ubxreader:Unknown protocol header b'\xb5\n'.
ERROR:pyubx2.ubxreader:Unknown protocol header b'\xb5\n'.
ERROR:pyubx2.ubxreader:Unknown protocol header b'\xb5\x02'.
ERROR:pyubx2.ubxreader:Message checksum b'\x149' invalid - should be b'\xb0\xd7'
ERROR:pyubx2.ubxreader:Unknown protocol header b'\xb5\x02'.
ERROR:pyubx2.ubxreader:Unknown protocol header b'\xb5\x00'.
ERROR:pyubx2.ubxreader:Unknown protocol header b'\xb5\x00'.
ERROR:pyubx2.ubxreader:Unknown protocol header b'\xd3\xff'.
ERROR:pyubx2.ubxreader:Unknown protocol header b"\xb5'".
ERROR:pyubx2.ubxreader:Unknown protocol header b'\xb5A'.
ERROR:pyubx2.ubxreader:Unknown protocol header b'\xb5\x1f'.
ERROR:pyubx2.ubxreader:Unknown protocol header b'\xb5\x01'.
ERROR:pyubx2.ubxreader:Unknown protocol header b'$\x00'.
ERROR:pyubx2.ubxreader:Unknown protocol header b'\xb5\x01'.
ERROR:pyubx2.ubxreader:Unknown protocol header b'\xb5\x01'.
ERROR:pyubx2.ubxreader:Unknown protocol header b'$Q'.
ERROR:pyubx2.ubxreader:Unknown protocol header b'$$'.
ERROR:pyubx2.ubxreader:Unknown protocol header b'\xb5\x01'.
ERROR:pyubx2.ubxreader:Unknown protocol header b'\xb5\x01'.
ERROR:pyubx2.ubxreader:Unknown protocol header b'$-'.
ERROR:pyubx2.ubxreader:Message checksum b';\xb5' invalid - should be b'\xfe\x88'
ERROR:pyubx2.ubxreader:Unknown protocol header b'$\x14'.
ERROR:pyubx2.ubxreader:Unknown protocol header b'\xb5\x01'.
ERROR:pyubx2.ubxreader:Unknown protocol header b'\xb5\x01'.
ERROR:pyubx2.ubxreader:Unknown protocol header b'\xb5\x01'.
ERROR:pyubx2.ubxreader:Unknown protocol header b'\xb5\x01'.
ERROR:pyubx2.ubxreader:Unknown protocol header b'\xb5\x01'.
ERROR:pyubx2.ubxreader:Unknown protocol header b'\xb5\x01'.
ERROR:pyubx2.ubxreader:Unknown protocol header b'\xb5\x01'.
ERROR:pyubx2.ubxreader:Unknown protocol header b"\xb5'".
ERROR:pyubx2.ubxreader:Unknown protocol header b'$.'.
ERROR:pyubx2.ubxreader:Unknown protocol header b'\xd3\x11'.
ERROR:pyubx2.ubxreader:Unknown protocol header b'$\xf7'.
ERROR:pyubx2.ubxreader:Unknown protocol header b'$\x17'.
ERROR:pyubx2.ubxreader:Unknown protocol header b'$\x97'.
ERROR:pyubx2.ubxreader:Unknown protocol header b'\xb5\x02'.
ERROR:pyubx2.ubxreader:Message checksum b'\x00\x00' invalid - should be b'[\xbc'
ERROR:pyubx2.ubxreader:Unknown protocol header b'$\r'.
ERROR:pyubx2.ubxreader:Unknown protocol header b'\xd3\xc4'.
ERROR:pyubx2.ubxreader:Unknown protocol header b'\xb5\x81'.
ERROR:pyubx2.ubxreader:Unknown protocol header b'\xb5\r'.
ERROR:pyubx2.ubxreader:Unknown protocol header b'\xd3t'.
ERROR:pyubx2.ubxreader:Unknown protocol header b'\xb5\x18'.
ERROR:pyubx2.ubxreader:Unknown protocol header b'\xb5\x02'.
ERROR:pyubx2.ubxreader:Unknown protocol header b'\xb5\x02'.
ERROR:pyubx2.ubxreader:Unknown protocol header b'$\x00'.
ERROR:pyubx2.ubxreader:Unknown protocol header b'$\x00'.
ERROR:pyubx2.ubxreader:Unknown protocol header b'$\t'.
ERROR:pyubx2.ubxreader:Unknown protocol header b'$\x00'.
ERROR:pyubx2.ubxreader:Message checksum b'\x8a\xf7' invalid - should be b'/S'
ERROR:pyubx2.ubxreader:Unknown protocol header b'\xd3u'.
ERROR:pyubx2.ubxreader:Unknown protocol header b'\xb5m'.
ERROR:pyubx2.ubxreader:Unknown protocol header b'\xd3u'.
ERROR:pyubx2.ubxreader:Unknown protocol header b'$.'.
ERROR:pyubx2.ubxreader:Unknown protocol header b'\xb5\r'.
ERROR:pyubx2.ubxreader:Message checksum b'\xe1\xb5' invalid - should be b'\x17m'
ERROR:pyubx2.ubxreader:Message checksum b'\x00\x00' invalid - should be b'$t'
ERROR:pyubx2.ubxreader:Message checksum b'\x00\x00' invalid - should be b'\x1fd'
ERROR:pyubx2.ubxreader:Unknown protocol header b'\xb5\n'.
ERROR:pyubx2.ubxreader:Unknown protocol header b'\xb5\n'.
ERROR:pyubx2.ubxreader:Message checksum b'\x00\x00' invalid - should be b'l|'
ERROR:pyubx2.ubxreader:Message checksum b'\x00?' invalid - should be b'Y\xe6'
ERROR:pyubx2.ubxreader:Unknown protocol header b'\xb5\x02'.
ERROR:pyubx2.ubxreader:Unknown protocol header b'$$'.
ERROR:pyubx2.ubxreader:Unknown protocol header b'\xb5\x02'.
ERROR:pyubx2.ubxreader:Message checksum b'\x00\x00' invalid - should be b'\x18X'
ERROR:pyubx2.ubxreader:Unknown protocol header b'\xb5\xe3'.
ERROR:pyubx2.ubxreader:Unknown protocol header b'$\x05'.
ERROR:pyubx2.ubxreader:Unknown protocol header b'$\xf5'.
ERROR:pyubx2.ubxreader:Unknown protocol header b'\xb5\x00'.
ERROR:pyubx2.ubxreader:Unknown protocol header b'$\xbc'.
ERROR:pyubx2.ubxreader:Unknown protocol header b'\xb5\x01'.
ERROR:pyubx2.ubxreader:Serial stream terminated unexpectedly. 63490 bytes requested, 24490 bytes returned.
ERROR:pyubx2.ubxreader:Unknown protocol header b'\xb5\x13'.
ERROR:pyubx2.ubxreader:Unknown protocol header b'\xb5\xdf'.
ERROR:pyubx2.ubxreader:Unknown protocol header b'\xb5\x02'.
ERROR:pyubx2.ubxreader:Unknown protocol header b'\xb5\n'.
ERROR:pyubx2.ubxreader:Unknown protocol header b'\xb5\n'.
ERROR:pyubx2.ubxreader:Unknown protocol header b'\xb5\n'.
ERROR:pyubx2.ubxreader:Unknown protocol header b'\xb5\n'.
ERROR:pyubx2.ubxreader:Unknown protocol header b'\xb5\n'.
ERROR:pyubx2.ubxreader:Unknown protocol header b'\xb5\n'.
ERROR:pyubx2.ubxreader:Unknown protocol header b'\xb5\n'.
ERROR:pyubx2.ubxreader:Unknown protocol header b'\xb5\x02'.
ERROR:pyubx2.ubxreader:Unknown protocol header b'$*'.
ERROR:pyubx2.ubxreader:Unknown protocol header b"\xb5'".
ERROR:pyubx2.ubxreader:Unknown protocol header b'\xb5\x02'.
ERROR:pyubx2.ubxreader:Unknown protocol header b'\xb5\x0c'.
ERROR:pyubx2.ubxreader:Unknown protocol header b'\xb5\x9d'.
ERROR:pyubx2.ubxreader:Unknown protocol header b'\xb5&'.
ERROR:pyubx2.ubxreader:Unknown protocol header b'\xd3b'.
ERROR:pyubx2.ubxreader:Unknown protocol header b'\xb5\xc3'.
ERROR:pyubx2.ubxreader:Unknown protocol header b'\xd3\xe5'.
ERROR:pyubx2.ubxreader:Unknown protocol header b'\xb5\x01'.
ERROR:pyubx2.ubxreader:Message checksum b'\x00\x00' invalid - should be b'8\xbc'
ERROR:pyubx2.ubxreader:Unknown protocol header b'\xb5\x01'.
ERROR:pyubx2.ubxreader:Unknown protocol header b'$\x00'.
ERROR:pyubx2.ubxreader:Unknown protocol header b'\xb5\x01'.
ERROR:pyubx2.ubxreader:Unknown protocol header b'$+'.
ERROR:pyubx2.ubxreader:Unknown protocol header b'$\x00'.
ERROR:pyubx2.ubxreader:Unknown protocol header b'$X'.
ERROR:pyubx2.ubxreader:Unknown protocol header b'$\x00'.
ERROR:pyubx2.ubxreader:Unknown protocol header b'$\x07'.
ERROR:pyubx2.ubxreader:Unknown protocol header b'\xb5\x01'.
ERROR:pyubx2.ubxreader:Unknown protocol header b'$\x14'.
ERROR:pyubx2.ubxreader:Unknown protocol header b'\xb5\x01'.
ERROR:pyubx2.ubxreader:Unknown protocol header b'\xb5\x01'.
ERROR:pyubx2.ubxreader:Unknown protocol header b'\xb5\x01'.
ERROR:pyubx2.ubxreader:Unknown protocol header b'\xb5\x01'.
ERROR:pyubx2.ubxreader:Unknown protocol header b'\xb5\x01'.
ERROR:pyubx2.ubxreader:Unknown protocol header b'\xb5\x01'.
ERROR:pyubx2.ubxreader:Unknown protocol header b'\xb5\x01'.
ERROR:pyubx2.ubxreader:Unknown protocol header b'\xb5\x01'.
ERROR:pyubx2.ubxreader:Unknown protocol header b'\xb5\x01'.
ERROR:pyubx2.ubxreader:Unknown protocol header b"\xb5'".
ERROR:pyubx2.ubxreader:Unknown protocol header b'$\xd7'.
ERROR:pyubx2.ubxreader:Unknown protocol header b'\xd3q'.
ERROR:pyubx2.ubxreader:Unknown protocol header b'$\xf7'.
ERROR:pyubx2.ubxreader:Unknown protocol header b'$\x17'.
ERROR:pyubx2.ubxreader:Unknown protocol header b'$7'.
ERROR:pyubx2.ubxreader:Unknown protocol header b'\xd3q'.
ERROR:pyubx2.ubxreader:Unknown protocol header b'$\x17'.
ERROR:pyubx2.ubxreader:Unknown protocol header b'$\xc6'.
ERROR:pyubx2.ubxreader:Unknown protocol header b'\xd3q'.
ERROR:pyubx2.ubxreader:Unknown protocol header b'\xd3q'.
ERROR:pyubx2.ubxreader:Unknown protocol header b'\xb5\x02'.
ERROR:pyubx2.ubxreader:Serial stream terminated unexpectedly. 49410 bytes requested, 16140 bytes returned.
ERROR:pyubx2.ubxreader:Unknown protocol header b'\xb5\n'.
ERROR:pyubx2.ubxreader:Unknown protocol header b'\xb5\n'.
ERROR:pyubx2.ubxreader:Unknown protocol header b'\xb5\x02'.
ERROR:pyubx2.ubxreader:Unknown protocol header b'$$'.
ERROR:pyubx2.ubxreader:Unknown protocol header b'\xd3O'.
ERROR:pyubx2.ubxreader:Unknown protocol header b'\xb5\xff'.
ERROR:pyubx2.ubxreader:Unknown protocol header b"\xb5'".
ERROR:pyubx2.ubxreader:Unknown protocol header b'\xb5\x02'.
ERROR:pyubx2.ubxreader:Unknown protocol header b'\xb5\xc5'.
ERROR:pyubx2.ubxreader:Unknown protocol header b'\xd3\x9c'.
ERROR:pyubx2.ubxreader:Unknown protocol header b'\xb5z'.
ERROR:pyubx2.ubxreader:Unknown protocol header b'$\x00'.
ERROR:pyubx2.ubxreader:Unknown protocol header b'\xb5\x01'.
ERROR:pyubx2.ubxreader:Unknown protocol header b'\xb5\x01'.
ERROR:pyubx2.ubxreader:Unknown protocol header b'\xb5\x01'.
ERROR:pyubx2.ubxreader:Unknown protocol header b'\xb5\x01'.
ERROR:pyubx2.ubxreader:Unknown protocol header b'\xb5\x01'.
ERROR:pyubx2.ubxreader:Unknown protocol header b'$Q'.
ERROR:pyubx2.ubxreader:Unknown protocol header b'$+'.
ERROR:pyubx2.ubxreader:Unknown protocol header b'$\x00'.
ERROR:pyubx2.ubxreader:Unknown protocol header b'\xb5\x01'.
ERROR:pyubx2.ubxreader:Unknown protocol header b'$X'.
ERROR:pyubx2.ubxreader:Unknown protocol header b'$\x00'.
ERROR:pyubx2.ubxreader:Unknown protocol header b'$0'.
ERROR:pyubx2.ubxreader:Unknown protocol header b'$\x00'.
ERROR:pyubx2.ubxreader:Unknown protocol header b'\xb5\x01'.
ERROR:pyubx2.ubxreader:Unknown protocol header b'$\x14'.
ERROR:pyubx2.ubxreader:Unknown protocol header b'\xb5\x01'.
ERROR:pyubx2.ubxreader:Unknown protocol header b'\xb5\x01'.
ERROR:pyubx2.ubxreader:Unknown protocol header b'\xb5\x01'.
ERROR:pyubx2.ubxreader:Message checksum b'\x17\xf5' invalid - should be b'b\xfe'
ERROR:pyubx2.ubxreader:Unknown protocol header b'$\xd7'.
ERROR:pyubx2.ubxreader:Unknown protocol header b'\xd3q'.
ERROR:pyubx2.ubxreader:Unknown protocol header b'$\xf7'.
ERROR:pyubx2.ubxreader:Unknown protocol header b'$\x17'.
ERROR:pyubx2.ubxreader:Unknown protocol header b'$7'.
ERROR:pyubx2.ubxreader:Unknown protocol header b'$.'.
ERROR:pyubx2.ubxreader:Unknown protocol header b'\xd3q'.
ERROR:pyubx2.ubxreader:Unknown protocol header b'$\x17'.
ERROR:pyubx2.ubxreader:Unknown protocol header b'\xd3D'.
ERROR:pyubx2.ubxreader:Unknown protocol header b'\xd3D'.
ERROR:pyubx2.ubxreader:Unknown protocol header b'$d'.
ERROR:pyubx2.ubxreader:Unknown protocol header b'$\x97'.
ERROR:pyubx2.ubxreader:Message checksum b'\x00\x00' invalid - should be b'd\x1a'
ERROR:pyubx2.ubxreader:Unknown protocol header b'\xb5\n'.
ERROR:pyubx2.ubxreader:Unknown protocol header b'\xb5\n'.
ERROR:pyubx2.ubxreader:Unknown protocol header b'\xb5\n'.
ERROR:pyubx2.ubxreader:Unknown protocol header b'\xb5\n'.
ERROR:pyubx2.ubxreader:Unknown protocol header b'\xb5\x02'.
ERROR:pyubx2.ubxreader:Unknown protocol header b'$*'.
ERROR:pyubx2.ubxreader:Unknown protocol header b'\xd3\x0b'.
ERROR:pyubx2.ubxreader:Unknown protocol header b"\xb5'".
ERROR:pyubx2.ubxreader:Unknown protocol header b'\xd3A'.
ERROR:pyubx2.ubxreader:Unknown protocol header b'$\x1e'.
ERROR:pyubx2.ubxreader:Unknown protocol header b'\xd3\xb3'.
ERROR:pyubx2.ubxreader:Unknown protocol header b'\xb5\xab'.
ERROR:pyubx2.ubxreader:Unknown protocol header b'\xb5\xc5'.
ERROR:pyubx2.ubxreader:Unknown protocol header b'$\x03'.
ERROR:pyubx2.ubxreader:Message checksum b'\xea\xb5' invalid - should be b'^\x8b'
ERROR:pyubx2.ubxreader:Unknown protocol header b'$\xb5'.
ERROR:pyubx2.ubxreader:Unknown protocol header b'\xb5\x02'.
ERROR:pyubx2.ubxreader:Unknown protocol header b'\xb5\x02'.
ERROR:pyubx2.ubxreader:Unknown protocol header b'\xb5\x02'.
ERROR:pyubx2.ubxreader:Unknown protocol header b'\xb5\x02'.
ERROR:pyubx2.ubxreader:Unknown protocol header b'\xb5\x02'.
ERROR:pyubx2.ubxreader:Unknown protocol header b'\xb5\x01'.
ERROR:pyubx2.ubxreader:Unknown protocol header b'$\x00'.
ERROR:pyubx2.ubxreader:Unknown protocol header b'$\x00'.
ERROR:pyubx2.ubxreader:Unknown protocol header b'\xb5\x01'.
ERROR:pyubx2.ubxreader:Unknown protocol header b'$+'.
ERROR:pyubx2.ubxreader:Unknown protocol header b'$\x00'.
ERROR:pyubx2.ubxreader:Unknown protocol header b'$\x05'.
ERROR:pyubx2.ubxreader:Unknown protocol header b'$\x00'.
ERROR:pyubx2.ubxreader:Unknown protocol header b'$&'.
ERROR:pyubx2.ubxreader:Unknown protocol header b'$\x07'.
ERROR:pyubx2.ubxreader:Unknown protocol header b'$\x00'.
ERROR:pyubx2.ubxreader:Unknown protocol header b'\xb5\x01'.
ERROR:pyubx2.ubxreader:Unknown protocol header b'\xb5\x01'.
ERROR:pyubx2.ubxreader:Unknown protocol header b'\xb5\x01'.
ERROR:pyubx2.ubxreader:Unknown protocol header b'\xb5\x01'.
ERROR:pyubx2.ubxreader:Unknown protocol header b'$\x14'.
ERROR:pyubx2.ubxreader:Unknown protocol header b'\xb5\x01'.
ERROR:pyubx2.ubxreader:Unknown protocol header b'\xb5\x01'.
ERROR:pyubx2.ubxreader:Unknown protocol header b'\xb5\x01'.
ERROR:pyubx2.ubxreader:Unknown protocol header b'\xb5\x01'.
ERROR:pyubx2.ubxreader:Unknown protocol header b'\xb5\x01'.
ERROR:pyubx2.ubxreader:Unknown protocol header b'\xb5\x01'.
ERROR:pyubx2.ubxreader:Unknown protocol header b'\xb5\x01'.
ERROR:pyubx2.ubxreader:Message checksum b'\xf6\xc1' invalid - should be b'\x8dj'
ERROR:pyubx2.ubxreader:Unknown protocol header b'$\x17'.
ERROR:pyubx2.ubxreader:Unknown protocol header b'\xd3H'.
ERROR:pyubx2.ubxreader:Unknown protocol header b'$d'.
ERROR:pyubx2.ubxreader:Unknown protocol header b'\xb5\n'.
ERROR:pyubx2.ubxreader:Unknown protocol header b'\xb5\n'.
ERROR:pyubx2.ubxreader:Unknown protocol header b'\xb5\n'.
ERROR:pyubx2.ubxreader:Message checksum b'\x00\x00' invalid - should be b'\x1fd'
ERROR:pyubx2.ubxreader:Message checksum b'\x00\x00' invalid - should be b'zp'
ERROR:pyubx2.ubxreader:Message checksum b'\x04\x00' invalid - should be b'\xde\xd0'
ERROR:pyubx2.ubxreader:Message checksum b'\x00~' invalid - should be b'~\x9e'
ERROR:pyubx2.ubxreader:Unknown protocol header b'\xb5\x02'.
ERROR:pyubx2.ubxreader:Unknown protocol header b'$\x07'.
ERROR:pyubx2.ubxreader:Unknown protocol header b'$\x01'.
ERROR:pyubx2.ubxreader:Unknown protocol header b'\xb5\xa1'.
ERROR:pyubx2.ubxreader:Unknown protocol header b'\xb5\xc8'.
ERROR:pyubx2.ubxreader:Unknown protocol header b'$\x03'.
ERROR:pyubx2.ubxreader:Unknown protocol header b'\xd3,'.
ERROR:pyubx2.ubxreader:Unknown protocol header b'\xb5\x01'.
ERROR:pyubx2.ubxreader:Unknown protocol header b'\xb5\x01'.
ERROR:pyubx2.ubxreader:Unknown protocol header b'\xb5\x01'.
ERROR:pyubx2.ubxreader:Unknown protocol header b'\xb5\x01'.
ERROR:pyubx2.ubxreader:Unknown protocol header b'\xb5\x01'.
ERROR:pyubx2.ubxreader:Unknown protocol header b'$\x00'.
ERROR:pyubx2.ubxreader:Unknown protocol header b'\xb5\x01'.
ERROR:pyubx2.ubxreader:Unknown protocol header b'$.'.
ERROR:pyubx2.ubxreader:Unknown protocol header b'$X'.
ERROR:pyubx2.ubxreader:Unknown protocol header b'$&'.
ERROR:pyubx2.ubxreader:Unknown protocol header b'$\x07'.
ERROR:pyubx2.ubxreader:Unknown protocol header b'$+'.
ERROR:pyubx2.ubxreader:Unknown protocol header b'\xb5\x01'.
ERROR:pyubx2.ubxreader:Unknown protocol header b'\xb5\x01'.
ERROR:pyubx2.ubxreader:Unknown protocol header b'\xb5\xb5'.
ERROR:pyubx2.ubxreader:Unknown protocol header b'\xb5\xb5'.
ERROR:pyubx2.ubxreader:Unknown protocol header b'\xb5\xb5'.
ERROR:pyubx2.ubxreader:Unknown protocol header b'\xb5\xb5'.
ERROR:pyubx2.ubxreader:Unknown protocol header b'\xb5\xb5'.
ERROR:pyubx2.ubxreader:Unknown protocol header b'\xb5\x02'.
ERROR:pyubx2.ubxreader:Unknown protocol header b'\xb5\xff'.
ERROR:pyubx2.ubxreader:Unknown protocol header b'\xb5\x02'.
ERROR:pyubx2.ubxreader:Unknown protocol header b'\xb5\n'.
ERROR:pyubx2.ubxreader:Message checksum b'\xd8\xcd' invalid - should be b'\xd4\xb6'
ERROR:pyubx2.ubxreader:Unknown protocol header b'\xd3\x15'.
ERROR:pyubx2.ubxreader:Unknown protocol header b'$\xf8'.
ERROR:pyubx2.ubxreader:Unknown protocol header b'$\x00'.
ERROR:pyubx2.ubxreader:Unknown protocol header b'$\xe9'.
ERROR:pyubx2.ubxreader:Unknown protocol header b'\xd3\xc1'.
ERROR:pyubx2.ubxreader:Unknown protocol header b'\xd3\x95'.
ERROR:pyubx2.ubxreader:Unknown protocol header b'$\x07'.
ERROR:pyubx2.ubxreader:Unknown protocol header b'\xb5\x01'.
ERROR:pyubx2.ubxreader:Unknown protocol header b'\xb5\x01'.
ERROR:pyubx2.ubxreader:Unknown protocol header b'\xb5\x01'.
ERROR:pyubx2.ubxreader:Unknown protocol header b'\xb5\x01'.
ERROR:pyubx2.ubxreader:Unknown protocol header b'$\x00'.
ERROR:pyubx2.ubxreader:Unknown protocol header b'$X'.
ERROR:pyubx2.ubxreader:Unknown protocol header b'$\x00'.
ERROR:pyubx2.ubxreader:Unknown protocol header b'$+'.
ERROR:pyubx2.ubxreader:Unknown protocol header b'$\x14'.
ERROR:pyubx2.ubxreader:Unknown protocol header b'\xb5\x01'.
ERROR:pyubx2.ubxreader:Unknown protocol header b'\xb5\x01'.
ERROR:pyubx2.ubxreader:Unknown protocol header b'\xb5\x01'.
ERROR:pyubx2.ubxreader:Unknown protocol header b'\xb5\x01'.
ERROR:pyubx2.ubxreader:Unknown protocol header b'\xb5\x01'.
ERROR:pyubx2.ubxreader:Unknown protocol header b'\xb5\x01'.
ERROR:pyubx2.ubxreader:Unknown protocol header b'\xb5\xb5'.
ERROR:pyubx2.ubxreader:Unknown protocol header b'\xb5~'.
ERROR:pyubx2.ubxreader:Unknown protocol header b'\xb5\xb5'.
ERROR:pyubx2.ubxreader:Unknown protocol header b'\xb5\xb5'.
device reports readiness to read but returned no data (device disconnected or multiple access on port?)
Error in get ublox data thread: device reports readiness to read but returned no data (device disconnected or multiple access on port?)
Error in get ublox data thread: device reports readiness to read but returned no data (device disconnected or multiple access on port?)
Error in get ublox data thread: device reports readiness to read but returned no data (device disconnected or multiple access on port?)
Error in get ublox data thread: device reports readiness to read but returned no data (device disconnected or multiple access on port?)
Error in get ublox data thread: device reports readiness to read but returned no data (device disconnected or multiple access on port?)
Error in get ublox data thread: device reports readiness to read but returned no data (device disconnected or multiple access on port?)
Error in get ublox data thread: device reports readiness to read but returned no data (device disconnected or multiple access on port?)
Error in get ublox data thread: device reports readiness to read but returned no data (device disconnected or multiple access on port?)
Error in get ublox data thread: device reports readiness to read but returned no data (device disconnected or multiple access on port?)
Error in get ublox data thread: device reports readiness to read but returned no data (device disconnected or multiple access on port?)
Error in get ublox data thread: device reports readiness to read but returned no data (device disconnected or multiple access on port?)
Error in get ublox data thread: device reports readiness to read but returned no data (device disconnected or multiple access on port?)
Error in get ublox data thread: device reports readiness to read but returned no data (device disconnected or multiple access on port?)
Error in get ublox data thread: device reports readiness to read but returned no data (device disconnected or multiple access on port?)
Error in get ublox data thread: device reports readiness to read but returned no data (device disconnected or multiple access on port?)
Error in get ublox data thread: device reports readiness to read but returned no data (device disconnected or multiple access on port?)
Error in get ublox data thread: device reports readiness to read but returned no data (device disconnected or multiple access on port?)
Error in get ublox data thread: device reports readiness to read but returned no data (device disconnected or multiple access on port?)
Error in get ublox data thread: device reports readiness to read but returned no data (device disconnected or multiple access on port?)
Error in get ublox data thread: device reports readiness to read but returned no data (device disconnected or multiple access on port?)
Error in get ublox data thread: device reports readiness to read but returned no data (device disconnected or multiple access on port?)
Error in get ublox data thread: device reports readiness to read but returned no data (device disconnected or multiple access on port?)
Error in get ublox data thread: device reports readiness to read but returned no data (device disconnected or multiple access on port?)
Error in get ublox data thread: device reports readiness to read but returned no data (device disconnected or multiple access on port?)
Error in get ublox data thread: device reports readiness to read but returned no data (device disconnected or multiple access on port?)
Error in get ublox data thread: device reports readiness to read but returned no data (device disconnected or multiple access on port?)
Error in get ublox data thread: device reports readiness to read but returned no data (device disconnected or multiple access on port?)
Error in get ublox data thread: device reports readiness to read but returned no data (device disconnected or multiple access on port?)
Error in get ublox data thread: device reports readiness to read but returned no data (device disconnected or multiple access on port?)
Error in get ublox data thread: device reports readiness to read but returned no data (device disconnected or multiple access on port?)
Error in get ublox data thread: device reports readiness to read but returned no data (device disconnected or multiple access on port?)
Error in get ublox data thread: device reports readiness to read but returned no data (device disconnected or multiple access on port?)
Error in get ublox data thread: device reports readiness to read but returned no data (device disconnected or multiple access on port?)
Error in get ublox data thread: device reports readiness to read but returned no data (device disconnected or multiple access on port?)
Error in get ublox data thread: device reports readiness to read but returned no data (device disconnected or multiple access on port?)
Error in get ublox data thread: device reports readiness to read but returned no data (device disconnected or multiple access on port?)
Error in get ublox data thread: device reports readiness to read but returned no data (device disconnected or multiple access on port?)
Error in get ublox data thread: device reports readiness to read but returned no data (device disconnected or multiple access on port?)
Error in get ublox data thread: device reports readiness to read but returned no data (device disconnected or multiple access on port?)
Error in get ublox data thread: device reports readiness to read but returned no data (device disconnected or multiple access on port?)
Error in get ublox data thread: device reports readiness to read but returned no data (device disconnected or multiple access on port?)
Error in get ublox data thread: device reports readiness to read but returned no data (device disconnected or multiple access on port?)
Error in get ublox data thread: device reports readiness to read but returned no data (device disconnected or multiple access on port?)
Error in get ublox data thread: device reports readiness to read but returned no data (device disconnected or multiple access on port?)
Error in get ublox data thread: device reports readiness to read but returned no data (device disconnected or multiple access on port?)
Error in get ublox data thread: device reports readiness to read but returned no data (device disconnected or multiple access on port?)
Error in get ublox data thread: device reports readiness to read but returned no data (device disconnected or multiple access on port?)
Error in get ublox data thread: device reports readiness to read but returned no data (device disconnected or multiple access on port?)
Error in get ublox data thread: device reports readiness to read but returned no data (device disconnected or multiple access on port?)
Error in get ublox data thread: device reports readiness to read but returned no data (device disconnected or multiple access on port?)
Error in get ublox data thread: device reports readiness to read but returned no data (device disconnected or multiple access on port?)
Error in get ublox data thread: device reports readiness to read but returned no data (device disconnected or multiple access on port?)
Error in get ublox data thread: device reports readiness to read but returned no data (device disconnected or multiple access on port?)
Error in get ublox data thread: device reports readiness to read but returned no data (device disconnected or multiple access on port?)
Error in get ublox data thread: device reports readiness to read but returned no data (device disconnected or multiple access on port?)
Error in get ublox data thread: device reports readiness to read but returned no data (device disconnected or multiple access on port?)
Error in get ublox data thread: device reports readiness to read but returned no data (device disconnected or multiple access on port?)
Error in get ublox data thread: device reports readiness to read but returned no data (device disconnected or multiple access on port?)
Error in get ublox data thread: device reports readiness to read but returned no data (device disconnected or multiple access on port?)
Error in get ublox data thread: ERROR:pyubx2.ubxreader:Unknown protocol header b'\xb5\x00'.
ERROR:pyubx2.ubxreader:Unknown protocol header b'\xb5\xb5'.
ERROR:pyubx2.ubxreader:Unknown protocol header b'\xb5\x01'.
ERROR:pyubx2.ubxreader:Unknown protocol header b'$\x00'.
ERROR:pyubx2.ubxreader:Unknown protocol header b'$\x00'.
ERROR:pyubx2.ubxreader:Unknown protocol header b'\xb5\x01'.
ERROR:pyubx2.ubxreader:Unknown protocol header b'\xd3\xff'.
ERROR:pyubx2.ubxreader:Unknown protocol header b'\xb5\x01'.
ERROR:pyubx2.ubxreader:Unknown protocol header b'\xd3/'.
ERROR:pyubx2.ubxreader:Unknown protocol header b'$\x00'.
ERROR:pyubx2.ubxreader:Unknown protocol header b'\xb5\x01'.
ERROR:pyubx2.ubxreader:Unknown protocol header b'$\xec'.
ERROR:pyubx2.ubxreader:Unknown protocol header b'$$'.
ERROR:pyubx2.ubxreader:Unknown protocol header b'$$'.
ERROR:pyubx2.ubxreader:Unknown protocol header b'\xb5\xb5'.
ERROR:pyubx2.ubxreader:Unknown protocol header b'\xb5\x01'.
ERROR:pyubx2.ubxreader:Unknown protocol header b'\xb5\x01'.
ERROR:pyubx2.ubxreader:Unknown protocol header b'\xb5\n'.
ERROR:pyubx2.ubxreader:Unknown protocol header b'\xb5\n'.
ERROR:pyubx2.ubxreader:Unknown protocol header b'\xb5\n'.
ERROR:pyubx2.ubxreader:Unknown protocol header b'\xb5\n'.
ERROR:pyubx2.ubxreader:Unknown protocol header b'\xb5\n'.
ERROR:pyubx2.ubxreader:Unknown protocol header b'\xb5\x02'.
ERROR:pyubx2.ubxreader:Unknown protocol header b'\xb5\x02'.
ERROR:pyubx2.ubxreader:Unknown protocol header b'\xb5\x02'.
ERROR:pyubx2.ubxreader:Unknown protocol header b'\xb5\x02'.
ERROR:pyubx2.ubxreader:Unknown protocol header b'\xb5\x02'.
ERROR:pyubx2.ubxreader:Unknown protocol header b'\xb5\x02'.
ERROR:pyubx2.ubxreader:Unknown protocol header b'$\x00'.
ERROR:pyubx2.ubxreader:Unknown protocol header b'\xd3\xff'.
ERROR:pyubx2.ubxreader:Unknown protocol header b'\xb5\x02'.
ERROR:pyubx2.ubxreader:Unknown protocol header b'$s'.
ERROR:pyubx2.ubxreader:Unknown protocol header b'$\x04'.
ERROR:pyubx2.ubxreader:Unknown protocol header b'\xd3\xe7'.
ERROR:pyubx2.ubxreader:Unknown protocol header b'$\x9c'.
ERROR:pyubx2.ubxreader:Unknown protocol header b'\xd3\xcb'.
ERROR:pyubx2.ubxreader:Unknown protocol header b'\xb5\xe8'.
ERROR:pyubx2.ubxreader:Unknown protocol header b'$\x03'.
ERROR:pyubx2.ubxreader:Unknown protocol header b'\xb5\x01'.
ERROR:pyubx2.ubxreader:Unknown protocol header b'\xb5\x01'.
ERROR:pyubx2.ubxreader:Unknown protocol header b'\xb5\x01'.
ERROR:pyubx2.ubxreader:Unknown protocol header b'\xb5\x01'.
ERROR:pyubx2.ubxreader:Unknown protocol header b'$\x00'.
ERROR:pyubx2.ubxreader:Unknown protocol header b'\xd3\xff'.
ERROR:pyubx2.ubxreader:Unknown protocol header b'$\x00'.
ERROR:pyubx2.ubxreader:Unknown protocol header b'\xb5\x01'.
ERROR:pyubx2.ubxreader:Unknown protocol header b'$$'.
ERROR:pyubx2.ubxreader:Unknown protocol header b'$\x00'.
ERROR:pyubx2.ubxreader:Unknown protocol header b'$\x00'.
ERROR:pyubx2.ubxreader:Unknown protocol header b'$\x00'.
ERROR:pyubx2.ubxreader:Unknown protocol header b'\xb5\x01'.
ERROR:pyubx2.ubxreader:Unknown protocol header b'\xb5\x01'.
ERROR:pyubx2.ubxreader:Unknown protocol header b'$\xc4'.
ERROR:pyubx2.ubxreader:Unknown protocol header b'\xb5\x01'.
ERROR:pyubx2.ubxreader:Unknown protocol header b'\xb5\x01'.
ERROR:pyubx2.ubxreader:Unknown protocol header b"\xb5'".
ERROR:pyubx2.ubxreader:Unknown protocol header b'$\xdc'.
ERROR:pyubx2.ubxreader:Unknown protocol header b'$\xd7'.
ERROR:pyubx2.ubxreader:Unknown protocol header b'\xd3q'.
ERROR:pyubx2.ubxreader:Unknown protocol header b'$\xa0'.
ERROR:pyubx2.ubxreader:Unknown protocol header b'$\x17'.
ERROR:pyubx2.ubxreader:Unknown protocol header b'$7'.
ERROR:pyubx2.ubxreader:Unknown protocol header b'\xd3D'.
ERROR:pyubx2.ubxreader:Unknown protocol header b'$\x17'.
ERROR:pyubx2.ubxreader:Unknown protocol header b'\xb52'.
ERROR:pyubx2.ubxreader:Unknown protocol header b'\xd3q'.
ERROR:pyubx2.ubxreader:Unknown protocol header b'$:'.
ERROR:pyubx2.ubxreader:Unknown protocol header b'\xb5\x02'.
ERROR:pyubx2.ubxreader:Unknown protocol header b'\xb5\x02'.
ERROR:pyubx2.ubxreader:Unknown protocol header b'\xb5\x02'.
ERROR:pyubx2.ubxreader:Unknown protocol header b'\xb5\x02'.
ERROR:pyubx2.ubxreader:Unknown protocol header b'\xb5\x02'.
ERROR:pyubx2.ubxreader:Unknown protocol header b'\xb5\x02'.
ERROR:pyubx2.ubxreader:Unknown protocol header b'\xb5\x02'.
ERROR:pyubx2.ubxreader:Unknown protocol header b'\xb5\x02'.
ERROR:pyubx2.ubxreader:Unknown protocol header b'\xb5\x02'.
ERROR:pyubx2.ubxreader:Unknown protocol header b'\xb5\n'.
ERROR:pyubx2.ubxreader:Message checksum b'\x00\x00' invalid - should be b'\x1fd'
ERROR:pyubx2.ubxreader:Unknown protocol header b'$\x02'.
ERROR:pyubx2.ubxreader:Unknown protocol header b'$\x01'.
ERROR:pyubx2.ubxreader:Unknown protocol header b"\xb5'".
ERROR:pyubx2.ubxreader:Unknown protocol header b'\xb5\x02'.
ERROR:pyubx2.ubxreader:Unknown protocol header b'\xd3A'.
ERROR:pyubx2.ubxreader:Unknown protocol header b'\xb51'.
ERROR:pyubx2.ubxreader:Unknown protocol header b'$\x00'.
ERROR:pyubx2.ubxreader:Unknown protocol header b'$\x05'.
ERROR:pyubx2.ubxreader:Unknown protocol header b'$\xfa'.
ERROR:pyubx2.ubxreader:Unknown protocol header b'\xd3U'.
ERROR:pyubx2.ubxreader:Unknown protocol header b'\xb5\xeb'.
ERROR:pyubx2.ubxreader:Unknown protocol header b'$\x06'.
ERROR:pyubx2.ubxreader:Message checksum b',3' invalid - should be b'nW'
ERROR:pyubx2.ubxreader:Unknown protocol header b'$Q'.
ERROR:pyubx2.ubxreader:Unknown protocol header b'$\t'.
ERROR:pyubx2.ubxreader:Unknown protocol header b'$\x00'.
ERROR:pyubx2.ubxreader:Message checksum b'\x01\x04' invalid - should be b'\xd0\xf4'
ERROR:pyubx2.ubxreader:Unknown protocol header b'\xb5\x01'.
ERROR:pyubx2.ubxreader:Message checksum b'y\x17' invalid - should be b'_{'
ERROR:pyubx2.ubxreader:Unknown protocol header b'$u'.
ERROR:pyubx2.ubxreader:Unknown protocol header b'\xd3\xa1'.
ERROR:pyubx2.ubxreader:Unknown protocol header b'\xb5B'.
ERROR:pyubx2.ubxreader:Unknown protocol header b'$q'.
ERROR:pyubx2.ubxreader:Unknown protocol header b'\xd3\x11'.
ERROR:pyubx2.ubxreader:Unknown protocol header b'$\xd8'.
ERROR:pyubx2.ubxreader:Message checksum b'\x81\xb5' invalid - should be b'\xf6\xea'
ERROR:pyubx2.ubxreader:Unknown protocol header b'$\x01'.
ERROR:pyubx2.ubxreader:Unknown protocol header b'\xd3\xb5'.
ERROR:pyubx2.ubxreader:Unknown protocol header b'$\x80'.
ERROR:pyubx2.ubxreader:Unknown protocol header b'\xb5\n'.
ERROR:pyubx2.ubxreader:Message checksum b'\x00f' invalid - should be b'$t'
ERROR:pyubx2.ubxreader:Unknown protocol header b'\xb5\n'.
ERROR:pyubx2.ubxreader:Unknown protocol header b'\xb5\x02'.
ERROR:pyubx2.ubxreader:Unknown protocol header b'$\x01'.
ERROR:pyubx2.ubxreader:Unknown protocol header b'\xb5\x02'.
ERROR:pyubx2.ubxreader:Unknown protocol header b'$\xa0'.
ERROR:pyubx2.ubxreader:Unknown protocol header b'$\xb5'.
ERROR:pyubx2.ubxreader:Unknown protocol header b'\xd3\x14'.
ERROR:pyubx2.ubxreader:Unknown protocol header b'\xb5\x02'.
ERROR:pyubx2.ubxreader:Unknown protocol header b'$\x00'.
ERROR:pyubx2.ubxreader:Unknown protocol header b'\xb5\x0b'.
ERROR:pyubx2.ubxreader:Unknown protocol header b'\xd3\xff'.
ERROR:pyubx2.ubxreader:Unknown protocol header b'$\x8e'.
ERROR:pyubx2.ubxreader:Unknown protocol header b'$\xf5'.
ERROR:pyubx2.ubxreader:Unknown protocol header b'\xb5\x02'.
ERROR:pyubx2.ubxreader:Unknown protocol header b'\xb5\x02'.
ERROR:pyubx2.ubxreader:Unknown protocol header b'\xb5\x02'.
ERROR:pyubx2.ubxreader:Unknown protocol header b'\xb5\x01'.
ERROR:pyubx2.ubxreader:Unknown protocol header b'\xb5\x01'.
ERROR:pyubx2.ubxreader:Unknown protocol header b'\xb5\x01'.
ERROR:pyubx2.ubxreader:Unknown protocol header b'\xb5\x01'.
ERROR:pyubx2.ubxreader:Serial stream terminated unexpectedly. 61442 bytes requested, 21326 bytes returned.
ERROR:pyubx2.ubxreader:Unknown protocol header b'$\xd7'.
ERROR:pyubx2.ubxreader:Unknown protocol header b'$\x17'.
ERROR:pyubx2.ubxreader:Unknown protocol header b'\xb5\r'.
ERROR:pyubx2.ubxreader:Unknown protocol header b'$\x00'.
ERROR:pyubx2.ubxreader:Unknown protocol header b'\xb5\n'.
ERROR:pyubx2.ubxreader:Unknown protocol header b'\xb5\x02'.
ERROR:pyubx2.ubxreader:Unknown protocol header b'\xb5\x02'.
ERROR:pyubx2.ubxreader:Unknown protocol header b'\xb5\x02'.
ERROR:pyubx2.ubxreader:Unknown protocol header b'\xb5\n'.
ERROR:pyubx2.ubxreader:Unknown protocol header b'$\x02'.
ERROR:pyubx2.ubxreader:Unknown protocol header b'\xb5\x02'.
ERROR:pyubx2.ubxreader:Unknown protocol header b'\xb5\x02'.
ERROR:pyubx2.ubxreader:Unknown protocol header b'\xb5\x18'.
ERROR:pyubx2.ubxreader:Unknown protocol header b'$i'.
ERROR:pyubx2.ubxreader:Unknown protocol header b"\xb5'".
ERROR:pyubx2.ubxreader:Unknown protocol header b'$\x9a'.
ERROR:pyubx2.ubxreader:Unknown protocol header b'$\xda'.
ERROR:pyubx2.ubxreader:Unknown protocol header b'\xb5$'.
ERROR:pyubx2.ubxreader:Unknown protocol header b'\xb5\xdc'.
ERROR:pyubx2.ubxreader:Unknown protocol header b'\xd3\xb5'.
ERROR:pyubx2.ubxreader:Unknown protocol header b'\xd3A'.
ERROR:pyubx2.ubxreader:Unknown protocol header b'\xb5\x02'.
ERROR:pyubx2.ubxreader:Unknown protocol header b'\xb5\x02'.
ERROR:pyubx2.ubxreader:Unknown protocol header b'\xb5\x02'.
ERROR:pyubx2.ubxreader:Unknown protocol header b'\xb5\x02'.
ERROR:pyubx2.ubxreader:Unknown protocol header b'\xb5\x02'.
ERROR:pyubx2.ubxreader:Unknown protocol header b'\xb5\x02'.
ERROR:pyubx2.ubxreader:Unknown protocol header b'\xb5\x02'.
ERROR:pyubx2.ubxreader:Unknown protocol header b'\xb5\x02'.
ERROR:pyubx2.ubxreader:Unknown protocol header b'\xb5\x02'.
ERROR:pyubx2.ubxreader:Unknown protocol header b'$\n'.
ERROR:pyubx2.ubxreader:Unknown protocol header b'\xb5\x02'.
ERROR:pyubx2.ubxreader:Unknown protocol header b'\xb5\x02'.
ERROR:pyubx2.ubxreader:Unknown protocol header b'\xb5\x02'.
ERROR:pyubx2.ubxreader:Unknown protocol header b'\xb5\x02'.
ERROR:pyubx2.ubxreader:Unknown protocol header b'\xb5\x02'.
ERROR:pyubx2.ubxreader:Unknown protocol header b'\xb5\x02'.
ERROR:pyubx2.ubxreader:Unknown protocol header b'\xb5\x02'.
ERROR:pyubx2.ubxreader:Unknown protocol header b'\xb5\x02'.
ERROR:pyubx2.ubxreader:Unknown protocol header b'\xb5\x02'.
ERROR:pyubx2.ubxreader:Unknown protocol header b'\xb5\x02'.
ERROR:pyubx2.ubxreader:Unknown protocol header b'\xb5\x02'.
ERROR:pyubx2.ubxreader:Unknown protocol header b'\xb5\x02'.
ERROR:pyubx2.ubxreader:Unknown protocol header b'\xb5\x01'.
ERROR:pyubx2.ubxreader:Unknown protocol header b'\xb5\x01'.
ERROR:pyubx2.ubxreader:Unknown protocol header b'$\x00'.
ERROR:pyubx2.ubxreader:Unknown protocol header b'$\x00'.
ERROR:pyubx2.ubxreader:Unknown protocol header b'\xb5\x02'.
ERROR:pyubx2.ubxreader:Unknown protocol header b'$$'.
ERROR:pyubx2.ubxreader:Unknown protocol header b'\xb5\x01'.
ERROR:pyubx2.ubxreader:Message checksum b'P\xb5' invalid - should be b'>]'
ERROR:pyubx2.ubxreader:Unknown protocol header b'\xb5\x01'.
ERROR:pyubx2.ubxreader:Unknown protocol header b'\xb5\x01'.
ERROR:pyubx2.ubxreader:Unknown protocol header b'\xb5\x01'.
ERROR:pyubx2.ubxreader:Unknown protocol header b'\xb5\x01'.
ERROR:pyubx2.ubxreader:Unknown protocol header b'\xb5\xeb'.
ERROR:pyubx2.ubxreader:Unknown protocol header b'$\xdc'.
ERROR:pyubx2.ubxreader:Unknown protocol header b'\xd3q'.
ERROR:pyubx2.ubxreader:Unknown protocol header b'$\xf7'.
ERROR:pyubx2.ubxreader:Unknown protocol header b'$\xd7'.
ERROR:pyubx2.ubxreader:Unknown protocol header b'\xd3\x11'.
ERROR:pyubx2.ubxreader:Unknown protocol header b'\xd3q'.
ERROR:pyubx2.ubxreader:Unknown protocol header b'\xb5\n'.
ERROR:pyubx2.ubxreader:Unknown protocol header b'\xb5\n'.
ERROR:pyubx2.ubxreader:Unknown protocol header b'\xb5\n'.
ERROR:pyubx2.ubxreader:Unknown protocol header b'\xb5\n'.
ERROR:pyubx2.ubxreader:Unknown protocol header b'\xb5\n'.
ERROR:pyubx2.ubxreader:Unknown protocol header b'\xb5\x02'.
ERROR:pyubx2.ubxreader:Unknown protocol header b'\xd3\xff'.
ERROR:pyubx2.ubxreader:Unknown protocol header b"\xb5'".
ERROR:pyubx2.ubxreader:Unknown protocol header b'\xb5\x0b'.
ERROR:pyubx2.ubxreader:Unknown protocol header b'\xd3t'.
ERROR:pyubx2.ubxreader:Unknown protocol header b'$\x05'.
ERROR:pyubx2.ubxreader:Unknown protocol header b'\xb5\x07'.
ERROR:pyubx2.ubxreader:Unknown protocol header b'$\x00'.
ERROR:pyubx2.ubxreader:Unknown protocol header b'\xb5\x11'.
ERROR:pyubx2.ubxreader:Unknown protocol header b'$$'.
ERROR:pyubx2.ubxreader:Message checksum b'\x11C' invalid - should be b'S\x8b'
ERROR:pyubx2.ubxreader:Message checksum b'\xaa\xaa' invalid - should be b'\xe87'
ERROR:pyubx2.ubxreader:Unknown protocol header b'\xb5\xb5'.
ERROR:pyubx2.ubxreader:Unknown protocol header b'\xb5\xb5'.
ERROR:pyubx2.ubxreader:Unknown protocol header b'\xb5\xb5'.
ERROR:pyubx2.ubxreader:Unknown protocol header b'\xb5\xb5'.
ERROR:pyubx2.ubxreader:Unknown protocol header b'\xb5\x01'.
ERROR:pyubx2.ubxreader:Unknown protocol header b'\xb5\x01'.
ERROR:pyubx2.ubxreader:Unknown protocol header b'\xb5\x01'.
ERROR:pyubx2.ubxreader:Unknown protocol header b'\xb5\x01'.
ERROR:pyubx2.ubxreader:Unknown protocol header b'$\x00'.
ERROR:pyubx2.ubxreader:Unknown protocol header b'$Q'.
ERROR:pyubx2.ubxreader:Unknown protocol header b'\xb5\xb5'.
ERROR:pyubx2.ubxreader:Unknown protocol header b'$$'.
ERROR:pyubx2.ubxreader:Unknown protocol header b'$$'.
device reports readiness to read but returned no data (device disconnected or multiple access on port?)
Error in get ublox data thread: device reports readiness to read but returned no data (device disconnected or multiple access on port?)
Error in get ublox data thread: device reports readiness to read but returned no data (device disconnected or multiple access on port?)
Error in get ublox data thread: device reports readiness to read but returned no data (device disconnected or multiple access on port?)
Error in get ublox data thread: device reports readiness to read but returned no data (device disconnected or multiple access on port?)
Error in get ublox data thread: device reports readiness to read but returned no data (device disconnected or multiple access on port?)
Error in get ublox data thread: device reports readiness to read but returned no data (device disconnected or multiple access on port?)
Error in get ublox data thread: device reports readiness to read but returned no data (device disconnected or multiple access on port?)
Error in get ublox data thread: device reports readiness to read but returned no data (device disconnected or multiple access on port?)
Error in get ublox data thread: device reports readiness to read but returned no data (device disconnected or multiple access on port?)
Error in get ublox data thread: device reports readiness to read but returned no data (device disconnected or multiple access on port?)
Error in get ublox data thread: device reports readiness to read but returned no data (device disconnected or multiple access on port?)
Error in get ublox data thread: device reports readiness to read but returned no data (device disconnected or multiple access on port?)
Error in get ublox data thread: device reports readiness to read but returned no data (device disconnected or multiple access on port?)
Error in get ublox data thread: device reports readiness to read but returned no data (device disconnected or multiple access on port?)
Error in get ublox data thread: device reports readiness to read but returned no data (device disconnected or multiple access on port?)
Error in get ublox data thread: device reports readiness to read but returned no data (device disconnected or multiple access on port?)
Error in get ublox data thread: device reports readiness to read but returned no data (device disconnected or multiple access on port?)
Error in get ublox data thread: device reports readiness to read but returned no data (device disconnected or multiple access on port?)
Error in get ublox data thread: device reports readiness to read but returned no data (device disconnected or multiple access on port?)
Error in get ublox data thread: device reports readiness to read but returned no data (device disconnected or multiple access on port?)
Error in get ublox data thread: device reports readiness to read but returned no data (device disconnected or multiple access on port?)
Error in get ublox data thread: device reports readiness to read but returned no data (device disconnected or multiple access on port?)
Error in get ublox data thread: device reports readiness to read but returned no data (device disconnected or multiple access on port?)
Error in get ublox data thread: device reports readiness to read but returned no data (device disconnected or multiple access on port?)
Error in get ublox data thread: device reports readiness to read but returned no data (device disconnected or multiple access on port?)
Error in get ublox data thread: device reports readiness to read but returned no data (device disconnected or multiple access on port?)
Error in get ublox data thread: device reports readiness to read but returned no data (device disconnected or multiple access on port?)
Error in get ublox data thread: device reports readiness to read but returned no data (device disconnected or multiple access on port?)
Error in get ublox data thread: device reports readiness to read but returned no data (device disconnected or multiple access on port?)
Error in get ublox data thread: device reports readiness to read but returned no data (device disconnected or multiple access on port?)
Error in get ublox data thread: device reports readiness to read but returned no data (device disconnected or multiple access on port?)
Error in get ublox data thread: device reports readiness to read but returned no data (device disconnected or multiple access on port?)
Error in get ublox data thread: device reports readiness to read but returned no data (device disconnected or multiple access on port?)
Error in get ublox data thread: device reports readiness to read but returned no data (device disconnected or multiple access on port?)
Error in get ublox data thread: device reports readiness to read but returned no data (device disconnected or multiple access on port?)
Error in get ublox data thread: device reports readiness to read but returned no data (device disconnected or multiple access on port?)
Error in get ublox data thread: device reports readiness to read but returned no data (device disconnected or multiple access on port?)
Error in get ublox data thread: device reports readiness to read but returned no data (device disconnected or multiple access on port?)
Error in get ublox data thread: device reports readiness to read but returned no data (device disconnected or multiple access on port?)
Error in get ublox data thread: device reports readiness to read but returned no data (device disconnected or multiple access on port?)
Error in get ublox data thread: device reports readiness to read but returned no data (device disconnected or multiple access on port?)
Error in get ublox data thread: device reports readiness to read but returned no data (device disconnected or multiple access on port?)
Error in get ublox data thread: device reports readiness to read but returned no data (device disconnected or multiple access on port?)
Error in get ublox data thread: device reports readiness to read but returned no data (device disconnected or multiple access on port?)
Error in get ublox data thread: device reports readiness to read but returned no data (device disconnected or multiple access on port?)
Error in get ublox data thread: device reports readiness to read but returned no data (device disconnected or multiple access on port?)
Error in get ublox data thread: device reports readiness to read but returned no data (device disconnected or multiple access on port?)
Error in get ublox data thread: device reports readiness to read but returned no data (device disconnected or multiple access on port?)
Error in get ublox data thread: device reports readiness to read but returned no data (device disconnected or multiple access on port?)
Error in get ublox data thread: device reports readiness to read but returned no data (device disconnected or multiple access on port?)
Error in get ublox data thread: device reports readiness to read but returned no data (device disconnected or multiple access on port?)
Error in get ublox data thread: device reports readiness to read but returned no data (device disconnected or multiple access on port?)
Error in get ublox data thread: device reports readiness to read but returned no data (device disconnected or multiple access on port?)
Error in get ublox data thread: device reports readiness to read but returned no data (device disconnected or multiple access on port?)
Error in get ublox data thread: device reports readiness to read but returned no data (device disconnected or multiple access on port?)
Error in get ublox data thread: device reports readiness to read but returned no data (device disconnected or multiple access on port?)
Error in get ublox data thread: device reports readiness to read but returned no data (device disconnected or multiple access on port?)
Error in get ublox data thread: device reports readiness to read but returned no data (device disconnected or multiple access on port?)
Error in get ublox data thread: device reports readiness to read but returned no data (device disconnected or multiple access on port?)
Error in get ublox data thread: ERROR:pyubx2.ubxreader:Unknown protocol header b'\xb5\xb5'.
ERROR:pyubx2.ubxreader:Unknown protocol header b'\xb5\xb5'.
ERROR:pyubx2.ubxreader:Unknown protocol header b'$\x08'.
ERROR:pyubx2.ubxreader:Unknown protocol header b'\xb5\n'.
ERROR:pyubx2.ubxreader:Unknown protocol header b'\xb5\n'.
ERROR:pyubx2.ubxreader:Unknown protocol header b'\xb5\n'.
ERROR:pyubx2.ubxreader:Unknown protocol header b'$\x02'.
ERROR:pyubx2.ubxreader:Unknown protocol header b'\xb5\x02'.
ERROR:pyubx2.ubxreader:Unknown protocol header b'\xb5\x02'.
ERROR:pyubx2.ubxreader:Unknown protocol header b'$w'.
ERROR:pyubx2.ubxreader:Unknown protocol header b"\xb5'".
ERROR:pyubx2.ubxreader:Unknown protocol header b"\xb5'".
ERROR:pyubx2.ubxreader:Unknown protocol header b'\xb5\x15'.
ERROR:pyubx2.ubxreader:Unknown protocol header b'$&'.
ERROR:pyubx2.ubxreader:Unknown protocol header b'\xb5\x85'.
ERROR:pyubx2.ubxreader:Unknown protocol header b'$\x03'.
ERROR:pyubx2.ubxreader:Unknown protocol header b'\xd3C'.
ERROR:pyubx2.ubxreader:Unknown protocol header b'\xb5A'.
ERROR:pyubx2.ubxreader:Unknown protocol header b'\xb5\xaa'.
ERROR:pyubx2.ubxreader:Unknown protocol header b'\xb5G'.
ERROR:pyubx2.ubxreader:Unknown protocol header b'$\xdb'.
ERROR:pyubx2.ubxreader:Unknown protocol header b'\xd3$'.
ERROR:pyubx2.ubxreader:Unknown protocol header b'\xb5\xb3'.
ERROR:pyubx2.ubxreader:Unknown protocol header b'\xb5g'.
ERROR:pyubx2.ubxreader:Unknown protocol header b'$\x99'.
ERROR:pyubx2.ubxreader:Unknown protocol header b'\xb5\x01'.
ERROR:pyubx2.ubxreader:Unknown protocol header b'\xb5\x01'.
ERROR:pyubx2.ubxreader:Unknown protocol header b'$\x00'.
ERROR:pyubx2.ubxreader:Unknown protocol header b'$\x00'.
ERROR:pyubx2.ubxreader:Unknown protocol header b'$\x00'.
ERROR:pyubx2.ubxreader:Unknown protocol header b'$\x00'.
ERROR:pyubx2.ubxreader:Unknown protocol header b'$\xd1'.
ERROR:pyubx2.ubxreader:Unknown protocol header b'$\x00'.
ERROR:pyubx2.ubxreader:Unknown protocol header b'\xb5\x01'.
ERROR:pyubx2.ubxreader:Unknown protocol header b'$#'.
ERROR:pyubx2.ubxreader:Message checksum b'\x00\x00' invalid - should be b'\xd7\x08'
ERROR:pyubx2.ubxreader:Unknown protocol header b'\xb5\x02'.
ERROR:pyubx2.ubxreader:Unknown protocol header b'\xd3K'.
ERROR:pyubx2.ubxreader:Unknown protocol header b'\xd3c'.
ERROR:pyubx2.ubxreader:Unknown protocol header b'$\x05'.
ERROR:pyubx2.ubxreader:Unknown protocol header b'\xd3\xf1'.
ERROR:pyubx2.ubxreader:Unknown protocol header b'$\x03'.
ERROR:pyubx2.ubxreader:Unknown protocol header b'\xd3!'.
ERROR:pyubx2.ubxreader:Unknown protocol header b'\xb5\xf7'.
ERROR:pyubx2.ubxreader:Unknown protocol header b'$\xd7'.
ERROR:pyubx2.ubxreader:Unknown protocol header b'\xd3\xe3'.
ERROR:pyubx2.ubxreader:Unknown protocol header b'\xb5\x02'.
ERROR:pyubx2.ubxreader:Unknown protocol header b'\xd3\xa5'.
ERROR:pyubx2.ubxreader:Message checksum b'a\xb5' invalid - should be b'R<'
ERROR:pyubx2.ubxreader:Unknown protocol header b'\xb5\xe9'.
ERROR:pyubx2.ubxreader:Unknown protocol header b'\xd3q'.
ERROR:pyubx2.ubxreader:Unknown protocol header b'$\x97'.
ERROR:pyubx2.ubxreader:Unknown protocol header b'$w'.
ERROR:pyubx2.ubxreader:Unknown protocol header b'$\xf7'.
ERROR:pyubx2.ubxreader:Unknown protocol header b'$.'.
ERROR:pyubx2.ubxreader:Unknown protocol header b'\xd3\x11'.
ERROR:pyubx2.ubxreader:Unknown protocol header b'$c'.
ERROR:pyubx2.ubxreader:Unknown protocol header b'$.'.
ERROR:pyubx2.ubxreader:Unknown protocol header b'$.'.
ERROR:pyubx2.ubxreader:Unknown protocol header b'\xd3\x11'.
ERROR:pyubx2.ubxreader:Unknown protocol header b'\xb5\r'.
ERROR:pyubx2.ubxreader:Unknown protocol header b'$\x00'.
ERROR:pyubx2.ubxreader:Unknown protocol header b'\xb5\x02'.
ERROR:pyubx2.ubxreader:Unknown protocol header b'\xb5\x02'.
ERROR:pyubx2.ubxreader:Unknown protocol header b'\xb5\n'.
ERROR:pyubx2.ubxreader:Unknown protocol header b'\xb5\x02'.
ERROR:pyubx2.ubxreader:Unknown protocol header b'\xb5\x02'.
ERROR:pyubx2.ubxreader:Unknown protocol header b'$\x03'.
ERROR:pyubx2.ubxreader:Unknown protocol header b'\xb5\n'.
ERROR:pyubx2.ubxreader:Unknown protocol header b'\xb5\n'.
ERROR:pyubx2.ubxreader:Unknown protocol header b'$\x00'.
ERROR:pyubx2.ubxreader:Unknown protocol header b'\xb5\n'.
ERROR:pyubx2.ubxreader:Unknown protocol header b'\xb5\n'.
ERROR:pyubx2.ubxreader:Unknown protocol header b'\xb5\n'.
ERROR:pyubx2.ubxreader:Unknown protocol header b'$\x00'.
ERROR:pyubx2.ubxreader:Unknown protocol header b'\xb5\n'.
ERROR:pyubx2.ubxreader:Unknown protocol header b'$\x02'.
ERROR:pyubx2.ubxreader:Unknown protocol header b'\xb5\x02'.
ERROR:pyubx2.ubxreader:Unknown protocol header b'\xb5\x02'.
ERROR:pyubx2.ubxreader:Unknown protocol header b'\xb5\x02'.
ERROR:pyubx2.ubxreader:Unknown protocol header b'\xb5\x02'.
ERROR:pyubx2.ubxreader:Unknown protocol header b'$x'.
ERROR:pyubx2.ubxreader:Unknown protocol header b"\xb5'".
ERROR:pyubx2.ubxreader:Unknown protocol header b'\xb5\x02'.
ERROR:pyubx2.ubxreader:Unknown protocol header b'\xb5A'.
ERROR:pyubx2.ubxreader:Unknown protocol header b'\xd3\xee'.
ERROR:pyubx2.ubxreader:Unknown protocol header b'$<'.
ERROR:pyubx2.ubxreader:Unknown protocol header b'\xb5t'.
ERROR:pyubx2.ubxreader:Unknown protocol header b'\xb5\x11'.
ERROR:pyubx2.ubxreader:Unknown protocol header b'\xb5\x82'.
ERROR:pyubx2.ubxreader:Unknown protocol header b'\xb5\x02'.
ERROR:pyubx2.ubxreader:Unknown protocol header b'\xb5\x02'.
ERROR:pyubx2.ubxreader:Unknown protocol header b'\xb5\xbf'.
ERROR:pyubx2.ubxreader:Unknown protocol header b'\xb5\x02'.
ERROR:pyubx2.ubxreader:Unknown protocol header b'\xb5\x02'.
ERROR:pyubx2.ubxreader:Unknown protocol header b'\xb5\x02'.
ERROR:pyubx2.ubxreader:Unknown protocol header b'\xb5\x02'.
ERROR:pyubx2.ubxreader:Unknown protocol header b'\xb5\x02'.
ERROR:pyubx2.ubxreader:Unknown protocol header b'\xb5\x02'.
ERROR:pyubx2.ubxreader:Unknown protocol header b'\xb5\x02'.
ERROR:pyubx2.ubxreader:Unknown protocol header b'\xb5\x02'.
ERROR:pyubx2.ubxreader:Unknown protocol header b'\xb5\x02'.
ERROR:pyubx2.ubxreader:Unknown protocol header b'\xb5\x02'.
ERROR:pyubx2.ubxreader:Unknown protocol header b'\xb5\x02'.
ERROR:pyubx2.ubxreader:Unknown protocol header b'\xb5\xb5'.
ERROR:pyubx2.ubxreader:Unknown protocol header b'\xb5\x01'.
ERROR:pyubx2.ubxreader:Unknown protocol header b'\xb5\x01'.
ERROR:pyubx2.ubxreader:Unknown protocol header b'\xb5\x01'.
ERROR:pyubx2.ubxreader:Unknown protocol header b'$\x00'.
ERROR:pyubx2.ubxreader:Unknown protocol header b'\xb5\x01'.
ERROR:pyubx2.ubxreader:Unknown protocol header b'$Q'.
ERROR:pyubx2.ubxreader:Unknown protocol header b'\xb5\x01'.
ERROR:pyubx2.ubxreader:Unknown protocol header b'$$'.
ERROR:pyubx2.ubxreader:Unknown protocol header b'$5'.
ERROR:pyubx2.ubxreader:Unknown protocol header b'\xb5\xf7'.
ERROR:pyubx2.ubxreader:Unknown protocol header b'\xb5\x02'.
ERROR:pyubx2.ubxreader:Unknown protocol header b'\xb5\x01'.
ERROR:pyubx2.ubxreader:Unknown protocol header b'$\x00'.
ERROR:pyubx2.ubxreader:Unknown protocol header b'$\xd1'.
ERROR:pyubx2.ubxreader:Unknown protocol header b'\xb5\x01'.
ERROR:pyubx2.ubxreader:Unknown protocol header b'\xb5\x01'.
ERROR:pyubx2.ubxreader:Unknown protocol header b'$\x0f'.
ERROR:pyubx2.ubxreader:Unknown protocol header b'\xb5\x01'.
ERROR:pyubx2.ubxreader:Unknown protocol header b'\xb5\x01'.
ERROR:pyubx2.ubxreader:Unknown protocol header b'\xb5\x01'.
ERROR:pyubx2.ubxreader:Unknown protocol header b'\xb5\x01'.
ERROR:pyubx2.ubxreader:Unknown protocol header b'\xb5\x01'.
ERROR:pyubx2.ubxreader:Unknown protocol header b'\xb5\x01'.
ERROR:pyubx2.ubxreader:Unknown protocol header b"\xb5'".
ERROR:pyubx2.ubxreader:Unknown protocol header b'$\xf7'.
ERROR:pyubx2.ubxreader:Unknown protocol header b'$\xf7'.
ERROR:pyubx2.ubxreader:Unknown protocol header b'\xd3D'.
ERROR:pyubx2.ubxreader:Unknown protocol header b'$\xc6'.
ERROR:pyubx2.ubxreader:Unknown protocol header b'$\xd7'.
ERROR:pyubx2.ubxreader:Unknown protocol header b'\xd3q'.
ERROR:pyubx2.ubxreader:Unknown protocol header b'\xd3q'.
ERROR:pyubx2.ubxreader:Unknown protocol header b'\xb5\n'.
ERROR:pyubx2.ubxreader:Unknown protocol header b'\xb5\n'.
ERROR:pyubx2.ubxreader:Unknown protocol header b'\xb5\r'.
ERROR:pyubx2.ubxreader:Unknown protocol header b'\xb5\n'.
ERROR:pyubx2.ubxreader:Unknown protocol header b'\xb5\n'.
ERROR:pyubx2.ubxreader:Unknown protocol header b'\xb5\n'.
ERROR:pyubx2.ubxreader:Unknown protocol header b'\xb5\n'.
ERROR:pyubx2.ubxreader:Unknown protocol header b'$s'.
ERROR:pyubx2.ubxreader:Unknown protocol header b'\xb5\n'.
ERROR:pyubx2.ubxreader:Unknown protocol header b'\xb5\xb5'.
ERROR:pyubx2.ubxreader:Unknown protocol header b'\xb5\x02'.
ERROR:pyubx2.ubxreader:Unknown protocol header b'\xb5\x00'.
ERROR:pyubx2.ubxreader:Unknown protocol header b'\xb5\x02'.
ERROR:pyubx2.ubxreader:Unknown protocol header b"\xb5'".
ERROR:pyubx2.ubxreader:Unknown protocol header b'\xb5\xb8'.
ERROR:pyubx2.ubxreader:Unknown protocol header b'\xb5\x01'.
ERROR:pyubx2.ubxreader:Unknown protocol header b'\xd3('.
ERROR:pyubx2.ubxreader:Unknown protocol header b'\xb5\x01'.
ERROR:pyubx2.ubxreader:Unknown protocol header b'$\x00'.
ERROR:pyubx2.ubxreader:Unknown protocol header b'\xb5\x01'.
ERROR:pyubx2.ubxreader:Unknown protocol header b'\xb5\x01'.
ERROR:pyubx2.ubxreader:Unknown protocol header b'$$'.
ERROR:pyubx2.ubxreader:Unknown protocol header b'$\x00'.
ERROR:pyubx2.ubxreader:Unknown protocol header b'$\x00'.
ERROR:pyubx2.ubxreader:Unknown protocol header b'\xb5\x01'.
ERROR:pyubx2.ubxreader:Unknown protocol header b'\xd3_'.
ERROR:pyubx2.ubxreader:Unknown protocol header b'\xb5\x01'.
ERROR:pyubx2.ubxreader:Unknown protocol header b'\xb5\x01'.
ERROR:pyubx2.ubxreader:Unknown protocol header b'$\xfb'.
ERROR:pyubx2.ubxreader:Unknown protocol header b'$\x14'.
ERROR:pyubx2.ubxreader:Unknown protocol header b'\xb5\x01'.
ERROR:pyubx2.ubxreader:Unknown protocol header b'$\xdc'.
ERROR:pyubx2.ubxreader:Unknown protocol header b'\xd3q'.
ERROR:pyubx2.ubxreader:Unknown protocol header b'$\xf7'.
ERROR:pyubx2.ubxreader:Unknown protocol header b'$\x17'.
ERROR:pyubx2.ubxreader:Unknown protocol header b'$w'.
ERROR:pyubx2.ubxreader:Unknown protocol header b'$.'.
ERROR:pyubx2.ubxreader:Unknown protocol header b'$\xd7'.
ERROR:pyubx2.ubxreader:Unknown protocol header b'\xb5\t'.
ERROR:pyubx2.ubxreader:Unknown protocol header b'$.'.
ERROR:pyubx2.ubxreader:Unknown protocol header b'\xb5\r'.
ERROR:pyubx2.ubxreader:Unknown protocol header b'\xb5\x02'.
ERROR:pyubx2.ubxreader:Unknown protocol header b'$\x00'.
ERROR:pyubx2.ubxreader:Unknown protocol header b'$\x00'.
ERROR:pyubx2.ubxreader:Unknown protocol header b'\xd3\xff'.
ERROR:pyubx2.ubxreader:Unknown protocol header b"\xb5'".
ERROR:pyubx2.ubxreader:Unknown protocol header b'\xb5\x02'.
ERROR:pyubx2.ubxreader:Unknown protocol header b'$\xb1'.
ERROR:pyubx2.ubxreader:Unknown protocol header b'\xd3\xa5'.
ERROR:pyubx2.ubxreader:Unknown protocol header b'\xd3\xc4'.
ERROR:pyubx2.ubxreader:Unknown protocol header b'\xb5\x02'.
ERROR:pyubx2.ubxreader:Unknown protocol header b'\xb5\x02'.
ERROR:pyubx2.ubxreader:Unknown protocol header b'\xb5\x02'.
ERROR:pyubx2.ubxreader:Unknown protocol header b'\xb5\x02'.
ERROR:pyubx2.ubxreader:Unknown protocol header b'\xb5\x01'.
ERROR:pyubx2.ubxreader:Message checksum b':\x07' invalid - should be b'\x1e\\'
ERROR:pyubx2.ubxreader:Unknown protocol header b'$\x00'.
ERROR:pyubx2.ubxreader:Unknown protocol header b'\xb5\x01'.
ERROR:pyubx2.ubxreader:Unknown protocol header b'$Q'.
ERROR:pyubx2.ubxreader:Unknown protocol header b'$$'.
ERROR:pyubx2.ubxreader:Unknown protocol header b'$\x00'.
ERROR:pyubx2.ubxreader:Unknown protocol header b'$\x05'.
ERROR:pyubx2.ubxreader:Unknown protocol header b'\xb5\x01'.
ERROR:pyubx2.ubxreader:Unknown protocol header b'\xb5\x01'.
ERROR:pyubx2.ubxreader:Unknown protocol header b'$\xe7'.
ERROR:pyubx2.ubxreader:Unknown protocol header b'\xd3\xb5'.
ERROR:pyubx2.ubxreader:Unknown protocol header b'\xb5\x01'.
ERROR:pyubx2.ubxreader:Unknown protocol header b'\xb5\x01'.
ERROR:pyubx2.ubxreader:Unknown protocol header b'\xb5\x01'.
ERROR:pyubx2.ubxreader:Unknown protocol header b'\xb5\x01'.
ERROR:pyubx2.ubxreader:Unknown protocol header b'\xb5\xaa'.
ERROR:pyubx2.ubxreader:Unknown protocol header b'\xd3q'.
ERROR:pyubx2.ubxreader:Unknown protocol header b'\xb5U'.
ERROR:pyubx2.ubxreader:Unknown protocol header b'$\xf7'.
ERROR:pyubx2.ubxreader:Unknown protocol header b'$.'.
ERROR:pyubx2.ubxreader:Unknown protocol header b'$\xd7'.
ERROR:pyubx2.ubxreader:Unknown protocol header b'\xd3R'.
ERROR:pyubx2.ubxreader:Unknown protocol header b'$.'.
ERROR:pyubx2.ubxreader:Unknown protocol header b'\xb5\n'.
ERROR:pyubx2.ubxreader:Unknown protocol header b'\xb5\n'.
ERROR:pyubx2.ubxreader:Unknown protocol header b'\xb5\x02'.
ERROR:pyubx2.ubxreader:Unknown protocol header b'\xb5\x02'.
ERROR:pyubx2.ubxreader:Unknown protocol header b'\xb5\x02'.
ERROR:pyubx2.ubxreader:Unknown protocol header b'\xb5\x02'.
ERROR:pyubx2.ubxreader:Unknown protocol header b'\xb5\x02'.
ERROR:pyubx2.ubxreader:Unknown protocol header b'\xb5\x02'.
ERROR:pyubx2.ubxreader:Unknown protocol header b'\xb5\x02'.
ERROR:pyubx2.ubxreader:Unknown protocol header b'\xb5+'.
ERROR:pyubx2.ubxreader:Unknown protocol header b'\xb5\x15'.
ERROR:pyubx2.ubxreader:Unknown protocol header b'\xd3\x1a'.
ERROR:pyubx2.ubxreader:Unknown protocol header b'\xb5\x9b'.
ERROR:pyubx2.ubxreader:Unknown protocol header b'\xd3&'.
ERROR:pyubx2.ubxreader:Message checksum b'\x00\x00' invalid - should be b'F\x9b'
ERROR:pyubx2.ubxreader:Unknown protocol header b'\xb5\n'.
ERROR:pyubx2.ubxreader:Unknown protocol header b'\xb5\n'.
ERROR:pyubx2.ubxreader:Unknown protocol header b'$\x02'.
ERROR:pyubx2.ubxreader:Unknown protocol header b'\xb5\x02'.
ERROR:pyubx2.ubxreader:Unknown protocol header b'$\x01'.
ERROR:pyubx2.ubxreader:Unknown protocol header b'$\xff'.
ERROR:pyubx2.ubxreader:Unknown protocol header b'$\xec'.
ERROR:pyubx2.ubxreader:Unknown protocol header b"\xb5'".
ERROR:pyubx2.ubxreader:Unknown protocol header b'\xb5\x02'.
ERROR:pyubx2.ubxreader:Unknown protocol header b'$\x04'.
ERROR:pyubx2.ubxreader:Unknown protocol header b'$\x03'.
ERROR:pyubx2.ubxreader:Unknown protocol header b'\xd3\xe3'.
ERROR:pyubx2.ubxreader:Unknown protocol header b'\xb5\x02'.
ERROR:pyubx2.ubxreader:Unknown protocol header b'\xb5\x02'.
ERROR:pyubx2.ubxreader:Unknown protocol header b'\xb5\x02'.
ERROR:pyubx2.ubxreader:Unknown protocol header b'\xb5\x02'.
ERROR:pyubx2.ubxreader:Unknown protocol header b'\xb5\x02'.
ERROR:pyubx2.ubxreader:Unknown protocol header b'\xb5\x02'.
ERROR:pyubx2.ubxreader:Unknown protocol header b'$\x00'.
ERROR:pyubx2.ubxreader:Unknown protocol header b'\xb5\x02'.
ERROR:pyubx2.ubxreader:Unknown protocol header b'\xb5\x03'.
ERROR:pyubx2.ubxreader:Unknown protocol header b'\xb5\x03'.
ERROR:pyubx2.ubxreader:Unknown protocol header b'\xd3\xe3'.
ERROR:pyubx2.ubxreader:Unknown protocol header b'$\xff'.
ERROR:pyubx2.ubxreader:Unknown protocol header b'\xb5\x82'.
ERROR:pyubx2.ubxreader:Unknown protocol header b'\xd3)'.
ERROR:pyubx2.ubxreader:Unknown protocol header b'\xb5\xc3'.
ERROR:pyubx2.ubxreader:Unknown protocol header b'\xb5A'.
ERROR:pyubx2.ubxreader:Unknown protocol header b'\xb5P'.
ERROR:pyubx2.ubxreader:Unknown protocol header b'$\xb8'.
ERROR:pyubx2.ubxreader:Unknown protocol header b'$\x03'.
ERROR:pyubx2.ubxreader:Unknown protocol header b'\xb5\x02'.
ERROR:pyubx2.ubxreader:Unknown protocol header b'\xb5\x02'.
ERROR:pyubx2.ubxreader:Unknown protocol header b'\xb5\x02'.
ERROR:pyubx2.ubxreader:Unknown protocol header b'\xb5\x02'.
ERROR:pyubx2.ubxreader:Unknown protocol header b'\xb5\x02'.
ERROR:pyubx2.ubxreader:Unknown protocol header b'\xb5\x02'.
ERROR:pyubx2.ubxreader:Unknown protocol header b'\xb5\x02'.
ERROR:pyubx2.ubxreader:Unknown protocol header b'\xb5\x02'.
ERROR:pyubx2.ubxreader:Unknown protocol header b'\xb5\x02'.
ERROR:pyubx2.ubxreader:Unknown protocol header b'\xb5\x00'.
ERROR:pyubx2.ubxreader:Unknown protocol header b'\xb5\x01'.
ERROR:pyubx2.ubxreader:Unknown protocol header b'\xb5\x01'.
ERROR:pyubx2.ubxreader:Unknown protocol header b'\xb5\x01'.
ERROR:pyubx2.ubxreader:Unknown protocol header b'\xb5\x01'.
ERROR:pyubx2.ubxreader:Unknown protocol header b'$\x00'.
ERROR:pyubx2.ubxreader:Unknown protocol header b'$+'.
ERROR:pyubx2.ubxreader:Unknown protocol header b'$X'.
ERROR:pyubx2.ubxreader:Unknown protocol header b'$\x00'.
ERROR:pyubx2.ubxreader:Unknown protocol header b'\xb5\x01'.
ERROR:pyubx2.ubxreader:Unknown protocol header b'$\x00'.
ERROR:pyubx2.ubxreader:Unknown protocol header b'$+'.
ERROR:pyubx2.ubxreader:Unknown protocol header b'\xb5\x01'.
ERROR:pyubx2.ubxreader:Unknown protocol header b'$\x14'.
ERROR:pyubx2.ubxreader:Unknown protocol header b'\xd3\xa9'.
ERROR:pyubx2.ubxreader:Unknown protocol header b'$\x17'.
ERROR:pyubx2.ubxreader:Unknown protocol header b'$\x97'.
ERROR:pyubx2.ubxreader:Unknown protocol header b'$\x17'.
ERROR:pyubx2.ubxreader:Unknown protocol header b'$\xd7'.
ERROR:pyubx2.ubxreader:Unknown protocol header b'$\xf7'.
ERROR:pyubx2.ubxreader:Unknown protocol header b'\xd3q'.
ERROR:pyubx2.ubxreader:Unknown protocol header b'\xb5\x02'.
ERROR:pyubx2.ubxreader:Unknown protocol header b'\xd3\xc9'.
ERROR:pyubx2.ubxreader:Unknown protocol header b'\xb5\x02'.
ERROR:pyubx2.ubxreader:Unknown protocol header b'\xb5\x02'.
ERROR:pyubx2.ubxreader:Unknown protocol header b'\xb5\x02'.
ERROR:pyubx2.ubxreader:Unknown protocol header b'\xb5\x02'.
ERROR:pyubx2.ubxreader:Unknown protocol header b'\xb5\n'.
ERROR:pyubx2.ubxreader:Unknown protocol header b'\xb5\x02'.
ERROR:pyubx2.ubxreader:Unknown protocol header b'$\x01'.
ERROR:pyubx2.ubxreader:Unknown protocol header b'$\xff'.
ERROR:pyubx2.ubxreader:Unknown protocol header b'\xb5\x01'.
ERROR:pyubx2.ubxreader:Unknown protocol header b'$\x00'.
ERROR:pyubx2.ubxreader:Unknown protocol header b'\xb5\x01'.
ERROR:pyubx2.ubxreader:Unknown protocol header b'$Q'.
ERROR:pyubx2.ubxreader:Unknown protocol header b'$$'.
ERROR:pyubx2.ubxreader:Unknown protocol header b'\xb5\x01'.
ERROR:pyubx2.ubxreader:Unknown protocol header b'\xb5\x01'.
ERROR:pyubx2.ubxreader:Unknown protocol header b'$\x00'.
ERROR:pyubx2.ubxreader:Unknown protocol header b'\xb5\x01'.
ERROR:pyubx2.ubxreader:Unknown protocol header b'$+'.
ERROR:pyubx2.ubxreader:Unknown protocol header b'$\x05'.
ERROR:pyubx2.ubxreader:Unknown protocol header b'$\xd1'.
ERROR:pyubx2.ubxreader:Unknown protocol header b'$\x07'.
ERROR:pyubx2.ubxreader:Unknown protocol header b'$+'.
ERROR:pyubx2.ubxreader:Unknown protocol header b'\xb5\x01'.
ERROR:pyubx2.ubxreader:Unknown protocol header b'$\x14'.
ERROR:pyubx2.ubxreader:Unknown protocol header b'\xb5\x01'.
ERROR:pyubx2.ubxreader:Unknown protocol header b'\xb5\x01'.
ERROR:pyubx2.ubxreader:Unknown protocol header b'\xb5\x01'.
ERROR:pyubx2.ubxreader:Unknown protocol header b'\xb5\x01'.
ERROR:pyubx2.ubxreader:Unknown protocol header b'\xb5\x01'.
ERROR:pyubx2.ubxreader:Unknown protocol header b'\xb5\x01'.
ERROR:pyubx2.ubxreader:Unknown protocol header b'\xb5\x01'.
ERROR:pyubx2.ubxreader:Unknown protocol header b'\xb5\x01'.
ERROR:pyubx2.ubxreader:Unknown protocol header b'\xb5\x01'.
ERROR:pyubx2.ubxreader:Unknown protocol header b'\xb5\x01'.
ERROR:pyubx2.ubxreader:Unknown protocol header b"\xb5'".
ERROR:pyubx2.ubxreader:Unknown protocol header b'\xb5V'.
ERROR:pyubx2.ubxreader:Unknown protocol header b'\xd3q'.
ERROR:pyubx2.ubxreader:Unknown protocol header b'\xd3D'.
ERROR:pyubx2.ubxreader:Unknown protocol header b'$\x17'.
ERROR:pyubx2.ubxreader:Unknown protocol header b'$\x00'.
ERROR:pyubx2.ubxreader:Unknown protocol header b'\xb5\x02'.
ERROR:pyubx2.ubxreader:Unknown protocol header b'\xb5\x02'.
ERROR:pyubx2.ubxreader:Unknown protocol header b'$\x00'.
ERROR:pyubx2.ubxreader:Unknown protocol header b'\xb5\x02'.
ERROR:pyubx2.ubxreader:Unknown protocol header b'\xb5x'.
ERROR:pyubx2.ubxreader:Unknown protocol header b'\xb5\x04'.
ERROR:pyubx2.ubxreader:Unknown protocol header b'$$'.
ERROR:pyubx2.ubxreader:Unknown protocol header b'$\x00'.
ERROR:pyubx2.ubxreader:Unknown protocol header b'\xb5\x16'.
ERROR:pyubx2.ubxreader:Unknown protocol header b'\xb5x'.
ERROR:pyubx2.ubxreader:Unknown protocol header b'$,'.
ERROR:pyubx2.ubxreader:Unknown protocol header b'$$'.
ERROR:pyubx2.ubxreader:Unknown protocol header b'$\x00'.
ERROR:pyubx2.ubxreader:Unknown protocol header b'$\x00'.
ERROR:pyubx2.ubxreader:Unknown protocol header b'$\x05'.
ERROR:pyubx2.ubxreader:Unknown protocol header b'\xb5\x01'.
ERROR:pyubx2.ubxreader:Unknown protocol header b'\xb5\x01'.
ERROR:pyubx2.ubxreader:Unknown protocol header b'$\xaa'.
ERROR:pyubx2.ubxreader:Unknown protocol header b'\xb5\x02'.
ERROR:pyubx2.ubxreader:Unknown protocol header b'$+'.
ERROR:pyubx2.ubxreader:Unknown protocol header b'$\x05'.
ERROR:pyubx2.ubxreader:Unknown protocol header b'$\x00'.
ERROR:pyubx2.ubxreader:Unknown protocol header b'$\x07'.
ERROR:pyubx2.ubxreader:Unknown protocol header b'$+'.
ERROR:pyubx2.ubxreader:Unknown protocol header b'$\x00'.
ERROR:pyubx2.ubxreader:Unknown protocol header b'$\x00'.
ERROR:pyubx2.ubxreader:Unknown protocol header b'\xb5\x01'.
ERROR:pyubx2.ubxreader:Unknown protocol header b'\xb5\x01'.
ERROR:pyubx2.ubxreader:Unknown protocol header b'\xb5\x01'.
ERROR:pyubx2.ubxreader:Unknown protocol header b'\xb5\x01'.
ERROR:pyubx2.ubxreader:Unknown protocol header b'\xb5\x02'.
ERROR:pyubx2.ubxreader:Unknown protocol header b'\xb5\x01'.
ERROR:pyubx2.ubxreader:Unknown protocol header b'\xb5\x01'.
ERROR:pyubx2.ubxreader:Unknown protocol header b'$\xb5'.
ERROR:pyubx2.ubxreader:Unknown protocol header b'\xb5\x01'.
ERROR:pyubx2.ubxreader:Unknown protocol header b'\xb5\x02'.
ERROR:pyubx2.ubxreader:Unknown protocol header b'\xd3\xe7'.
ERROR:pyubx2.ubxreader:Unknown protocol header b'\xb5\x01'.
ERROR:pyubx2.ubxreader:Unknown protocol header b'\xb5\x01'.
ERROR:pyubx2.ubxreader:Unknown protocol header b'\xb5\x01'.
ERROR:pyubx2.ubxreader:Unknown protocol header b'\xb5\x01'.
ERROR:pyubx2.ubxreader:Unknown protocol header b'$\xdc'.
ERROR:pyubx2.ubxreader:Unknown protocol header b'$\x97'.
ERROR:pyubx2.ubxreader:Unknown protocol header b'$\xd7'.
ERROR:pyubx2.ubxreader:Unknown protocol header b'$\x17'.
ERROR:pyubx2.ubxreader:Unknown protocol header b'$\xd7'.
ERROR:pyubx2.ubxreader:Unknown protocol header b'$.'.
ERROR:pyubx2.ubxreader:Unknown protocol header b'$\xf7'.
ERROR:pyubx2.ubxreader:Unknown protocol header b'\xd3q'.
ERROR:pyubx2.ubxreader:Unknown protocol header b'\xb5\n'.
ERROR:pyubx2.ubxreader:Unknown protocol header b'\xb5\n'.
ERROR:pyubx2.ubxreader:Unknown protocol header b'\xb5\n'.
ERROR:pyubx2.ubxreader:Unknown protocol header b'\xb5\n'.
ERROR:pyubx2.ubxreader:Unknown protocol header b'\xb5\n'.
ERROR:pyubx2.ubxreader:Unknown protocol header b'$\x00'.
ERROR:pyubx2.ubxreader:Unknown protocol header b'\xb5\n'.
ERROR:pyubx2.ubxreader:Unknown protocol header b'\xb5\x02'.
ERROR:pyubx2.ubxreader:Unknown protocol header b'$\x01'.
ERROR:pyubx2.ubxreader:Unknown protocol header b'\xb5\x00'.
ERROR:pyubx2.ubxreader:Unknown protocol header b'\xb5<'.
ERROR:pyubx2.ubxreader:Unknown protocol header b'\xd3~'.
ERROR:pyubx2.ubxreader:Unknown protocol header b"\xb5'".
ERROR:pyubx2.ubxreader:Unknown protocol header b'$\x82'.
ERROR:pyubx2.ubxreader:Unknown protocol header b'\xd3\xcb'.
ERROR:pyubx2.ubxreader:Unknown protocol header b'$t'.
ERROR:pyubx2.ubxreader:Unknown protocol header b'$\x00'.
ERROR:pyubx2.ubxreader:Unknown protocol header b'\xd3\xf6'.
ERROR:pyubx2.ubxreader:Unknown protocol header b'\xb5\x03'.
ERROR:pyubx2.ubxreader:Unknown protocol header b'$\x03'.
ERROR:pyubx2.ubxreader:Unknown protocol header b'\xb5\x00'.
ERROR:pyubx2.ubxreader:Message checksum b'\x88\xa9' invalid - should be b'8\xbc'
ERROR:pyubx2.ubxreader:Unknown protocol header b'\xb5\x01'.
ERROR:pyubx2.ubxreader:Unknown protocol header b'$\x00'.
ERROR:pyubx2.ubxreader:Unknown protocol header b'$+'.
ERROR:pyubx2.ubxreader:Unknown protocol header b'$\x00'.
ERROR:pyubx2.ubxreader:Unknown protocol header b'\xb5\x01'.
ERROR:pyubx2.ubxreader:Unknown protocol header b'$X'.
ERROR:pyubx2.ubxreader:Unknown protocol header b'$\x00'.
ERROR:pyubx2.ubxreader:Unknown protocol header b'\xb5\x01'.
ERROR:pyubx2.ubxreader:Unknown protocol header b'$\x07'.
ERROR:pyubx2.ubxreader:Unknown protocol header b'$+'.
ERROR:pyubx2.ubxreader:Unknown protocol header b'$\x00'.
ERROR:pyubx2.ubxreader:Unknown protocol header b'\xb5\x01'.
ERROR:pyubx2.ubxreader:Unknown protocol header b'\xb5\x01'.
ERROR:pyubx2.ubxreader:Unknown protocol header b'\xb5\x01'.
ERROR:pyubx2.ubxreader:Unknown protocol header b'$\x14'.
ERROR:pyubx2.ubxreader:Unknown protocol header b'\xb5\x01'.
ERROR:pyubx2.ubxreader:Unknown protocol header b'\xb5\x01'.
ERROR:pyubx2.ubxreader:Unknown protocol header b'\xb5\x01'.
ERROR:pyubx2.ubxreader:Unknown protocol header b'\xb5\x01'.
ERROR:pyubx2.ubxreader:Unknown protocol header b'\xb5\x01'.
ERROR:pyubx2.ubxreader:Unknown protocol header b'\xb5\x01'.
ERROR:pyubx2.ubxreader:Unknown protocol header b'\xb5\x01'.
ERROR:pyubx2.ubxreader:Unknown protocol header b"\xb5'".
ERROR:pyubx2.ubxreader:Unknown protocol header b'$d'.
ERROR:pyubx2.ubxreader:Unknown protocol header b'$\x17'.
ERROR:pyubx2.ubxreader:Unknown protocol header b'\xb5\x02'.
ERROR:pyubx2.ubxreader:Unknown protocol header b'\xb5\x02'.
ERROR:pyubx2.ubxreader:Unknown protocol header b'\xb5\x02'.
ERROR:pyubx2.ubxreader:Unknown protocol header b'\xb5\x02'.
ERROR:pyubx2.ubxreader:Unknown protocol header b'\xd3*'.
ERROR:pyubx2.ubxreader:Unknown protocol header b'\xb5\xb5'.
ERROR:pyubx2.ubxreader:Unknown protocol header b'\xb5\x00'.
ERROR:pyubx2.ubxreader:Unknown protocol header b'\xb5\n'.
ERROR:pyubx2.ubxreader:Unknown protocol header b'\xb5\n'.
ERROR:pyubx2.ubxreader:Unknown protocol header b'\xb5\n'.
ERROR:pyubx2.ubxreader:Unknown protocol header b'$\x01'.
ERROR:pyubx2.ubxreader:Unknown protocol header b"\xb5'".
ERROR:pyubx2.ubxreader:Unknown protocol header b'$\x88'.
ERROR:pyubx2.ubxreader:Unknown protocol header b'$\x05'.
ERROR:pyubx2.ubxreader:Unknown protocol header b'\xb5\xc9'.
ERROR:pyubx2.ubxreader:Unknown protocol header b'\xd3\x9f'.
ERROR:pyubx2.ubxreader:Unknown protocol header b'\xb5\x02'.
ERROR:pyubx2.ubxreader:Unknown protocol header b'\xb5\x02'.
ERROR:pyubx2.ubxreader:Unknown protocol header b'\xb5\x02'.
ERROR:pyubx2.ubxreader:Unknown protocol header b'\xb5\x02'.
ERROR:pyubx2.ubxreader:Unknown protocol header b'\xb5\x02'.
ERROR:pyubx2.ubxreader:Unknown protocol header b'\xb5\x02'.
ERROR:pyubx2.ubxreader:Unknown protocol header b'\xb5\n'.
ERROR:pyubx2.ubxreader:Unknown protocol header b'\xb5\n'.
ERROR:pyubx2.ubxreader:Unknown protocol header b'\xb5\n'.
ERROR:pyubx2.ubxreader:Unknown protocol header b'\xb5\n'.
ERROR:pyubx2.ubxreader:Message checksum b'*(' invalid - should be b'\xf8D'
ERROR:pyubx2.ubxreader:Unknown protocol header b'$\x05'.
ERROR:pyubx2.ubxreader:Unknown protocol header b'$5'.
ERROR:pyubx2.ubxreader:Unknown protocol header b'\xb5\xb5'.
ERROR:pyubx2.ubxreader:Unknown protocol header b'$$'.
ERROR:pyubx2.ubxreader:Unknown protocol header b'\xb5\x02'.
ERROR:pyubx2.ubxreader:Message checksum b'\x00\x00' invalid - should be b'\ng'
ERROR:pyubx2.ubxreader:Unknown protocol header b'$\x00'.
ERROR:pyubx2.ubxreader:Unknown protocol header b'\xb5\n'.
ERROR:pyubx2.ubxreader:Unknown protocol header b'$\x00'.
ERROR:pyubx2.ubxreader:Unknown protocol header b'\xb5\n'.
ERROR:pyubx2.ubxreader:Unknown protocol header b'$\x02'.
ERROR:pyubx2.ubxreader:Unknown protocol header b'\xb5\x02'.
ERROR:pyubx2.ubxreader:Unknown protocol header b'\xb5:'.
ERROR:pyubx2.ubxreader:Unknown protocol header b'$#'.
ERROR:pyubx2.ubxreader:Unknown protocol header b'$\xc7'.
ERROR:pyubx2.ubxreader:Unknown protocol header b'\xd3\x11'.
ERROR:pyubx2.ubxreader:Unknown protocol header b"\xb5'".
ERROR:pyubx2.ubxreader:Unknown protocol header b'\xb5\x02'.
ERROR:pyubx2.ubxreader:Unknown protocol header b'\xd3^'.
ERROR:pyubx2.ubxreader:Unknown protocol header b'\xd3\xc2'.
ERROR:pyubx2.ubxreader:Unknown protocol header b'$\x05'.
ERROR:pyubx2.ubxreader:Unknown protocol header b'$w'.
ERROR:pyubx2.ubxreader:Unknown protocol header b'\xb5['.
ERROR:pyubx2.ubxreader:Message checksum b',3' invalid - should be b'x\x19'
ERROR:pyubx2.ubxreader:Unknown protocol header b'\xb5\x01'.
ERROR:pyubx2.ubxreader:Unknown protocol header b'$X'.
ERROR:pyubx2.ubxreader:Unknown protocol header b'$\x00'.
ERROR:pyubx2.ubxreader:Unknown protocol header b'$\x1f'.
ERROR:pyubx2.ubxreader:Unknown protocol header b'\xd3b'.
ERROR:pyubx2.ubxreader:Unknown protocol header b'$\x00'.
ERROR:pyubx2.ubxreader:Unknown protocol header b'$+'.
ERROR:pyubx2.ubxreader:Unknown protocol header b'\xb5\x01'.
ERROR:pyubx2.ubxreader:Unknown protocol header b'\xb5\x01'.
ERROR:pyubx2.ubxreader:Unknown protocol header b'\xb5\x01'.
ERROR:pyubx2.ubxreader:Unknown protocol header b'\xb5\x07'.
ERROR:pyubx2.ubxreader:Unknown protocol header b'$\x14'.
ERROR:pyubx2.ubxreader:Unknown protocol header b'\xb5\x07'.
ERROR:pyubx2.ubxreader:Unknown protocol header b'\xb5\x07'.
ERROR:pyubx2.ubxreader:Unknown protocol header b'\xb5\x07'.
ERROR:pyubx2.ubxreader:Unknown protocol header b'\xb5\x07'.
ERROR:pyubx2.ubxreader:Unknown protocol header b'\xb5\x07'.
ERROR:pyubx2.ubxreader:Unknown protocol header b'\xb5\x07'.
ERROR:pyubx2.ubxreader:Unknown protocol header b'\xb5:'.
ERROR:pyubx2.ubxreader:Unknown protocol header b'\xb5\x01'.
ERROR:pyubx2.ubxreader:Unknown protocol header b'\xb5\x02'.
ERROR:pyubx2.ubxreader:Unknown protocol header b'\xb5\x02'.
ERROR:pyubx2.ubxreader:Unknown protocol header b'\xb5\n'.
ERROR:pyubx2.ubxreader:Unknown protocol header b'\xb5\x02'.
ERROR:pyubx2.ubxreader:Unknown protocol header b'\xb5D'.
ERROR:pyubx2.ubxreader:Unknown protocol header b'$$'.
ERROR:pyubx2.ubxreader:Unknown protocol header b'$\xf3'.
ERROR:pyubx2.ubxreader:Unknown protocol header b'$\x00'.
ERROR:pyubx2.ubxreader:Unknown protocol header b'\xd3L'.
ERROR:pyubx2.ubxreader:Unknown protocol header b'\xb5\xc2'.
ERROR:pyubx2.ubxreader:Unknown protocol header b'\xd3\xc2'.
ERROR:pyubx2.ubxreader:Unknown protocol header b'\xd3\x15'.
ERROR:pyubx2.ubxreader:Unknown protocol header b'$\x00'.
ERROR:pyubx2.ubxreader:Unknown protocol header b'$q'.
ERROR:pyubx2.ubxreader:Unknown protocol header b'\xb5\x08'.
ERROR:pyubx2.ubxreader:Unknown protocol header b'\xb5\x01'.
ERROR:pyubx2.ubxreader:Message checksum b'\x92\xb5' invalid - should be b'\x8e\xf0'
ERROR:pyubx2.ubxreader:Unknown protocol header b'\xb5\xb5'.
ERROR:pyubx2.ubxreader:Unknown protocol header b'\xb5\xb5'.
ERROR:pyubx2.ubxreader:Unknown protocol header b'\xb5\x16'.
ERROR:pyubx2.ubxreader:Unknown protocol header b'\xb5<'.
ERROR:pyubx2.ubxreader:Unknown protocol header b'\xb5\x02'.
ERROR:pyubx2.ubxreader:Unknown protocol header b'$%'.
ERROR:pyubx2.ubxreader:Unknown protocol header b"\xb5'".
ERROR:pyubx2.ubxreader:Unknown protocol header b'$\x95'.
ERROR:pyubx2.ubxreader:Unknown protocol header b'\xd3\xa4'.
ERROR:pyubx2.ubxreader:Unknown protocol header b'\xb5\x02'.
ERROR:pyubx2.ubxreader:Unknown protocol header b'$\xf4'.
ERROR:pyubx2.ubxreader:Unknown protocol header b'\xb5\xfd'.
ERROR:pyubx2.ubxreader:Message checksum b'\x02\x13' invalid - should be b'zY'
ERROR:pyubx2.ubxreader:Unknown protocol header b'\xb5\x02'.
ERROR:pyubx2.ubxreader:Unknown protocol header b'\xb5\x02'.
ERROR:pyubx2.ubxreader:Unknown protocol header b'\xb5\x02'.
ERROR:pyubx2.ubxreader:Unknown protocol header b'\xb5\x02'.
ERROR:pyubx2.ubxreader:Unknown protocol header b'\xb5\x02'.
ERROR:pyubx2.ubxreader:Unknown protocol header b'\xb5\x02'.
ERROR:pyubx2.ubxreader:Unknown protocol header b'\xb5\x02'.
ERROR:pyubx2.ubxreader:Unknown protocol header b'\xb5\x02'.
ERROR:pyubx2.ubxreader:Unknown protocol header b'\xb5\x02'.
ERROR:pyubx2.ubxreader:Unknown protocol header b'\xb5\x02'.
ERROR:pyubx2.ubxreader:Unknown protocol header b'\xb5\x02'.
ERROR:pyubx2.ubxreader:Unknown protocol header b'\xb5\x02'.
ERROR:pyubx2.ubxreader:Unknown protocol header b'\xb5\x02'.
ERROR:pyubx2.ubxreader:Unknown protocol header b'\xb5\x02'.
ERROR:pyubx2.ubxreader:Unknown protocol header b'\xb5\x02'.
ERROR:pyubx2.ubxreader:Unknown protocol header b'\xb5\x02'.
ERROR:pyubx2.ubxreader:Unknown protocol header b'\xb5\xb5'.
ERROR:pyubx2.ubxreader:Unknown protocol header b'\xb5\x02'.
ERROR:pyubx2.ubxreader:Unknown protocol header b'\xb5\x02'.
ERROR:pyubx2.ubxreader:Unknown protocol header b'\xb5\x02'.
ERROR:pyubx2.ubxreader:Unknown protocol header b'\xb5\x02'.
ERROR:pyubx2.ubxreader:Unknown protocol header b'\xb5\x01'.
ERROR:pyubx2.ubxreader:Unknown protocol header b'\xb5\x01'.
ERROR:pyubx2.ubxreader:Unknown protocol header b'\xb5\x01'.
ERROR:pyubx2.ubxreader:Unknown protocol header b'$Q'.
ERROR:pyubx2.ubxreader:Unknown protocol header b'$Q'.
ERROR:pyubx2.ubxreader:Unknown protocol header b'\xb5\x02'.
ERROR:pyubx2.ubxreader:Unknown protocol header b'\xb5\x9c'.
ERROR:pyubx2.ubxreader:Unknown protocol header b'\xb5\x01'.
ERROR:pyubx2.ubxreader:Unknown protocol header b'$\x00'.
ERROR:pyubx2.ubxreader:Unknown protocol header b'$X'.
ERROR:pyubx2.ubxreader:Unknown protocol header b'$0'.
ERROR:pyubx2.ubxreader:Unknown protocol header b'$\x00'.
ERROR:pyubx2.ubxreader:Unknown protocol header b'$+'.
ERROR:pyubx2.ubxreader:Unknown protocol header b'\xb5\x01'.
ERROR:pyubx2.ubxreader:Unknown protocol header b'\xd3\xb5'.
ERROR:pyubx2.ubxreader:Unknown protocol header b'\xb5\x9c'.
ERROR:pyubx2.ubxreader:Unknown protocol header b'\xb5\x01'.
ERROR:pyubx2.ubxreader:Unknown protocol header b'\xb5\x9c'.
ERROR:pyubx2.ubxreader:Unknown protocol header b'$\x17'.
ERROR:pyubx2.ubxreader:Unknown protocol header b'\xd3q'.
ERROR:pyubx2.ubxreader:Unknown protocol header b'$\x97'.
ERROR:pyubx2.ubxreader:Unknown protocol header b'\xb5\x01'.
ERROR:pyubx2.ubxreader:Unknown protocol header b'$Q'.
ERROR:pyubx2.ubxreader:Unknown protocol header b'\xd3b'.
ERROR:pyubx2.ubxreader:Unknown protocol header b'$X'.
ERROR:pyubx2.ubxreader:Unknown protocol header b'$\x00'.
ERROR:pyubx2.ubxreader:Unknown protocol header b'$\x00'.
ERROR:pyubx2.ubxreader:Unknown protocol header b'$+'.
ERROR:pyubx2.ubxreader:Unknown protocol header b'\xb5\x01'.
ERROR:pyubx2.ubxreader:Unknown protocol header b'$b'.
ERROR:pyubx2.ubxreader:Unknown protocol header b'$\x14'.
ERROR:pyubx2.ubxreader:Unknown protocol header b'\xb5\x01'.
ERROR:pyubx2.ubxreader:Unknown protocol header b'\xb5!'.
ERROR:pyubx2.ubxreader:Unknown protocol header b'\xb5\x01'.
ERROR:pyubx2.ubxreader:Unknown protocol header b'\xb5\x01'.
ERROR:pyubx2.ubxreader:Unknown protocol header b'\xb5\x01'.
ERROR:pyubx2.ubxreader:Unknown protocol header b'\xb5\x01'.
ERROR:pyubx2.ubxreader:Unknown protocol header b'\xb5\x01'.
ERROR:pyubx2.ubxreader:Unknown protocol header b'\xb5\x01'.
ERROR:pyubx2.ubxreader:Unknown protocol header b'\xb5\xb5'.
ERROR:pyubx2.ubxreader:Unknown protocol header b'\xb5\xb5'.
ERROR:pyubx2.ubxreader:Unknown protocol header b'\xb5\x00'.
ERROR:pyubx2.ubxreader:Unknown protocol header b'$$'.
ERROR:pyubx2.ubxreader:Unknown protocol header b'$$'.
ERROR:pyubx2.ubxreader:Unknown protocol header b'\xb5\xb5'.
ERROR:pyubx2.ubxreader:Unknown protocol header b'\xb5{'.
ERROR:pyubx2.ubxreader:Unknown protocol header b'\xb5\xb5'.
ERROR:pyubx2.ubxreader:Unknown protocol header b'\xb5\x13'.
ERROR:pyubx2.ubxreader:Unknown protocol header b'\xd3\x90'.
ERROR:pyubx2.ubxreader:Unknown protocol header b'\xb5\x02'.
ERROR:pyubx2.ubxreader:Unknown protocol header b'\xb5\x02'.
ERROR:pyubx2.ubxreader:Unknown protocol header b'\xd3\x90'.
ERROR:pyubx2.ubxreader:Unknown protocol header b'\xb5\x02'.
ERROR:pyubx2.ubxreader:Unknown protocol header b'\xd3\x90'.
ERROR:pyubx2.ubxreader:Unknown protocol header b'\xb5\x02'.
ERROR:pyubx2.ubxreader:Unknown protocol header b'\xd3\x90'.
ERROR:pyubx2.ubxreader:Unknown protocol header b'$\x90'.
ERROR:pyubx2.ubxreader:Unknown protocol header b'\xb5\n'.
ERROR:pyubx2.ubxreader:Unknown protocol header b'\xb5\xb5'.
ERROR:pyubx2.ubxreader:Unknown protocol header b'\xb5\x91'.
ERROR:pyubx2.ubxreader:Unknown protocol header b'$#'.
ERROR:pyubx2.ubxreader:Unknown protocol header b"\xb5'".
ERROR:pyubx2.ubxreader:Unknown protocol header b'$m'.
ERROR:pyubx2.ubxreader:Unknown protocol header b'$\x05'.
ERROR:pyubx2.ubxreader:Unknown protocol header b'$,'.
ERROR:pyubx2.ubxreader:Unknown protocol header b'$\x00'.
ERROR:pyubx2.ubxreader:Unknown protocol header b'$X'.
ERROR:pyubx2.ubxreader:Unknown protocol header b'$\x00'.
ERROR:pyubx2.ubxreader:Unknown protocol header b'$\x1f'.
ERROR:pyubx2.ubxreader:Unknown protocol header b'\xb5\x01'.
ERROR:pyubx2.ubxreader:Unknown protocol header b'$\x00'.
ERROR:pyubx2.ubxreader:Unknown protocol header b'$\xb5'.
ERROR:pyubx2.ubxreader:Unknown protocol header b'$\x14'.
ERROR:pyubx2.ubxreader:Unknown protocol header b'\xb5\x01'.
ERROR:pyubx2.ubxreader:Unknown protocol header b'\xb5\x01'.
ERROR:pyubx2.ubxreader:Unknown protocol header b'\xb5\x01'.
ERROR:pyubx2.ubxreader:Unknown protocol header b'\xb5\x01'.
ERROR:pyubx2.ubxreader:Unknown protocol header b'\xb5\x01'.
ERROR:pyubx2.ubxreader:Unknown protocol header b'$\xdc'.
ERROR:pyubx2.ubxreader:Unknown protocol header b'\xd3W'.
ERROR:pyubx2.ubxreader:Unknown protocol header b'\xd3q'.
ERROR:pyubx2.ubxreader:Unknown protocol header b'$\xf7'.
ERROR:pyubx2.ubxreader:Unknown protocol header b'$7'.
ERROR:pyubx2.ubxreader:Unknown protocol header b'\xd3]'.
ERROR:pyubx2.ubxreader:Unknown protocol header b'\xd3q'.
ERROR:pyubx2.ubxreader:Unknown protocol header b'$\x17'.
ERROR:pyubx2.ubxreader:Unknown protocol header b'$\x97'.
ERROR:pyubx2.ubxreader:Unknown protocol header b'\xb5\n'.
ERROR:pyubx2.ubxreader:Unknown protocol header b'\xb5\x02'.
ERROR:pyubx2.ubxreader:Unknown protocol header b'\xb5\x00'.
ERROR:pyubx2.ubxreader:Unknown protocol header b'$\x01'.
ERROR:pyubx2.ubxreader:Unknown protocol header b"\xb5'".
ERROR:pyubx2.ubxreader:Unknown protocol header b'$\x81'.
ERROR:pyubx2.ubxreader:Unknown protocol header b'$\x86'.
ERROR:pyubx2.ubxreader:Unknown protocol header b'\xd3\xdf'.
ERROR:pyubx2.ubxreader:Unknown protocol header b'\xd3\x05'.
ERROR:pyubx2.ubxreader:Unknown protocol header b'$\x05'.
ERROR:pyubx2.ubxreader:Unknown protocol header b'$\x02'.
ERROR:pyubx2.ubxreader:Unknown protocol header b'\xb5\x93'.
ERROR:pyubx2.ubxreader:Unknown protocol header b'$\x8f'.
ERROR:pyubx2.ubxreader:Unknown protocol header b'$\xc4'.
ERROR:pyubx2.ubxreader:Unknown protocol header b'$\x00'.
ERROR:pyubx2.ubxreader:Unknown protocol header b'\xb5\x01'.
ERROR:pyubx2.ubxreader:Unknown protocol header b'$\x05'.
ERROR:pyubx2.ubxreader:Unknown protocol header b'$\x00'.
ERROR:pyubx2.ubxreader:Unknown protocol header b'\xb5\x01'.
ERROR:pyubx2.ubxreader:Unknown protocol header b'$\x00'.
ERROR:pyubx2.ubxreader:Unknown protocol header b'$+'.
ERROR:pyubx2.ubxreader:Unknown protocol header b'\xb5\x01'.
ERROR:pyubx2.ubxreader:Unknown protocol header b'\xb5\x01'.
ERROR:pyubx2.ubxreader:Unknown protocol header b'\xb5\x01'.
ERROR:pyubx2.ubxreader:Unknown protocol header b'\xb5\x01'.
ERROR:pyubx2.ubxreader:Unknown protocol header b'\xb5\x01'.
ERROR:pyubx2.ubxreader:Unknown protocol header b'\xb5\x01'.
ERROR:pyubx2.ubxreader:Unknown protocol header b'\xb5\x01'.
ERROR:pyubx2.ubxreader:Unknown protocol header b'\xb5\x01'.
ERROR:pyubx2.ubxreader:Unknown protocol header b'\xb5\x01'.
ERROR:pyubx2.ubxreader:Unknown protocol header b'\xb5\x01'.
ERROR:pyubx2.ubxreader:Unknown protocol header b'\xb5\x01'.
ERROR:pyubx2.ubxreader:Unknown protocol header b'\xb5\x01'.
ERROR:pyubx2.ubxreader:Unknown protocol header b'\xb5\x01'.
ERROR:pyubx2.ubxreader:Unknown protocol header b"\xb5'".
ERROR:pyubx2.ubxreader:Unknown protocol header b'$\xd7'.
ERROR:pyubx2.ubxreader:Unknown protocol header b'\xd3D'.
ERROR:pyubx2.ubxreader:Unknown protocol header b'\xd3q'.
ERROR:pyubx2.ubxreader:Unknown protocol header b'$\xf7'.
ERROR:pyubx2.ubxreader:Unknown protocol header b'$\x17'.
ERROR:pyubx2.ubxreader:Unknown protocol header b'$7'.
ERROR:pyubx2.ubxreader:Unknown protocol header b'\xd3D'.
ERROR:pyubx2.ubxreader:Unknown protocol header b'\xd3\x11'.
ERROR:pyubx2.ubxreader:Unknown protocol header b'$d'.
ERROR:pyubx2.ubxreader:Unknown protocol header b'$\x17'.
ERROR:pyubx2.ubxreader:Unknown protocol header b'$\x17'.
ERROR:pyubx2.ubxreader:Unknown protocol header b'$\xd7'.
ERROR:pyubx2.ubxreader:Unknown protocol header b'$.'.
ERROR:pyubx2.ubxreader:Unknown protocol header b'\xb5\r'.
ERROR:pyubx2.ubxreader:Serial stream terminated unexpectedly. 63490 bytes requested, 18240 bytes returned.
ERROR:pyubx2.ubxreader:Unknown protocol header b'\xb5\x02'.
ERROR:pyubx2.ubxreader:Unknown protocol header b'\xd3\xff'.
ERROR:pyubx2.ubxreader:Unknown protocol header b"\xb5'".
ERROR:pyubx2.ubxreader:Unknown protocol header b'\xb5D'.
ERROR:pyubx2.ubxreader:Unknown protocol header b'\xb5\xb7'.
ERROR:pyubx2.ubxreader:Unknown protocol header b'\xb56'.
ERROR:pyubx2.ubxreader:Unknown protocol header b'\xd3\xdb'.
ERROR:pyubx2.ubxreader:Unknown protocol header b'\xd3\xbf'.
ERROR:pyubx2.ubxreader:Unknown protocol header b'$y'.
ERROR:pyubx2.ubxreader:Unknown protocol header b'$\x03'.
ERROR:pyubx2.ubxreader:Unknown protocol header b'\xb5\x02'.
ERROR:pyubx2.ubxreader:Unknown protocol header b'\xb5\x02'.
ERROR:pyubx2.ubxreader:Unknown protocol header b'\xb5\x02'.
ERROR:pyubx2.ubxreader:Unknown protocol header b'\xb5\x02'.
ERROR:pyubx2.ubxreader:Unknown protocol header b'\xb5\x02'.
ERROR:pyubx2.ubxreader:Unknown protocol header b'\xb5\x02'.
ERROR:pyubx2.ubxreader:Unknown protocol header b'\xb5\n'.
ERROR:pyubx2.ubxreader:Unknown protocol header b'\xb5\n'.
ERROR:pyubx2.ubxreader:Unknown protocol header b'$#'.
ERROR:pyubx2.ubxreader:Unknown protocol header b'\xb5\x04'.
ERROR:pyubx2.ubxreader:Unknown protocol header b"\xb5'".
ERROR:pyubx2.ubxreader:Unknown protocol header b'\xb5\x9d'.
ERROR:pyubx2.ubxreader:Unknown protocol header b'$\x05'.
ERROR:pyubx2.ubxreader:Unknown protocol header b'\xb5A'.
ERROR:pyubx2.ubxreader:Unknown protocol header b'$/'.
ERROR:pyubx2.ubxreader:Unknown protocol header b'\xb5\x01'.
ERROR:pyubx2.ubxreader:Unknown protocol header b'\xb5\x01'.
ERROR:pyubx2.ubxreader:Unknown protocol header b'\xb5\x01'.
ERROR:pyubx2.ubxreader:Unknown protocol header b'\xb5\x01'.
ERROR:pyubx2.ubxreader:Unknown protocol header b'\xb5\x01'.
ERROR:pyubx2.ubxreader:Unknown protocol header b'\xb5\x01'.
ERROR:pyubx2.ubxreader:Unknown protocol header b'$$'.
ERROR:pyubx2.ubxreader:Unknown protocol header b'$.'.
ERROR:pyubx2.ubxreader:Unknown protocol header b'$\x00'.
ERROR:pyubx2.ubxreader:Unknown protocol header b'\xb55'.
ERROR:pyubx2.ubxreader:Unknown protocol header b'$X'.
ERROR:pyubx2.ubxreader:Unknown protocol header b'\xb5\x01'.
ERROR:pyubx2.ubxreader:Unknown protocol header b'$\x00'.
ERROR:pyubx2.ubxreader:Unknown protocol header b'$+'.
ERROR:pyubx2.ubxreader:Unknown protocol header b'\xb5\x01'.
ERROR:pyubx2.ubxreader:Unknown protocol header b'\xb5\x01'.
ERROR:pyubx2.ubxreader:Unknown protocol header b'\xb5\x01'.
ERROR:pyubx2.ubxreader:Unknown protocol header b'\xb5\x01'.
ERROR:pyubx2.ubxreader:Unknown protocol header b'\xb5\x01'.
ERROR:pyubx2.ubxreader:Unknown protocol header b'\xb5\x01'.
ERROR:pyubx2.ubxreader:Unknown protocol header b'\xb5\x01'.
ERROR:pyubx2.ubxreader:Unknown protocol header b'\xb5\x01'.
ERROR:pyubx2.ubxreader:Unknown protocol header b'\xb5\x01'.
ERROR:pyubx2.ubxreader:Unknown protocol header b'\xb5\x01'.
ERROR:pyubx2.ubxreader:Unknown protocol header b'\xb5\x01'.
ERROR:pyubx2.ubxreader:Unknown protocol header b'\xb5\x01'.
ERROR:pyubx2.ubxreader:Unknown protocol header b'\xb5\x01'.
ERROR:pyubx2.ubxreader:Unknown protocol header b'\xb5\x01'.
ERROR:pyubx2.ubxreader:Unknown protocol header b'\xb5\x01'.
ERROR:pyubx2.ubxreader:Unknown protocol header b'\xd3\x91'.
ERROR:pyubx2.ubxreader:Unknown protocol header b'\xd3D'.
ERROR:pyubx2.ubxreader:Unknown protocol header b'\xd3q'.
ERROR:pyubx2.ubxreader:Unknown protocol header b'$\xf7'.
ERROR:pyubx2.ubxreader:Unknown protocol header b'$\x17'.
ERROR:pyubx2.ubxreader:Unknown protocol header b'$7'.
ERROR:pyubx2.ubxreader:Unknown protocol header b'\xd3q'.
ERROR:pyubx2.ubxreader:Unknown protocol header b'$\x17'.
ERROR:pyubx2.ubxreader:Unknown protocol header b'$\x97'.
ERROR:pyubx2.ubxreader:Unknown protocol header b'\xb5\x02'.
ERROR:pyubx2.ubxreader:Unknown protocol header b'\xb5\x02'.
ERROR:pyubx2.ubxreader:Unknown protocol header b'$\x00'.
ERROR:pyubx2.ubxreader:Unknown protocol header b'\xb5\x13'.
ERROR:pyubx2.ubxreader:Unknown protocol header b'$\x02'.
ERROR:pyubx2.ubxreader:Message checksum b'\x00\x00' invalid - should be b'\xb7h'
ERROR:pyubx2.ubxreader:Unknown protocol header b'\xb5\n'.
ERROR:pyubx2.ubxreader:Unknown protocol header b'\xb5\n'.
ERROR:pyubx2.ubxreader:Unknown protocol header b'\xb5\n'.
ERROR:pyubx2.ubxreader:Unknown protocol header b'$\x02'.
ERROR:pyubx2.ubxreader:Unknown protocol header b'\xb5\x02'.
ERROR:pyubx2.ubxreader:Unknown protocol header b'\xb5\x00'.
ERROR:pyubx2.ubxreader:Unknown protocol header b'$\x01'.
ERROR:pyubx2.ubxreader:Unknown protocol header b'$\x81'.
ERROR:pyubx2.ubxreader:Unknown protocol header b'\xb5\xf0'.
ERROR:pyubx2.ubxreader:Unknown protocol header b'$\xc4'.
ERROR:pyubx2.ubxreader:Unknown protocol header b'\xd3\x05'.
ERROR:pyubx2.ubxreader:Unknown protocol header b'\xd3\x05'.
ERROR:pyubx2.ubxreader:Unknown protocol header b'$\x00'.
ERROR:pyubx2.ubxreader:Unknown protocol header b'$\xe7'.
ERROR:pyubx2.ubxreader:Unknown protocol header b'\xb5\xd8'.
ERROR:pyubx2.ubxreader:Unknown protocol header b'$\xc4'.
ERROR:pyubx2.ubxreader:Unknown protocol header b'\xd3z'.
ERROR:pyubx2.ubxreader:Unknown protocol header b'\xb5\x02'.
ERROR:pyubx2.ubxreader:Unknown protocol header b'\xb5\x02'.
ERROR:pyubx2.ubxreader:Unknown protocol header b'\xb5\x02'.
ERROR:pyubx2.ubxreader:Unknown protocol header b'\xb5\x02'.
ERROR:pyubx2.ubxreader:Unknown protocol header b'\xb5\x02'.
ERROR:pyubx2.ubxreader:Unknown protocol header b'\xb5\x02'.
ERROR:pyubx2.ubxreader:Unknown protocol header b'\xb5\x02'.
ERROR:pyubx2.ubxreader:Unknown protocol header b'\xb5\xb5'.
ERROR:pyubx2.ubxreader:Unknown protocol header b'\xb5='.
ERROR:pyubx2.ubxreader:Unknown protocol header b'$\xfb'.
ERROR:pyubx2.ubxreader:Unknown protocol header b'\xb5y'.
ERROR:pyubx2.ubxreader:Unknown protocol header b'\xb5\xa3'.
ERROR:pyubx2.ubxreader:Message checksum b'\x85\xb5' invalid - should be b'\xf4\xb5'
ERROR:pyubx2.ubxreader:Serial stream terminated unexpectedly. 26626 bytes requested, 14940 bytes returned.
ERROR:pyubx2.ubxreader:Unknown protocol header b'$\x10'.
ERROR:pyubx2.ubxreader:Unknown protocol header b'\xb5\x02'.
ERROR:pyubx2.ubxreader:Unknown protocol header b'\xb5\x02'.
ERROR:pyubx2.ubxreader:Unknown protocol header b'\xb5<'.
ERROR:pyubx2.ubxreader:Unknown protocol header b'\xb5\x02'.
ERROR:pyubx2.ubxreader:Unknown protocol header b'\xb5\x02'.
ERROR:pyubx2.ubxreader:Unknown protocol header b'\xb5\x02'.
ERROR:pyubx2.ubxreader:Unknown protocol header b'\xb5\x02'.
ERROR:pyubx2.ubxreader:Unknown protocol header b'\xb5\x02'.
ERROR:pyubx2.ubxreader:Unknown protocol header b'\xb5\x02'.
ERROR:pyubx2.ubxreader:Unknown protocol header b'\xb5\n'.
ERROR:pyubx2.ubxreader:Unknown protocol header b'\xb5\x0b'.
ERROR:pyubx2.ubxreader:Unknown protocol header b'\xb5\n'.
ERROR:pyubx2.ubxreader:Unknown protocol header b'\xb5\x03'.
ERROR:pyubx2.ubxreader:Message checksum b'\xc6\xb5' invalid - should be b'\xf6\x8c'
ERROR:pyubx2.ubxreader:Unknown protocol header b'$.'.
ERROR:pyubx2.ubxreader:Unknown protocol header b'\xb5;'.
ERROR:pyubx2.ubxreader:Unknown protocol header b'\xb5\xb5'.
ERROR:pyubx2.ubxreader:Unknown protocol header b'\xb5\x00'.
ERROR:pyubx2.ubxreader:Unknown protocol header b'\xb5\xaa'.
ERROR:pyubx2.ubxreader:Unknown protocol header b'\xb5\xb5'.
ERROR:pyubx2.ubxreader:Unknown protocol header b'\xb5\xb5'.
ERROR:pyubx2.ubxreader:Unknown protocol header b'\xb5\xb5'.
device reports readiness to read but returned no data (device disconnected or multiple access on port?)
Error in get ublox data thread: device reports readiness to read but returned no data (device disconnected or multiple access on port?)
Error in get ublox data thread: device reports readiness to read but returned no data (device disconnected or multiple access on port?)
Error in get ublox data thread: device reports readiness to read but returned no data (device disconnected or multiple access on port?)
Error in get ublox data thread: device reports readiness to read but returned no data (device disconnected or multiple access on port?)
Error in get ublox data thread: device reports readiness to read but returned no data (device disconnected or multiple access on port?)
Error in get ublox data thread: device reports readiness to read but returned no data (device disconnected or multiple access on port?)
Error in get ublox data thread: device reports readiness to read but returned no data (device disconnected or multiple access on port?)
Error in get ublox data thread: device reports readiness to read but returned no data (device disconnected or multiple access on port?)
Error in get ublox data thread: device reports readiness to read but returned no data (device disconnected or multiple access on port?)
Error in get ublox data thread: device reports readiness to read but returned no data (device disconnected or multiple access on port?)
Error in get ublox data thread: device reports readiness to read but returned no data (device disconnected or multiple access on port?)
Error in get ublox data thread: device reports readiness to read but returned no data (device disconnected or multiple access on port?)
Error in get ublox data thread: device reports readiness to read but returned no data (device disconnected or multiple access on port?)
Error in get ublox data thread: device reports readiness to read but returned no data (device disconnected or multiple access on port?)
Error in get ublox data thread: device reports readiness to read but returned no data (device disconnected or multiple access on port?)
Error in get ublox data thread: device reports readiness to read but returned no data (device disconnected or multiple access on port?)
Error in get ublox data thread: device reports readiness to read but returned no data (device disconnected or multiple access on port?)
Error in get ublox data thread: device reports readiness to read but returned no data (device disconnected or multiple access on port?)
Error in get ublox data thread: device reports readiness to read but returned no data (device disconnected or multiple access on port?)
Error in get ublox data thread: device reports readiness to read but returned no data (device disconnected or multiple access on port?)
Error in get ublox data thread: device reports readiness to read but returned no data (device disconnected or multiple access on port?)
Error in get ublox data thread: device reports readiness to read but returned no data (device disconnected or multiple access on port?)
Error in get ublox data thread: device reports readiness to read but returned no data (device disconnected or multiple access on port?)
Error in get ublox data thread: device reports readiness to read but returned no data (device disconnected or multiple access on port?)
Error in get ublox data thread: device reports readiness to read but returned no data (device disconnected or multiple access on port?)
Error in get ublox data thread: device reports readiness to read but returned no data (device disconnected or multiple access on port?)
121290.993 and 121291.0
Error in get ublox data thread: device reports readiness to read but returned no data (device disconnected or multiple access on port?)
Error in get ublox data thread: device reports readiness to read but returned no data (device disconnected or multiple access on port?)
Error in get ublox data thread: device reports readiness to read but returned no data (device disconnected or multiple access on port?)
Error in get ublox data thread: device reports readiness to read but returned no data (device disconnected or multiple access on port?)
Error in get ublox data thread: device reports readiness to read but returned no data (device disconnected or multiple access on port?)
Error in get ublox data thread: device reports readiness to read but returned no data (device disconnected or multiple access on port?)
Error in get ublox data thread: device reports readiness to read but returned no data (device disconnected or multiple access on port?)
Error in get ublox data thread: device reports readiness to read but returned no data (device disconnected or multiple access on port?)
Error in get ublox data thread: device reports readiness to read but returned no data (device disconnected or multiple access on port?)
Error in get ublox data thread: device reports readiness to read but returned no data (device disconnected or multiple access on port?)
Error in get ublox data thread: device reports readiness to read but returned no data (device disconnected or multiple access on port?)
Error in get ublox data thread: device reports readiness to read but returned no data (device disconnected or multiple access on port?)
Error in get ublox data thread: device reports readiness to read but returned no data (device disconnected or multiple access on port?)
Error in get ublox data thread: device reports readiness to read but returned no data (device disconnected or multiple access on port?)
Error in get ublox data thread: device reports readiness to read but returned no data (device disconnected or multiple access on port?)
Error in get ublox data thread: device reports readiness to read but returned no data (device disconnected or multiple access on port?)
Error in get ublox data thread: device reports readiness to read but returned no data (device disconnected or multiple access on port?)
Error in get ublox data thread: device reports readiness to read but returned no data (device disconnected or multiple access on port?)
Error in get ublox data thread: device reports readiness to read but returned no data (device disconnected or multiple access on port?)
Error in get ublox data thread: device reports readiness to read but returned no data (device disconnected or multiple access on port?)
Error in get ublox data thread: device reports readiness to read but returned no data (device disconnected or multiple access on port?)
Error in get ublox data thread: device reports readiness to read but returned no data (device disconnected or multiple access on port?)
Error in get ublox data thread: device reports readiness to read but returned no data (device disconnected or multiple access on port?)
Error in get ublox data thread: device reports readiness to read but returned no data (device disconnected or multiple access on port?)
Error in get ublox data thread: device reports readiness to read but returned no data (device disconnected or multiple access on port?)
Error in get ublox data thread: device reports readiness to read but returned no data (device disconnected or multiple access on port?)
Error in get ublox data thread: device reports readiness to read but returned no data (device disconnected or multiple access on port?)
Error in get ublox data thread: device reports readiness to read but returned no data (device disconnected or multiple access on port?)
Error in get ublox data thread: device reports readiness to read but returned no data (device disconnected or multiple access on port?)
Error in get ublox data thread: device reports readiness to read but returned no data (device disconnected or multiple access on port?)
Error in get ublox data thread: device reports readiness to read but returned no data (device disconnected or multiple access on port?)
Error in get ublox data thread: device reports readiness to read but returned no data (device disconnected or multiple access on port?)
Error in get ublox data thread: device reports readiness to read but returned no data (device disconnected or multiple access on port?)
Error in get ublox data thread: ERROR:pyubx2.ubxreader:Unknown protocol header b'\xb5\xb5'.
ERROR:pyubx2.ubxreader:Unknown protocol header b'\xb5\xb5'.
ERROR:pyubx2.ubxreader:Unknown protocol header b'\xb5\xb5'.
ERROR:pyubx2.ubxreader:Unknown protocol header b'\xb5\xb5'.
ERROR:pyubx2.ubxreader:Unknown protocol header b'$$'.
ERROR:pyubx2.ubxreader:Unknown protocol header b'$$'.
ERROR:pyubx2.ubxreader:Unknown protocol header b'$$'.
ERROR:pyubx2.ubxreader:Unknown protocol header b'$\x00'.
ERROR:pyubx2.ubxreader:Unknown protocol header b'\xb5\x0e'.
ERROR:pyubx2.ubxreader:Unknown protocol header b'\xb5\xb5'.
ERROR:pyubx2.ubxreader:Unknown protocol header b'\xb5\xb5'.
ERROR:pyubx2.ubxreader:Unknown protocol header b"\xb5'".
ERROR:pyubx2.ubxreader:Message checksum b'\x00\x00' invalid - should be b'\x18X'
ERROR:pyubx2.ubxreader:Message checksum b'\x83\xb5' invalid - should be b'C\xa7'
ERROR:pyubx2.ubxreader:Unknown protocol header b'$Q'.
ERROR:pyubx2.ubxreader:Unknown protocol header b'\xb5\x01'.
ERROR:pyubx2.ubxreader:Unknown protocol header b'$\x00'.
ERROR:pyubx2.ubxreader:Unknown protocol header b'$\x00'.
ERROR:pyubx2.ubxreader:Unknown protocol header b'$\x00'.
ERROR:pyubx2.ubxreader:Unknown protocol header b'\xb5\x01'.
ERROR:pyubx2.ubxreader:Unknown protocol header b'$\x97'.
ERROR:pyubx2.ubxreader:Unknown protocol header b'\xd3\\'.
ERROR:pyubx2.ubxreader:Unknown protocol header b'\xb5D'.
ERROR:pyubx2.ubxreader:Unknown protocol header b'$\xd7'.
ERROR:pyubx2.ubxreader:Unknown protocol header b'\xd3q'.
ERROR:pyubx2.ubxreader:Unknown protocol header b'\xb5\xff'.
ERROR:pyubx2.ubxreader:Unknown protocol header b'\xd3\xa1'.
ERROR:pyubx2.ubxreader:Unknown protocol header b'\xb5\x02'.
ERROR:pyubx2.ubxreader:Unknown protocol header b'$\x00'.
ERROR:pyubx2.ubxreader:Unknown protocol header b'\xb5\x02'.
ERROR:pyubx2.ubxreader:Unknown protocol header b'\xb5\x02'.
ERROR:pyubx2.ubxreader:Unknown protocol header b'\xb5\n'.
ERROR:pyubx2.ubxreader:Unknown protocol header b'\xb5\n'.
ERROR:pyubx2.ubxreader:Unknown protocol header b'\xb5\n'.
ERROR:pyubx2.ubxreader:Unknown protocol header b'\xb5\n'.
ERROR:pyubx2.ubxreader:Unknown protocol header b'$v'.
ERROR:pyubx2.ubxreader:Unknown protocol header b'$\x00'.
ERROR:pyubx2.ubxreader:Unknown protocol header b'\xb5\n'.
ERROR:pyubx2.ubxreader:Message checksum b'\x00\x00' invalid - should be b'l|'
ERROR:pyubx2.ubxreader:Unknown protocol header b'\xb5\n'.
ERROR:pyubx2.ubxreader:Unknown protocol header b'\xb5\x02'.
ERROR:pyubx2.ubxreader:Unknown protocol header b'\xd3\xff'.
ERROR:pyubx2.ubxreader:Unknown protocol header b"\xb5'".
ERROR:pyubx2.ubxreader:Unknown protocol header b"\xb5'".
ERROR:pyubx2.ubxreader:Unknown protocol header b'$\x17'.
ERROR:pyubx2.ubxreader:Unknown protocol header b'\xb5o'.
ERROR:pyubx2.ubxreader:Unknown protocol header b'$\xd6'.
ERROR:pyubx2.ubxreader:Unknown protocol header b'$)'.
ERROR:pyubx2.ubxreader:Unknown protocol header b'$u'.
ERROR:pyubx2.ubxreader:Unknown protocol header b'\xd3\x9c'.
ERROR:pyubx2.ubxreader:Unknown protocol header b'$u'.
ERROR:pyubx2.ubxreader:Unknown protocol header b'\xd3\xd0'.
ERROR:pyubx2.ubxreader:Unknown protocol header b'$\n'.
ERROR:pyubx2.ubxreader:Message checksum b'\x00q' invalid - should be b'\x82\x19'
ERROR:pyubx2.ubxreader:Unknown protocol header b'\xb5\x02'.
ERROR:pyubx2.ubxreader:Unknown protocol header b'\xb5\x02'.
ERROR:pyubx2.ubxreader:Unknown protocol header b'\xb5\x02'.
ERROR:pyubx2.ubxreader:Unknown protocol header b'\xb5\x02'.
ERROR:pyubx2.ubxreader:Unknown protocol header b'\xb5\x01'.
ERROR:pyubx2.ubxreader:Unknown protocol header b'\xb5\x01'.
ERROR:pyubx2.ubxreader:Unknown protocol header b'\xb5\x01'.
ERROR:pyubx2.ubxreader:Unknown protocol header b'\xb5\x01'.
ERROR:pyubx2.ubxreader:Unknown protocol header b'\xb5\x01'.
ERROR:pyubx2.ubxreader:Unknown protocol header b'\xb5!'.
ERROR:pyubx2.ubxreader:Unknown protocol header b'$\x00'.
ERROR:pyubx2.ubxreader:Unknown protocol header b'$\x00'.
ERROR:pyubx2.ubxreader:Unknown protocol header b'\xb5\x02'.
ERROR:pyubx2.ubxreader:Unknown protocol header b'\xb5\x02'.
ERROR:pyubx2.ubxreader:Unknown protocol header b'\xb5\x01'.
ERROR:pyubx2.ubxreader:Unknown protocol header b'\xd3_'.
ERROR:pyubx2.ubxreader:Unknown protocol header b'$\x05'.
ERROR:pyubx2.ubxreader:Unknown protocol header b'\xd3/'.
ERROR:pyubx2.ubxreader:Unknown protocol header b'$\x00'.
ERROR:pyubx2.ubxreader:Unknown protocol header b'\xb5\x01'.
ERROR:pyubx2.ubxreader:Unknown protocol header b'$,'.
ERROR:pyubx2.ubxreader:Unknown protocol header b'\xb5\x06'.
ERROR:pyubx2.ubxreader:Unknown protocol header b'\xb5\n'.
ERROR:pyubx2.ubxreader:Unknown protocol header b'\xb5\n'.
ERROR:pyubx2.ubxreader:Unknown protocol header b'\xb5\n'.
ERROR:pyubx2.ubxreader:Unknown protocol header b'\xb5\n'.
ERROR:pyubx2.ubxreader:Unknown protocol header b'\xb5\n'.
ERROR:pyubx2.ubxreader:Unknown protocol header b'\xb5\n'.
ERROR:pyubx2.ubxreader:Unknown protocol header b'\xb5\n'.
ERROR:pyubx2.ubxreader:Unknown protocol header b'\xd3\xb4'.
ERROR:pyubx2.ubxreader:Unknown protocol header b'$\x01'.
ERROR:pyubx2.ubxreader:Unknown protocol header b'$\xa6'.
ERROR:pyubx2.ubxreader:Unknown protocol header b'$\xb5'.
ERROR:pyubx2.ubxreader:Unknown protocol header b'\xd3\xc9'.
ERROR:pyubx2.ubxreader:Unknown protocol header b'$\x03'.
ERROR:pyubx2.ubxreader:Unknown protocol header b'$\x03'.
ERROR:pyubx2.ubxreader:Unknown protocol header b'\xb5\x99'.
ERROR:pyubx2.ubxreader:Unknown protocol header b'\xb5A'.
ERROR:pyubx2.ubxreader:Unknown protocol header b'\xb5\xa1'.
ERROR:pyubx2.ubxreader:Unknown protocol header b'\xd33'.
ERROR:pyubx2.ubxreader:Unknown protocol header b'$\x96'.
ERROR:pyubx2.ubxreader:Unknown protocol header b'\xb5\x02'.
ERROR:pyubx2.ubxreader:Unknown protocol header b'$\n'.
ERROR:pyubx2.ubxreader:Unknown protocol header b'\xb5\x02'.
ERROR:pyubx2.ubxreader:Unknown protocol header b'\xb5\x02'.
ERROR:pyubx2.ubxreader:Unknown protocol header b'\xb5\x02'.
ERROR:pyubx2.ubxreader:Unknown protocol header b'\xb5\x02'.
ERROR:pyubx2.ubxreader:Unknown protocol header b'\xb5\xb5'.
ERROR:pyubx2.ubxreader:Unknown protocol header b'\xb5$'.
ERROR:pyubx2.ubxreader:Unknown protocol header b'$\x02'.
ERROR:pyubx2.ubxreader:Unknown protocol header b'\xb5:'.
ERROR:pyubx2.ubxreader:Unknown protocol header b'\xb5\x04'.
ERROR:pyubx2.ubxreader:Unknown protocol header b'\xb5x'.
ERROR:pyubx2.ubxreader:Unknown protocol header b'\xb5\x00'.
ERROR:pyubx2.ubxreader:Message checksum b'\xf0\xeb' invalid - should be b'\x02\x07'
ERROR:pyubx2.ubxreader:Unknown protocol header b'$\x00'.
ERROR:pyubx2.ubxreader:Unknown protocol header b'$\x07'.
ERROR:pyubx2.ubxreader:Unknown protocol header b'$\x00'.
ERROR:pyubx2.ubxreader:Unknown protocol header b'$\x07'.
ERROR:pyubx2.ubxreader:Unknown protocol header b'\xb5\n'.
ERROR:pyubx2.ubxreader:Unknown protocol header b'\xb5\n'.
ERROR:pyubx2.ubxreader:Unknown protocol header b'\xb5\n'.
ERROR:pyubx2.ubxreader:Unknown protocol header b'$\x02'.
ERROR:pyubx2.ubxreader:Unknown protocol header b'\xb5\x02'.
ERROR:pyubx2.ubxreader:Message checksum b'\x03\xbe' invalid - should be b'\x15n'
ERROR:pyubx2.ubxreader:Unknown protocol header b'\xd3\xff'.
ERROR:pyubx2.ubxreader:Unknown protocol header b"\xb5'".
ERROR:pyubx2.ubxreader:Unknown protocol header b'\xb5\x02'.
ERROR:pyubx2.ubxreader:Unknown protocol header b'\xd3\xe3'.
ERROR:pyubx2.ubxreader:Unknown protocol header b'\xd3\x80'.
ERROR:pyubx2.ubxreader:Unknown protocol header b'\xd3\x80'.
ERROR:pyubx2.ubxreader:Unknown protocol header b'$\x97'.
ERROR:pyubx2.ubxreader:Unknown protocol header b'\xb5\xe2'.
ERROR:pyubx2.ubxreader:Unknown protocol header b'$\x03'.
ERROR:pyubx2.ubxreader:Unknown protocol header b'\xb5\x02'.
ERROR:pyubx2.ubxreader:Unknown protocol header b'\xb5\x02'.
ERROR:pyubx2.ubxreader:Unknown protocol header b'\xb5\x02'.
ERROR:pyubx2.ubxreader:Unknown protocol header b'\xb5\x01'.
ERROR:pyubx2.ubxreader:Unknown protocol header b'\xb5\x01'.
ERROR:pyubx2.ubxreader:Unknown protocol header b'$\x00'.
ERROR:pyubx2.ubxreader:Unknown protocol header b'\xb5\x01'.
ERROR:pyubx2.ubxreader:Unknown protocol header b'$b'.
ERROR:pyubx2.ubxreader:Unknown protocol header b'$:'.
ERROR:pyubx2.ubxreader:Unknown protocol header b'\xb5\x01'.
ERROR:pyubx2.ubxreader:Unknown protocol header b'$$'.
ERROR:pyubx2.ubxreader:Unknown protocol header b'\xb5\x01'.
ERROR:pyubx2.ubxreader:Unknown protocol header b'$\x05'.
ERROR:pyubx2.ubxreader:Unknown protocol header b'$\x00'.
ERROR:pyubx2.ubxreader:Unknown protocol header b'$\x00'.
ERROR:pyubx2.ubxreader:Unknown protocol header b'\xb5\x01'.
ERROR:pyubx2.ubxreader:Unknown protocol header b'\xb5\x01'.
ERROR:pyubx2.ubxreader:Message checksum b'\x00\x00' invalid - should be b'\x00U'
ERROR:pyubx2.ubxreader:Unknown protocol header b'\xb5\n'.
ERROR:pyubx2.ubxreader:Unknown protocol header b'\xb5\n'.
ERROR:pyubx2.ubxreader:Unknown protocol header b'\xb5\n'.
ERROR:pyubx2.ubxreader:Unknown protocol header b'\xb5\xb5'.
ERROR:pyubx2.ubxreader:Unknown protocol header b'\xb5\n'.
ERROR:pyubx2.ubxreader:Unknown protocol header b'$\x1e'.
ERROR:pyubx2.ubxreader:Unknown protocol header b'\xd3\xe6'.
ERROR:pyubx2.ubxreader:Unknown protocol header b'\xb5\x00'.
ERROR:pyubx2.ubxreader:Unknown protocol header b'$t'.
ERROR:pyubx2.ubxreader:Unknown protocol header b'\xd3D'.
ERROR:pyubx2.ubxreader:Unknown protocol header b'$\x05'.
ERROR:pyubx2.ubxreader:Unknown protocol header b'\xd3v'.
ERROR:pyubx2.ubxreader:Unknown protocol header b'$\xc9'.
ERROR:pyubx2.ubxreader:Unknown protocol header b'$y'.
ERROR:pyubx2.ubxreader:Unknown protocol header b'$\x81'.
ERROR:pyubx2.ubxreader:Unknown protocol header b'$\xba'.
ERROR:pyubx2.ubxreader:Unknown protocol header b'$\x03'.
ERROR:pyubx2.ubxreader:Unknown protocol header b'\xb5\x02'.
ERROR:pyubx2.ubxreader:Unknown protocol header b'\xb5\x02'.
ERROR:pyubx2.ubxreader:Unknown protocol header b'\xb5\x02'.
ERROR:pyubx2.ubxreader:Unknown protocol header b'\xb5\x02'.
ERROR:pyubx2.ubxreader:Message checksum b',3' invalid - should be b'\xf4\x96'
ERROR:pyubx2.ubxreader:Unknown protocol header b'$,'.
ERROR:pyubx2.ubxreader:Unknown protocol header b'$$'.
ERROR:pyubx2.ubxreader:Unknown protocol header b'$\x00'.
ERROR:pyubx2.ubxreader:Serial stream terminated unexpectedly. 49158 bytes requested, 19698 bytes returned.
ERROR:pyubx2.ubxreader:Unknown protocol header b'\xb5\n'.
ERROR:pyubx2.ubxreader:Message checksum b'\xff3' invalid - should be b'\x85K'
ERROR:pyubx2.ubxreader:Message checksum b'_\xa6' invalid - should be b'\x07 '
ERROR:pyubx2.ubxreader:Unknown protocol header b'\xb5Q'.
ERROR:pyubx2.ubxreader:Unknown protocol header b'$\xc5'.
ERROR:pyubx2.ubxreader:Unknown protocol header b'$\xdd'.
ERROR:pyubx2.ubxreader:Unknown protocol header b'$\x05'.
ERROR:pyubx2.ubxreader:Unknown protocol header b'\xb5\x02'.
ERROR:pyubx2.ubxreader:Unknown protocol header b'$b'.
ERROR:pyubx2.ubxreader:Unknown protocol header b'\xb5\x01'.
ERROR:pyubx2.ubxreader:Unknown protocol header b'$\x00'.
ERROR:pyubx2.ubxreader:Unknown protocol header b'\xb5\x12'.
ERROR:pyubx2.ubxreader:Unknown protocol header b'$,'.
ERROR:pyubx2.ubxreader:Unknown protocol header b'$\x05'.
ERROR:pyubx2.ubxreader:Unknown protocol header b'$\x07'.
ERROR:pyubx2.ubxreader:Unknown protocol header b'\xb5\x01'.
ERROR:pyubx2.ubxreader:Unknown protocol header b'\xb5\x01'.
ERROR:pyubx2.ubxreader:Unknown protocol header b'\xb5\x01'.
ERROR:pyubx2.ubxreader:Unknown protocol header b'\xb5\x01'.
ERROR:pyubx2.ubxreader:Unknown protocol header b'\xb5\x01'.
ERROR:pyubx2.ubxreader:Unknown protocol header b'\xb5\x01'.
ERROR:pyubx2.ubxreader:Unknown protocol header b'\xb5\x01'.
ERROR:pyubx2.ubxreader:Unknown protocol header b'\xb5\x01'.
ERROR:pyubx2.ubxreader:Unknown protocol header b'\xb5\x01'.
ERROR:pyubx2.ubxreader:Unknown protocol header b'\xb5\x01'.
ERROR:pyubx2.ubxreader:Unknown protocol header b'\xd3;'.
ERROR:pyubx2.ubxreader:Unknown protocol header b'\xb5\x01'.
ERROR:pyubx2.ubxreader:Unknown protocol header b'\xb5\xb5'.
ERROR:pyubx2.ubxreader:Unknown protocol header b'\xb5\x01'.
ERROR:pyubx2.ubxreader:Unknown protocol header b'\xb5\x01'.
ERROR:pyubx2.ubxreader:Unknown protocol header b'\xb5\x01'.
ERROR:pyubx2.ubxreader:Unknown protocol header b"\xb5'".
ERROR:pyubx2.ubxreader:Unknown protocol header b'$.'.
ERROR:pyubx2.ubxreader:Unknown protocol header b'$\xf7'.
ERROR:pyubx2.ubxreader:Unknown protocol header b'$\x17'.
ERROR:pyubx2.ubxreader:Unknown protocol header b'$7'.
ERROR:pyubx2.ubxreader:Unknown protocol header b'\xd3q'.
ERROR:pyubx2.ubxreader:Unknown protocol header b'$\x17'.
ERROR:pyubx2.ubxreader:Unknown protocol header b'$d'.
ERROR:pyubx2.ubxreader:Unknown protocol header b'$.'.
ERROR:pyubx2.ubxreader:Unknown protocol header b'\xb5\xad'.
ERROR:pyubx2.ubxreader:Unknown protocol header b'$\x05'.
ERROR:pyubx2.ubxreader:Unknown protocol header b'\xb5\xe8'.
ERROR:pyubx2.ubxreader:Unknown protocol header b'$\xd1'.
ERROR:pyubx2.ubxreader:Message checksum b'\x00\x00' invalid - should be b'/\xa0'
ERROR:pyubx2.ubxreader:Serial stream terminated unexpectedly. 30722 bytes requested, 15483 bytes returned.
ERROR:pyubx2.ubxreader:Message checksum b'\xb5b' invalid - should be b'j\xed'
ERROR:pyubx2.ubxreader:Unknown protocol header b'$~'.
ERROR:pyubx2.ubxreader:Unknown protocol header b'\xb5\x02'.
ERROR:pyubx2.ubxreader:Unknown protocol header b'$~'.
ERROR:pyubx2.ubxreader:Unknown protocol header b'\xb5\x02'.
ERROR:pyubx2.ubxreader:Unknown protocol header b'\xb5\x01'.
ERROR:pyubx2.ubxreader:Unknown protocol header b'\xb5\xf7'.
ERROR:pyubx2.ubxreader:Unknown protocol header b'\xb5\x01'.
ERROR:pyubx2.ubxreader:Unknown protocol header b'$$'.
ERROR:pyubx2.ubxreader:Unknown protocol header b'$\x00'.
ERROR:pyubx2.ubxreader:Unknown protocol header b'$\x00'.
ERROR:pyubx2.ubxreader:Unknown protocol header b'\xb5\x01'.
ERROR:pyubx2.ubxreader:Unknown protocol header b'$\x00'.
ERROR:pyubx2.ubxreader:Unknown protocol header b'$\x00'.
ERROR:pyubx2.ubxreader:Unknown protocol header b'\xb5\x01'.
ERROR:pyubx2.ubxreader:Unknown protocol header b'\xb5\x01'.
ERROR:pyubx2.ubxreader:Unknown protocol header b'$\xb5'.
ERROR:pyubx2.ubxreader:Unknown protocol header b'\xb5\xb5'.
ERROR:pyubx2.ubxreader:Unknown protocol header b'\xd3\xa1'.
ERROR:pyubx2.ubxreader:Unknown protocol header b'$u'.
ERROR:pyubx2.ubxreader:Unknown protocol header b'$u'.
ERROR:pyubx2.ubxreader:Unknown protocol header b'$$'.
ERROR:pyubx2.ubxreader:Unknown protocol header b'\xb5\xfb'.
ERROR:pyubx2.ubxreader:Message checksum b'A\x9c' invalid - should be b'\xf5H'
ERROR:pyubx2.ubxreader:Unknown protocol header b'\xb5\x02'.
ERROR:pyubx2.ubxreader:Unknown protocol header b'\xb5\x02'.
ERROR:pyubx2.ubxreader:Unknown protocol header b'\xb5\x02'.
ERROR:pyubx2.ubxreader:Unknown protocol header b'\xb5\x02'.
ERROR:pyubx2.ubxreader:Unknown protocol header b'\xb5\x02'.
ERROR:pyubx2.ubxreader:Unknown protocol header b'\xb5\x02'.
ERROR:pyubx2.ubxreader:Unknown protocol header b'$Q'.
ERROR:pyubx2.ubxreader:Unknown protocol header b'$Q'.
ERROR:pyubx2.ubxreader:Unknown protocol header b'\xb5\x01'.
ERROR:pyubx2.ubxreader:Unknown protocol header b'$,'.
ERROR:pyubx2.ubxreader:Unknown protocol header b'$\x00'.
ERROR:pyubx2.ubxreader:Message checksum b',2' invalid - should be b'\xe0\x10'
ERROR:pyubx2.ubxreader:Unknown protocol header b'$Q'.
ERROR:pyubx2.ubxreader:Unknown protocol header b'$Q'.
ERROR:pyubx2.ubxreader:Unknown protocol header b'\xb5\x01'.
ERROR:pyubx2.ubxreader:Unknown protocol header b'$\x05'.
ERROR:pyubx2.ubxreader:Unknown protocol header b'$\x00'.
ERROR:pyubx2.ubxreader:Unknown protocol header b'$\x07'.
ERROR:pyubx2.ubxreader:Unknown protocol header b'$\x00'.
ERROR:pyubx2.ubxreader:Message checksum b'\xc3[' invalid - should be b'\xe4_'
ERROR:pyubx2.ubxreader:Unknown protocol header b'\xb5\xff'.
ERROR:pyubx2.ubxreader:Unknown protocol header b"\xb5'".
ERROR:pyubx2.ubxreader:Unknown protocol header b"\xb5'".
ERROR:pyubx2.ubxreader:Unknown protocol header b'\xb5\x02'.
ERROR:pyubx2.ubxreader:Unknown protocol header b'$\x00'.
ERROR:pyubx2.ubxreader:Unknown protocol header b'\xd3/'.
ERROR:pyubx2.ubxreader:Unknown protocol header b'$<'.
ERROR:pyubx2.ubxreader:Unknown protocol header b'\xd3&'.
ERROR:pyubx2.ubxreader:Unknown protocol header b'\xb5\x02'.
ERROR:pyubx2.ubxreader:Message checksum b'5D' invalid - should be b'\xaf\t'
ERROR:pyubx2.ubxreader:Unknown protocol header b'$('.
ERROR:pyubx2.ubxreader:Unknown protocol header b'\xb55'.
ERROR:pyubx2.ubxreader:Unknown protocol header b'$\x00'.
ERROR:pyubx2.ubxreader:Unknown protocol header b'\xb5\x01'.
ERROR:pyubx2.ubxreader:Unknown protocol header b'$\x00'.
ERROR:pyubx2.ubxreader:Unknown protocol header b'\xb5\x01'.
ERROR:pyubx2.ubxreader:Unknown protocol header b'\xb5\x01'.
ERROR:pyubx2.ubxreader:Unknown protocol header b'$\x14'.
ERROR:pyubx2.ubxreader:Unknown protocol header b'\xb5\x01'.
ERROR:pyubx2.ubxreader:Unknown protocol header b'\xb5\x01'.
ERROR:pyubx2.ubxreader:Unknown protocol header b'\xb5\x01'.
ERROR:pyubx2.ubxreader:Unknown protocol header b'\xb5\x01'.
ERROR:pyubx2.ubxreader:Unknown protocol header b'\xb5\x01'.
ERROR:pyubx2.ubxreader:Unknown protocol header b'\xb5\x01'.
ERROR:pyubx2.ubxreader:Unknown protocol header b'\xb5\x01'.
ERROR:pyubx2.ubxreader:Unknown protocol header b'$\xd7'.
ERROR:pyubx2.ubxreader:Unknown protocol header b'\xd3q'.
ERROR:pyubx2.ubxreader:Unknown protocol header b'$\x17'.
ERROR:pyubx2.ubxreader:Unknown protocol header b'$\x17'.
ERROR:pyubx2.ubxreader:Unknown protocol header b'$d'.
ERROR:pyubx2.ubxreader:Unknown protocol header b'$\xd7'.
ERROR:pyubx2.ubxreader:Unknown protocol header b'$\xf7'.
ERROR:pyubx2.ubxreader:Unknown protocol header b'\xd3q'.
ERROR:pyubx2.ubxreader:Unknown protocol header b'$\x00'.
ERROR:pyubx2.ubxreader:Unknown protocol header b'$\x00'.
ERROR:pyubx2.ubxreader:Unknown protocol header b'$\x05'.
ERROR:pyubx2.ubxreader:Unknown protocol header b'$\x00'.
ERROR:pyubx2.ubxreader:Unknown protocol header b'$b'.
ERROR:pyubx2.ubxreader:Unknown protocol header b'$\x07'.
ERROR:pyubx2.ubxreader:Unknown protocol header b'\xb5\x01'.
ERROR:pyubx2.ubxreader:Unknown protocol header b'$\x1d'.
ERROR:pyubx2.ubxreader:Unknown protocol header b'$\xff'.
ERROR:pyubx2.ubxreader:Unknown protocol header b'\xb5\x00'.
ERROR:pyubx2.ubxreader:Unknown protocol header b"\xb5'".
ERROR:pyubx2.ubxreader:Unknown protocol header b'\xb5\x02'.
ERROR:pyubx2.ubxreader:Unknown protocol header b'\xd3\x8b'.
ERROR:pyubx2.ubxreader:Unknown protocol header b'$\x05'.
ERROR:pyubx2.ubxreader:Unknown protocol header b'\xd3+'.
ERROR:pyubx2.ubxreader:Unknown protocol header b'$y'.
ERROR:pyubx2.ubxreader:Unknown protocol header b'\xb5\x01'.
ERROR:pyubx2.ubxreader:Unknown protocol header b'\xb5\x01'.
ERROR:pyubx2.ubxreader:Unknown protocol header b'$\x00'.
ERROR:pyubx2.ubxreader:Unknown protocol header b'\xb5\x01'.
ERROR:pyubx2.ubxreader:Unknown protocol header b'$,'.
ERROR:pyubx2.ubxreader:Unknown protocol header b'$\x00'.
ERROR:pyubx2.ubxreader:Unknown protocol header b'\xb5\x01'.
ERROR:pyubx2.ubxreader:Unknown protocol header b'$\x05'.
ERROR:pyubx2.ubxreader:Unknown protocol header b'$\x00'.
ERROR:pyubx2.ubxreader:Unknown protocol header b'\xb5\x01'.
ERROR:pyubx2.ubxreader:Unknown protocol header b'$\x07'.
ERROR:pyubx2.ubxreader:Unknown protocol header b'\xb5\x01'.
ERROR:pyubx2.ubxreader:Unknown protocol header b'$\x14'.
ERROR:pyubx2.ubxreader:Unknown protocol header b'\xb5\x01'.
ERROR:pyubx2.ubxreader:Unknown protocol header b'\xb5\x01'.
ERROR:pyubx2.ubxreader:Unknown protocol header b'$\xe1'.
ERROR:pyubx2.ubxreader:Unknown protocol header b'$\x1a'.
ERROR:pyubx2.ubxreader:Unknown protocol header b'\xb5\x01'.
ERROR:pyubx2.ubxreader:Unknown protocol header b'\xb5\x01'.
ERROR:pyubx2.ubxreader:Unknown protocol header b'\xb5\x01'.
ERROR:pyubx2.ubxreader:Unknown protocol header b'\xb5\x01'.
ERROR:pyubx2.ubxreader:Unknown protocol header b'\xb5\x01'.
ERROR:pyubx2.ubxreader:Unknown protocol header b"\xb5'".
ERROR:pyubx2.ubxreader:Unknown protocol header b'$\xda'.
ERROR:pyubx2.ubxreader:Unknown protocol header b'$\xd7'.
ERROR:pyubx2.ubxreader:Unknown protocol header b'$u'.
ERROR:pyubx2.ubxreader:Unknown protocol header b'\xd3q'.
ERROR:pyubx2.ubxreader:Unknown protocol header b'$d'.
ERROR:pyubx2.ubxreader:Unknown protocol header b'\xd3q'.
ERROR:pyubx2.ubxreader:Unknown protocol header b'\xb5\x02'.
ERROR:pyubx2.ubxreader:Unknown protocol header b'\xd3\xaa'.
ERROR:pyubx2.ubxreader:Unknown protocol header b'\xb5\x02'.
ERROR:pyubx2.ubxreader:Unknown protocol header b'\xb5\x02'.
ERROR:pyubx2.ubxreader:Unknown protocol header b'\xb5\x02'.
ERROR:pyubx2.ubxreader:Unknown protocol header b'\xb5\x02'.
ERROR:pyubx2.ubxreader:Unknown protocol header b'$\x01'.
ERROR:pyubx2.ubxreader:Unknown protocol header b'$\x01'.
ERROR:pyubx2.ubxreader:Unknown protocol header b"\xb5'".
ERROR:pyubx2.ubxreader:Unknown protocol header b'\xb5\x02'.
ERROR:pyubx2.ubxreader:Unknown protocol header b'$\xc7'.
ERROR:pyubx2.ubxreader:Unknown protocol header b'$\x05'.
ERROR:pyubx2.ubxreader:Unknown protocol header b'$\xa2'.
ERROR:pyubx2.ubxreader:Unknown protocol header b'\xb5F'.
ERROR:pyubx2.ubxreader:Unknown protocol header b'$\x1d'.
ERROR:pyubx2.ubxreader:Unknown protocol header b'\xb5\x02'.
ERROR:pyubx2.ubxreader:Unknown protocol header b'$X'.
ERROR:pyubx2.ubxreader:Unknown protocol header b'\xb5\x01'.
ERROR:pyubx2.ubxreader:Unknown protocol header b'$\x07'.
ERROR:pyubx2.ubxreader:Unknown protocol header b'\xb5\x01'.
ERROR:pyubx2.ubxreader:Unknown protocol header b'$\x14'.
ERROR:pyubx2.ubxreader:Unknown protocol header b'\xb5\x01'.
ERROR:pyubx2.ubxreader:Unknown protocol header b'\xb5\xb5'.
ERROR:pyubx2.ubxreader:Unknown protocol header b'$.'.
ERROR:pyubx2.ubxreader:Unknown protocol header b'$\x00'.
ERROR:pyubx2.ubxreader:Unknown protocol header b'\xb5\x02'.
ERROR:pyubx2.ubxreader:Unknown protocol header b'$b'.
ERROR:pyubx2.ubxreader:Unknown protocol header b'\xb5\n'.
ERROR:pyubx2.ubxreader:Unknown protocol header b'\xb5\n'.
ERROR:pyubx2.ubxreader:Unknown protocol header b'\xb5\n'.
ERROR:pyubx2.ubxreader:Unknown protocol header b'\xb5\xb5'.
ERROR:pyubx2.ubxreader:Unknown protocol header b'\xb5\x02'.
ERROR:pyubx2.ubxreader:Unknown protocol header b'$\x01'.
ERROR:pyubx2.ubxreader:Unknown protocol header b"\xb5'".
ERROR:pyubx2.ubxreader:Unknown protocol header b'\xb5\x9c'.
ERROR:pyubx2.ubxreader:Unknown protocol header b'\xb5A'.
ERROR:pyubx2.ubxreader:Unknown protocol header b'\xd3\xb0'.
ERROR:pyubx2.ubxreader:Unknown protocol header b'$\xb1'.
ERROR:pyubx2.ubxreader:Unknown protocol header b'$\x84'.
ERROR:pyubx2.ubxreader:Unknown protocol header b'\xd3\xa8'.
ERROR:pyubx2.ubxreader:Unknown protocol header b'$\x00'.
ERROR:pyubx2.ubxreader:Unknown protocol header b'$"'.
ERROR:pyubx2.ubxreader:Unknown protocol header b'\xb5\x02'.
ERROR:pyubx2.ubxreader:Unknown protocol header b'\xb5\x02'.
ERROR:pyubx2.ubxreader:Unknown protocol header b'\xb5\x02'.
ERROR:pyubx2.ubxreader:Unknown protocol header b'\xb5\xaa'.
ERROR:pyubx2.ubxreader:Unknown protocol header b'\xb5\x02'.
ERROR:pyubx2.ubxreader:Unknown protocol header b'\xb5\x02'.
ERROR:pyubx2.ubxreader:Unknown protocol header b'\xb5\x02'.
ERROR:pyubx2.ubxreader:Unknown protocol header b'\xb5\xaa'.
ERROR:pyubx2.ubxreader:Unknown protocol header b'\xb5\x02'.
ERROR:pyubx2.ubxreader:Unknown protocol header b'$\x11'.
ERROR:pyubx2.ubxreader:Unknown protocol header b'$\x11'.
ERROR:pyubx2.ubxreader:Unknown protocol header b'\xb5\x02'.
ERROR:pyubx2.ubxreader:Unknown protocol header b'\xb5\x02'.
ERROR:pyubx2.ubxreader:Unknown protocol header b'\xb5\x02'.
ERROR:pyubx2.ubxreader:Unknown protocol header b'\xb5\x02'.
ERROR:pyubx2.ubxreader:Unknown protocol header b'\xb5\x02'.
ERROR:pyubx2.ubxreader:Unknown protocol header b'\xb5\x02'.
ERROR:pyubx2.ubxreader:Unknown protocol header b'\xb5\x02'.
ERROR:pyubx2.ubxreader:Unknown protocol header b'$Q'.
ERROR:pyubx2.ubxreader:Unknown protocol header b'$\x00'.
ERROR:pyubx2.ubxreader:Unknown protocol header b'$\x05'.
ERROR:pyubx2.ubxreader:Unknown protocol header b'\xb5\x01'.
ERROR:pyubx2.ubxreader:Unknown protocol header b'$\x00'.
ERROR:pyubx2.ubxreader:Unknown protocol header b'\xb5\x01'.
ERROR:pyubx2.ubxreader:Unknown protocol header b'\xb5\x01'.
ERROR:pyubx2.ubxreader:Unknown protocol header b'\xb5\x01'.
ERROR:pyubx2.ubxreader:Unknown protocol header b'\xb5\x01'.
ERROR:pyubx2.ubxreader:Unknown protocol header b'\xb5\x01'.
ERROR:pyubx2.ubxreader:Unknown protocol header b'$Q'.
ERROR:pyubx2.ubxreader:Unknown protocol header b'$Q'.
ERROR:pyubx2.ubxreader:Unknown protocol header b'\xb5\x01'.
ERROR:pyubx2.ubxreader:Unknown protocol header b'$,'.
ERROR:pyubx2.ubxreader:Unknown protocol header b'$\x00'.
ERROR:pyubx2.ubxreader:Unknown protocol header b'\xb5\xb5'.
ERROR:pyubx2.ubxreader:Unknown protocol header b'\xb5\xb5'.
ERROR:pyubx2.ubxreader:Unknown protocol header b'\xb5\xb5'.
ERROR:pyubx2.ubxreader:Unknown protocol header b'\xb5\x00'.
device reports readiness to read but returned no data (device disconnected or multiple access on port?)
Error in get ublox data thread: device reports readiness to read but returned no data (device disconnected or multiple access on port?)
Error in get ublox data thread: device reports readiness to read but returned no data (device disconnected or multiple access on port?)
Error in get ublox data thread: device reports readiness to read but returned no data (device disconnected or multiple access on port?)
Error in get ublox data thread: device reports readiness to read but returned no data (device disconnected or multiple access on port?)
Error in get ublox data thread: device reports readiness to read but returned no data (device disconnected or multiple access on port?)
Error in get ublox data thread: device reports readiness to read but returned no data (device disconnected or multiple access on port?)
Error in get ublox data thread: device reports readiness to read but returned no data (device disconnected or multiple access on port?)
Error in get ublox data thread: device reports readiness to read but returned no data (device disconnected or multiple access on port?)
Error in get ublox data thread: device reports readiness to read but returned no data (device disconnected or multiple access on port?)
Error in get ublox data thread: device reports readiness to read but returned no data (device disconnected or multiple access on port?)
Error in get ublox data thread: device reports readiness to read but returned no data (device disconnected or multiple access on port?)
Error in get ublox data thread: device reports readiness to read but returned no data (device disconnected or multiple access on port?)
Error in get ublox data thread: device reports readiness to read but returned no data (device disconnected or multiple access on port?)
Error in get ublox data thread: device reports readiness to read but returned no data (device disconnected or multiple access on port?)
Error in get ublox data thread: device reports readiness to read but returned no data (device disconnected or multiple access on port?)
Error in get ublox data thread: device reports readiness to read but returned no data (device disconnected or multiple access on port?)
Error in get ublox data thread: device reports readiness to read but returned no data (device disconnected or multiple access on port?)
Error in get ublox data thread: device reports readiness to read but returned no data (device disconnected or multiple access on port?)
Error in get ublox data thread: device reports readiness to read but returned no data (device disconnected or multiple access on port?)
Error in get ublox data thread: device reports readiness to read but returned no data (device disconnected or multiple access on port?)
Error in get ublox data thread: device reports readiness to read but returned no data (device disconnected or multiple access on port?)
Error in get ublox data thread: device reports readiness to read but returned no data (device disconnected or multiple access on port?)
Error in get ublox data thread: device reports readiness to read but returned no data (device disconnected or multiple access on port?)
Error in get ublox data thread: device reports readiness to read but returned no data (device disconnected or multiple access on port?)
Error in get ublox data thread: device reports readiness to read but returned no data (device disconnected or multiple access on port?)
Error in get ublox data thread: device reports readiness to read but returned no data (device disconnected or multiple access on port?)
Error in get ublox data thread: device reports readiness to read but returned no data (device disconnected or multiple access on port?)
Error in get ublox data thread: device reports readiness to read but returned no data (device disconnected or multiple access on port?)
Error in get ublox data thread: device reports readiness to read but returned no data (device disconnected or multiple access on port?)
Error in get ublox data thread: device reports readiness to read but returned no data (device disconnected or multiple access on port?)
Error in get ublox data thread: device reports readiness to read but returned no data (device disconnected or multiple access on port?)
Error in get ublox data thread: device reports readiness to read but returned no data (device disconnected or multiple access on port?)
Error in get ublox data thread: device reports readiness to read but returned no data (device disconnected or multiple access on port?)
Error in get ublox data thread: device reports readiness to read but returned no data (device disconnected or multiple access on port?)
Error in get ublox data thread: device reports readiness to read but returned no data (device disconnected or multiple access on port?)
Error in get ublox data thread: device reports readiness to read but returned no data (device disconnected or multiple access on port?)
Error in get ublox data thread: device reports readiness to read but returned no data (device disconnected or multiple access on port?)
Error in get ublox data thread: device reports readiness to read but returned no data (device disconnected or multiple access on port?)
Error in get ublox data thread: device reports readiness to read but returned no data (device disconnected or multiple access on port?)
Error in get ublox data thread: device reports readiness to read but returned no data (device disconnected or multiple access on port?)
Error in get ublox data thread: device reports readiness to read but returned no data (device disconnected or multiple access on port?)
Error in get ublox data thread: device reports readiness to read but returned no data (device disconnected or multiple access on port?)
Error in get ublox data thread: device reports readiness to read but returned no data (device disconnected or multiple access on port?)
Error in get ublox data thread: device reports readiness to read but returned no data (device disconnected or multiple access on port?)
Error in get ublox data thread: device reports readiness to read but returned no data (device disconnected or multiple access on port?)
Error in get ublox data thread: device reports readiness to read but returned no data (device disconnected or multiple access on port?)
Error in get ublox data thread: device reports readiness to read but returned no data (device disconnected or multiple access on port?)
Error in get ublox data thread: device reports readiness to read but returned no data (device disconnected or multiple access on port?)
Error in get ublox data thread: device reports readiness to read but returned no data (device disconnected or multiple access on port?)
Error in get ublox data thread: device reports readiness to read but returned no data (device disconnected or multiple access on port?)
Error in get ublox data thread: device reports readiness to read but returned no data (device disconnected or multiple access on port?)
Error in get ublox data thread: device reports readiness to read but returned no data (device disconnected or multiple access on port?)
Error in get ublox data thread: device reports readiness to read but returned no data (device disconnected or multiple access on port?)
Error in get ublox data thread: device reports readiness to read but returned no data (device disconnected or multiple access on port?)
Error in get ublox data thread: device reports readiness to read but returned no data (device disconnected or multiple access on port?)
Error in get ublox data thread: device reports readiness to read but returned no data (device disconnected or multiple access on port?)
Error in get ublox data thread: device reports readiness to read but returned no data (device disconnected or multiple access on port?)
Error in get ublox data thread: device reports readiness to read but returned no data (device disconnected or multiple access on port?)
Error in get ublox data thread: device reports readiness to read but returned no data (device disconnected or multiple access on port?)
Error in get ublox data thread: ERROR:pyubx2.ubxreader:Unknown protocol header b'$\xdd'.
ERROR:pyubx2.ubxreader:Unknown protocol header b'\xb5\xb5'.
ERROR:pyubx2.ubxreader:Unknown protocol header b'\xb5\xb5'.
ERROR:pyubx2.ubxreader:Unknown protocol header b'\xb5\r'.
ERROR:pyubx2.ubxreader:Unknown protocol header b'\xb5\n'.
ERROR:pyubx2.ubxreader:Unknown protocol header b'\xb5\n'.
ERROR:pyubx2.ubxreader:Unknown protocol header b'\xb5\n'.
ERROR:pyubx2.ubxreader:Unknown protocol header b'$b'.
ERROR:pyubx2.ubxreader:Unknown protocol header b'\xb5\n'.
ERROR:pyubx2.ubxreader:Unknown protocol header b'\xb5\n'.
ERROR:pyubx2.ubxreader:Unknown protocol header b'$\x02'.
ERROR:pyubx2.ubxreader:Unknown protocol header b'$\x01'.
ERROR:pyubx2.ubxreader:Unknown protocol header b'\xb5r'.
ERROR:pyubx2.ubxreader:Unknown protocol header b'$\x00'.
ERROR:pyubx2.ubxreader:Unknown protocol header b'\xd3\x0e'.
ERROR:pyubx2.ubxreader:Unknown protocol header b"\xb5'".
ERROR:pyubx2.ubxreader:Unknown protocol header b"\xb5'".
ERROR:pyubx2.ubxreader:Unknown protocol header b'\xb5\x02'.
ERROR:pyubx2.ubxreader:Unknown protocol header b'\xd3\x88'.
ERROR:pyubx2.ubxreader:Unknown protocol header b'\xd3\x82'.
ERROR:pyubx2.ubxreader:Unknown protocol header b'$\x05'.
ERROR:pyubx2.ubxreader:Unknown protocol header b'\xb5y'.
ERROR:pyubx2.ubxreader:Unknown protocol header b'$\x02'.
ERROR:pyubx2.ubxreader:Unknown protocol header b'\xd3\x92'.
ERROR:pyubx2.ubxreader:Unknown protocol header b'$\xc5'.
ERROR:pyubx2.ubxreader:Unknown protocol header b'\xb5\x01'.
ERROR:pyubx2.ubxreader:Unknown protocol header b'\xb5\x01'.
ERROR:pyubx2.ubxreader:Unknown protocol header b'$\x00'.
ERROR:pyubx2.ubxreader:Unknown protocol header b'$\x00'.
ERROR:pyubx2.ubxreader:Unknown protocol header b'\xb5\x01'.
ERROR:pyubx2.ubxreader:Unknown protocol header b'$\x05'.
ERROR:pyubx2.ubxreader:Unknown protocol header b'$\x00'.
ERROR:pyubx2.ubxreader:Unknown protocol header b'\xb5\x01'.
ERROR:pyubx2.ubxreader:Unknown protocol header b'$\x00'.
ERROR:pyubx2.ubxreader:Unknown protocol header b'\xb5\x01'.
ERROR:pyubx2.ubxreader:Unknown protocol header b'\xb5\x01'.
ERROR:pyubx2.ubxreader:Unknown protocol header b'\xb5\x01'.
ERROR:pyubx2.ubxreader:Unknown protocol header b'$\x14'.
ERROR:pyubx2.ubxreader:Unknown protocol header b'\xb5\x01'.
ERROR:pyubx2.ubxreader:Unknown protocol header b'\xb5\x01'.
ERROR:pyubx2.ubxreader:Unknown protocol header b'\xb5\x01'.
ERROR:pyubx2.ubxreader:Unknown protocol header b'\xb5\x01'.
ERROR:pyubx2.ubxreader:Unknown protocol header b'\xb5\x01'.
ERROR:pyubx2.ubxreader:Unknown protocol header b'\xb5\x01'.
ERROR:pyubx2.ubxreader:Unknown protocol header b'\xb5\x01'.
ERROR:pyubx2.ubxreader:Unknown protocol header b'\xb5\x01'.
ERROR:pyubx2.ubxreader:Unknown protocol header b'\xb5\x01'.
ERROR:pyubx2.ubxreader:Unknown protocol header b'\xb5\x01'.
ERROR:pyubx2.ubxreader:Unknown protocol header b'\xb5\x01'.
ERROR:pyubx2.ubxreader:Unknown protocol header b"\xb5'".
ERROR:pyubx2.ubxreader:Unknown protocol header b'$\xd7'.
ERROR:pyubx2.ubxreader:Unknown protocol header b'\xd3q'.
ERROR:pyubx2.ubxreader:Unknown protocol header b'$\xf7'.
ERROR:pyubx2.ubxreader:Unknown protocol header b'$\x17'.
ERROR:pyubx2.ubxreader:Unknown protocol header b'$7'.
ERROR:pyubx2.ubxreader:Unknown protocol header b'\xd3q'.
ERROR:pyubx2.ubxreader:Unknown protocol header b'$\x17'.
ERROR:pyubx2.ubxreader:Unknown protocol header b'\xd3W'.
ERROR:pyubx2.ubxreader:Unknown protocol header b'$\x99'.
ERROR:pyubx2.ubxreader:Unknown protocol header b'$\xff'.
ERROR:pyubx2.ubxreader:Unknown protocol header b'$\xf7'.
ERROR:pyubx2.ubxreader:Unknown protocol header b'\xd3u'.
ERROR:pyubx2.ubxreader:Unknown protocol header b'$\x17'.
ERROR:pyubx2.ubxreader:Message checksum b'\x00\x00' invalid - should be b'\x17\xf3'
ERROR:pyubx2.ubxreader:Unknown protocol header b'\xb5\n'.
ERROR:pyubx2.ubxreader:Unknown protocol header b'\xb5\n'.
ERROR:pyubx2.ubxreader:Unknown protocol header b'\xb5\n'.
ERROR:pyubx2.ubxreader:Unknown protocol header b'\xb5\n'.
ERROR:pyubx2.ubxreader:Unknown protocol header b'\xb5\n'.
ERROR:pyubx2.ubxreader:Unknown protocol header b'$\x1e'.
ERROR:pyubx2.ubxreader:Unknown protocol header b'\xb5\xff'.
ERROR:pyubx2.ubxreader:Unknown protocol header b'\xd3\xe3'.
ERROR:pyubx2.ubxreader:Unknown protocol header b'$\x00'.
ERROR:pyubx2.ubxreader:Unknown protocol header b'\xd3\xc2'.
ERROR:pyubx2.ubxreader:Unknown protocol header b"\xb5'".
ERROR:pyubx2.ubxreader:Unknown protocol header b'\xb5\x02'.
ERROR:pyubx2.ubxreader:Unknown protocol header b'\xd3v'.
ERROR:pyubx2.ubxreader:Unknown protocol header b'\xb5W'.
ERROR:pyubx2.ubxreader:Unknown protocol header b'\xb5D'.
ERROR:pyubx2.ubxreader:Unknown protocol header b'$\x04'.
ERROR:pyubx2.ubxreader:Unknown protocol header b'\xb5\x1b'.
ERROR:pyubx2.ubxreader:Unknown protocol header b'\xb5\x02'.
ERROR:pyubx2.ubxreader:Unknown protocol header b'\xb5\x02'.
ERROR:pyubx2.ubxreader:Unknown protocol header b'\xb5\x1b'.
ERROR:pyubx2.ubxreader:Unknown protocol header b'\xb5\xb5'.
ERROR:pyubx2.ubxreader:Unknown protocol header b'\xb5\x1b'.
ERROR:pyubx2.ubxreader:Unknown protocol header b'\xb5\x02'.
ERROR:pyubx2.ubxreader:Unknown protocol header b'\xb5\x02'.
ERROR:pyubx2.ubxreader:Unknown protocol header b'\xb5\x02'.
ERROR:pyubx2.ubxreader:Unknown protocol header b'\xb5\x02'.
ERROR:pyubx2.ubxreader:Unknown protocol header b'\xb5\x02'.
ERROR:pyubx2.ubxreader:Unknown protocol header b'\xb5\x02'.
ERROR:pyubx2.ubxreader:Unknown protocol header b'\xb5\x02'.
ERROR:pyubx2.ubxreader:Unknown protocol header b'\xb5\x02'.
ERROR:pyubx2.ubxreader:Unknown protocol header b'\xb5\x02'.
ERROR:pyubx2.ubxreader:Unknown protocol header b'\xb5\x02'.
ERROR:pyubx2.ubxreader:Unknown protocol header b'\xb5\x02'.
ERROR:pyubx2.ubxreader:Unknown protocol header b'\xb5\x02'.
ERROR:pyubx2.ubxreader:Message checksum b'M,' invalid - should be b'\xf1k'
ERROR:pyubx2.ubxreader:Unknown protocol header b'$$'.
ERROR:pyubx2.ubxreader:Unknown protocol header b'$Q'.
ERROR:pyubx2.ubxreader:Unknown protocol header b'$\xfb'.
ERROR:pyubx2.ubxreader:Unknown protocol header b'$X'.
ERROR:pyubx2.ubxreader:Unknown protocol header b'$\x00'.
ERROR:pyubx2.ubxreader:Unknown protocol header b'\xb5\x01'.
ERROR:pyubx2.ubxreader:Unknown protocol header b'$\x14'.
ERROR:pyubx2.ubxreader:Unknown protocol header b'\xb5\x01'.
ERROR:pyubx2.ubxreader:Unknown protocol header b'\xb5\x01'.
ERROR:pyubx2.ubxreader:Unknown protocol header b'\xb5\x01'.
ERROR:pyubx2.ubxreader:Unknown protocol header b'\xb5\x01'.
ERROR:pyubx2.ubxreader:Unknown protocol header b'\xb5\xb5'.
ERROR:pyubx2.ubxreader:Unknown protocol header b'\xb5\x01'.
ERROR:pyubx2.ubxreader:Unknown protocol header b'\xb5\x01'.
ERROR:pyubx2.ubxreader:Unknown protocol header b'\xb5\x01'.
ERROR:pyubx2.ubxreader:Unknown protocol header b'\xb5\x01'.
ERROR:pyubx2.ubxreader:Unknown protocol header b"\xb5'".
ERROR:pyubx2.ubxreader:Unknown protocol header b'$\xd7'.
ERROR:pyubx2.ubxreader:Unknown protocol header b'$u'.
ERROR:pyubx2.ubxreader:Unknown protocol header b'$\xff'.
ERROR:pyubx2.ubxreader:Unknown protocol header b'$d'.
ERROR:pyubx2.ubxreader:Unknown protocol header b'$.'.
ERROR:pyubx2.ubxreader:Unknown protocol header b'$\x17'.
ERROR:pyubx2.ubxreader:Unknown protocol header b'$\xd7'.
ERROR:pyubx2.ubxreader:Unknown protocol header b'\xd3e'.
ERROR:pyubx2.ubxreader:Unknown protocol header b'$\xf7'.
ERROR:pyubx2.ubxreader:Unknown protocol header b'\xd3q'.
ERROR:pyubx2.ubxreader:Unknown protocol header b'$.'.
ERROR:pyubx2.ubxreader:Unknown protocol header b'\xb5\r'.
ERROR:pyubx2.ubxreader:Unknown protocol header b'\xb5\n'.
ERROR:pyubx2.ubxreader:Unknown protocol header b'\xb5\n'.
ERROR:pyubx2.ubxreader:Unknown protocol header b'\xb5\x04'.
ERROR:pyubx2.ubxreader:Unknown protocol header b'$\x1c'.
ERROR:pyubx2.ubxreader:Unknown protocol header b'\xb5\x00'.
ERROR:pyubx2.ubxreader:Unknown protocol header b'$\x00'.
ERROR:pyubx2.ubxreader:Unknown protocol header b'\xb5\x00'.
ERROR:pyubx2.ubxreader:Unknown protocol header b'\xb5\x00'.
ERROR:pyubx2.ubxreader:Unknown protocol header b'\xb5\x00'.
ERROR:pyubx2.ubxreader:Unknown protocol header b'$,'.
ERROR:pyubx2.ubxreader:Unknown protocol header b'$,'.
ERROR:pyubx2.ubxreader:Unknown protocol header b'\xb5\x03'.
ERROR:pyubx2.ubxreader:Unknown protocol header b'$\x00'.
ERROR:pyubx2.ubxreader:Unknown protocol header b'$\x03'.
ERROR:pyubx2.ubxreader:Unknown protocol header b'$\r'.
ERROR:pyubx2.ubxreader:Unknown protocol header b'$\x02'.
ERROR:pyubx2.ubxreader:Unknown protocol header b'\xb5\x02'.
ERROR:pyubx2.ubxreader:Unknown protocol header b'\xb5\x02'.
ERROR:pyubx2.ubxreader:Unknown protocol header b'\xb5\n'.
ERROR:pyubx2.ubxreader:Unknown protocol header b'\xb5\xb5'.
ERROR:pyubx2.ubxreader:Unknown protocol header b'\xb5\xb5'.
ERROR:pyubx2.ubxreader:Unknown protocol header b'\xb5\xb5'.
ERROR:pyubx2.ubxreader:Unknown protocol header b'\xb5\xb5'.
ERROR:pyubx2.ubxreader:Unknown protocol header b'\xb5\xb5'.
ERROR:pyubx2.ubxreader:Unknown protocol header b'\xb5\xb5'.
ERROR:pyubx2.ubxreader:Unknown protocol header b'\xb5\n'.
ERROR:pyubx2.ubxreader:Unknown protocol header b'\xb5\n'.
ERROR:pyubx2.ubxreader:Unknown protocol header b'\xb5\n'.
ERROR:pyubx2.ubxreader:Unknown protocol header b'\xb5\n'.
ERROR:pyubx2.ubxreader:Unknown protocol header b'\xb5\n'.
ERROR:pyubx2.ubxreader:Unknown protocol header b'\xb5\n'.
ERROR:pyubx2.ubxreader:Unknown protocol header b'$\x02'.
ERROR:pyubx2.ubxreader:Unknown protocol header b'$\x00'.
ERROR:pyubx2.ubxreader:Unknown protocol header b'$X'.
ERROR:pyubx2.ubxreader:Unknown protocol header b'\xb5\x01'.
ERROR:pyubx2.ubxreader:Unknown protocol header b'$\x00'.
ERROR:pyubx2.ubxreader:Unknown protocol header b'\xb5\x01'.
ERROR:pyubx2.ubxreader:Unknown protocol header b'$\x00'.
ERROR:pyubx2.ubxreader:Unknown protocol header b'\xd3\xfa'.
ERROR:pyubx2.ubxreader:Unknown protocol header b'\xb5\x01'.
ERROR:pyubx2.ubxreader:Unknown protocol header b'\xb5\x01'.
ERROR:pyubx2.ubxreader:Unknown protocol header b'\xd3\xa5'.
ERROR:pyubx2.ubxreader:Unknown protocol header b'\xb5\x01'.
ERROR:pyubx2.ubxreader:Unknown protocol header b'\xb5\x01'.
ERROR:pyubx2.ubxreader:Unknown protocol header b'\xb5\x01'.
ERROR:pyubx2.ubxreader:Unknown protocol header b'\xb5\x01'.
ERROR:pyubx2.ubxreader:Unknown protocol header b'$.'.
ERROR:pyubx2.ubxreader:Unknown protocol header b'$7'.
ERROR:pyubx2.ubxreader:Unknown protocol header b'$.'.
ERROR:pyubx2.ubxreader:Unknown protocol header b'$.'.
ERROR:pyubx2.ubxreader:Unknown protocol header b'$.'.
ERROR:pyubx2.ubxreader:Unknown protocol header b'$\xf7'.
ERROR:pyubx2.ubxreader:Unknown protocol header b'\xd3q'.
ERROR:pyubx2.ubxreader:Unknown protocol header b'\xd3q'.
ERROR:pyubx2.ubxreader:Unknown protocol header b'$\x00'.
ERROR:pyubx2.ubxreader:Unknown protocol header b'\xb5\x02'.
ERROR:pyubx2.ubxreader:Unknown protocol header b'\xb5\x02'.
ERROR:pyubx2.ubxreader:Unknown protocol header b'\xb5\x02'.
ERROR:pyubx2.ubxreader:Unknown protocol header b'\xb5\n'.
ERROR:pyubx2.ubxreader:Unknown protocol header b'\xb5\n'.
ERROR:pyubx2.ubxreader:Unknown protocol header b'\xb5\x90'.
ERROR:pyubx2.ubxreader:Unknown protocol header b'\xb5\xa4'.
ERROR:pyubx2.ubxreader:Unknown protocol header b"\xd3'".
ERROR:pyubx2.ubxreader:Unknown protocol header b'\xb5\xda'.
ERROR:pyubx2.ubxreader:Unknown protocol header b'$\x00'.
ERROR:pyubx2.ubxreader:Unknown protocol header b'\xb5\xc2'.
ERROR:pyubx2.ubxreader:Unknown protocol header b'$7'.
ERROR:pyubx2.ubxreader:Unknown protocol header b'\xb5\xc4'.
ERROR:pyubx2.ubxreader:Unknown protocol header b'\xb5\xf4'.
ERROR:pyubx2.ubxreader:Unknown protocol header b'\xb5\x02'.
ERROR:pyubx2.ubxreader:Unknown protocol header b'\xb5\x02'.
ERROR:pyubx2.ubxreader:Unknown protocol header b'\xb5\x02'.
ERROR:pyubx2.ubxreader:Unknown protocol header b'\xb5\x02'.
ERROR:pyubx2.ubxreader:Unknown protocol header b'\xb5\x02'.
ERROR:pyubx2.ubxreader:Unknown protocol header b'$b'.
ERROR:pyubx2.ubxreader:Unknown protocol header b'\xb5\x02'.
ERROR:pyubx2.ubxreader:Unknown protocol header b'\xb5\x02'.
ERROR:pyubx2.ubxreader:Unknown protocol header b'\xb5\x02'.
ERROR:pyubx2.ubxreader:Unknown protocol header b'\xb5\x02'.
ERROR:pyubx2.ubxreader:Unknown protocol header b'$\xb5'.
ERROR:pyubx2.ubxreader:Unknown protocol header b'$Q'.
ERROR:pyubx2.ubxreader:Unknown protocol header b'$.'.
ERROR:pyubx2.ubxreader:Unknown protocol header b'$\x05'.
ERROR:pyubx2.ubxreader:Unknown protocol header b'$\x01'.
ERROR:pyubx2.ubxreader:Unknown protocol header b'$\x00'.
ERROR:pyubx2.ubxreader:Unknown protocol header b'\xb5\n'.
ERROR:pyubx2.ubxreader:Unknown protocol header b'\xd3b'.
ERROR:pyubx2.ubxreader:Unknown protocol header b'\xb5\n'.
ERROR:pyubx2.ubxreader:Unknown protocol header b'\xb5\n'.
ERROR:pyubx2.ubxreader:Unknown protocol header b'\xb5\n'.
ERROR:pyubx2.ubxreader:Unknown protocol header b'\xb5\n'.
ERROR:pyubx2.ubxreader:Unknown protocol header b'\xb5\n'.
ERROR:pyubx2.ubxreader:Unknown protocol header b'$\x02'.
ERROR:pyubx2.ubxreader:Unknown protocol header b'\xb5\x05'.
ERROR:pyubx2.ubxreader:Unknown protocol header b'$\x05'.
ERROR:pyubx2.ubxreader:Unknown protocol header b'\xb5\x01'.
ERROR:pyubx2.ubxreader:Unknown protocol header b'$\x1e'.
